-- MySQL dump 10.13  Distrib 8.0.44, for Win64 (x86_64)
--
-- Host: localhost    Database: inventory_ins
-- ------------------------------------------------------
-- Server version	8.0.44

/*!40101 SET @OLD_CHARACTER_SET_CLIENT=@@CHARACTER_SET_CLIENT */;
/*!40101 SET @OLD_CHARACTER_SET_RESULTS=@@CHARACTER_SET_RESULTS */;
/*!40101 SET @OLD_COLLATION_CONNECTION=@@COLLATION_CONNECTION */;
/*!50503 SET NAMES utf8mb4 */;
/*!40103 SET @OLD_TIME_ZONE=@@TIME_ZONE */;
/*!40103 SET TIME_ZONE='+00:00' */;
/*!40014 SET @OLD_UNIQUE_CHECKS=@@UNIQUE_CHECKS, UNIQUE_CHECKS=0 */;
/*!40014 SET @OLD_FOREIGN_KEY_CHECKS=@@FOREIGN_KEY_CHECKS, FOREIGN_KEY_CHECKS=0 */;
/*!40101 SET @OLD_SQL_MODE=@@SQL_MODE, SQL_MODE='NO_AUTO_VALUE_ON_ZERO' */;
/*!40111 SET @OLD_SQL_NOTES=@@SQL_NOTES, SQL_NOTES=0 */;

--
-- Table structure for table `approval`
--

DROP TABLE IF EXISTS `approval`;
/*!40101 SET @saved_cs_client     = @@character_set_client */;
/*!50503 SET character_set_client = utf8mb4 */;
CREATE TABLE `approval` (
  `id` int NOT NULL AUTO_INCREMENT,
  `tools_id` int DEFAULT NULL,
  `spares_id` int DEFAULT NULL,
  `created_by` int NOT NULL,
  `action_by` int DEFAULT NULL,
  `field_name` varchar(255) NOT NULL,
  `old_value` text NOT NULL,
  `new_value` text NOT NULL,
  `status` enum('pending','approved','rejected') NOT NULL DEFAULT 'pending',
  `created_at` datetime DEFAULT CURRENT_TIMESTAMP,
  `action_at` datetime DEFAULT NULL,
  PRIMARY KEY (`id`),
  KEY `tools_id` (`tools_id`),
  KEY `spares_id` (`spares_id`),
  KEY `created_by` (`created_by`),
  KEY `action_by` (`action_by`),
  CONSTRAINT `approval_ibfk_1` FOREIGN KEY (`tools_id`) REFERENCES `tools` (`id`) ON DELETE SET NULL,
  CONSTRAINT `approval_ibfk_2` FOREIGN KEY (`spares_id`) REFERENCES `spares` (`id`) ON DELETE SET NULL,
  CONSTRAINT `approval_ibfk_3` FOREIGN KEY (`created_by`) REFERENCES `users` (`id`) ON DELETE CASCADE,
  CONSTRAINT `approval_ibfk_4` FOREIGN KEY (`action_by`) REFERENCES `users` (`id`) ON DELETE SET NULL
) ENGINE=InnoDB AUTO_INCREMENT=139 DEFAULT CHARSET=utf8mb4 COLLATE=utf8mb4_0900_ai_ci;
/*!40101 SET character_set_client = @saved_cs_client */;

--
-- Dumping data for table `approval`
--

LOCK TABLES `approval` WRITE;
/*!40000 ALTER TABLE `approval` DISABLE KEYS */;
INSERT INTO `approval` VALUES (1,NULL,2,2,1,'obs_authorised','22','27','rejected','2026-01-15 17:59:40','2026-01-16 11:52:09'),(2,NULL,5,2,2,'obs_authorised','9','10','rejected','2026-01-15 18:05:31','2026-01-15 22:45:59'),(3,NULL,2,2,1,'obs_authorised','27','10','rejected','2026-01-15 22:50:58','2026-01-15 23:05:32'),(5,NULL,2,2,1,'obs_authorised','27','25','approved','2026-01-16 07:53:54','2026-01-16 08:34:08'),(6,NULL,6,2,1,'obs_authorised','9','12','rejected','2026-01-16 08:27:49','2026-01-16 08:33:36'),(7,NULL,6,2,1,'obs_authorised','9','10','approved','2026-01-16 08:34:37','2026-01-16 11:49:27'),(9,NULL,8,2,1,'obs_authorised','9','10','approved','2026-01-16 11:51:08','2026-01-16 11:56:02'),(11,NULL,NULL,2,1,'obs_authorised','18','20','approved','2026-01-16 12:11:16','2026-01-17 11:57:29'),(12,NULL,4,2,1,'obs_authorised','15','20','rejected','2026-01-16 12:11:32','2026-01-17 11:57:26'),(13,NULL,NULL,2,1,'obs_authorised','28','30','approved','2026-01-16 15:08:18','2026-01-19 11:30:20'),(14,NULL,2,2,1,'obs_authorised','25','30','approved','2026-01-17 11:55:00','2026-01-17 22:09:42'),(15,NULL,2,2,1,'obs_authorised','30','35','approved','2026-01-17 22:10:19','2026-01-18 06:29:58'),(16,NULL,2,2,1,'obs_authorised','35','40','approved','2026-01-18 06:31:17','2026-01-19 11:15:25'),(17,2,NULL,2,1,'obs_authorised','30','40','approved','2026-01-18 07:35:19','2026-01-19 11:15:11'),(18,NULL,NULL,2,1,'obs_authorised','30','35','rejected','2026-01-19 11:31:30','2026-02-14 07:53:09'),(19,2,NULL,2,1,'obs_authorised','40','45','approved','2026-01-19 11:48:29','2026-02-28 13:43:47'),(20,NULL,2,2,1,'obs_authorised','40','45','approved','2026-01-19 11:56:42','2026-01-21 08:07:31'),(21,NULL,2,2,1,'obs_authorised','45','55','rejected','2026-01-21 08:39:16','2026-01-30 13:14:01'),(22,NULL,4,2,1,'obs_authorised','15','25','approved','2026-01-21 22:53:56','2026-01-30 13:13:57'),(23,NULL,NULL,2,1,'obs_authorised','20','5','rejected','2026-01-22 10:55:57','2026-01-30 12:55:16'),(24,NULL,2,2,1,'obs_authorised','45','50','rejected','2026-01-31 14:40:02','2026-02-28 13:43:42'),(25,NULL,3,2,1,'obs_authorised','9','17','approved','2026-01-31 17:39:20','2026-01-31 17:39:49'),(26,NULL,15,2,1,'obs_authorised','0','50','approved','2026-02-03 23:53:01','2026-02-03 23:54:01'),(27,NULL,23,2,1,'obs_authorised','50','55','approved','2026-02-04 18:17:18','2026-02-28 13:43:44'),(28,8,NULL,2,1,'obs_authorised','10','25','rejected','2026-02-20 11:07:37','2026-02-28 13:43:51'),(29,NULL,46,2,1,'obs_authorised','45','40','rejected','2026-02-24 13:50:46','2026-02-28 13:43:36'),(30,11,NULL,2,1,'obs_authorised','80','85','approved','2026-02-24 16:47:42','2026-02-28 13:40:28'),(31,5,NULL,2,1,'obs_authorised','40','30','rejected','2026-02-24 16:48:27','2026-02-28 13:43:28'),(32,NULL,NULL,2,1,'obs_authorised','30','35','rejected','2026-02-24 18:40:36','2026-02-28 13:43:32'),(33,NULL,54,2,1,'obs_authorised','30','35','approved','2026-02-28 10:55:49','2026-02-28 13:43:38'),(38,NULL,27,2,1,'obs_authorised','20','25','rejected','2026-02-28 16:56:14','2026-02-28 17:05:58'),(39,27,NULL,2,4,'obs_authorised','30','35','approved','2026-02-28 17:14:47','2026-03-24 18:05:29'),(40,26,NULL,4,4,'obs_authorised','30','38','approved','2026-02-28 17:20:28','2026-03-24 18:05:31'),(41,NULL,64,4,4,'obs_authorised','10','15','approved','2026-02-28 17:26:44','2026-03-05 13:11:57'),(43,NULL,65,10,4,'obs_authorised','30','35','approved','2026-03-04 00:08:31','2026-03-24 18:05:33'),(44,NULL,27,2,4,'obs_authorised','25','30','approved','2026-03-04 08:17:36','2026-03-24 18:05:35'),(45,NULL,62,4,4,'obs_authorised','30','35','approved','2026-03-10 13:03:50','2026-03-24 18:05:37'),(46,NULL,54,4,4,'obs_authorised','35','33','approved','2026-03-12 09:06:01','2026-03-12 10:34:20'),(47,NULL,54,4,4,'obs_authorised','33','31','approved','2026-03-12 10:34:41','2026-03-24 18:05:39'),(48,NULL,NULL,4,4,'obs_authorised','50','52','rejected','2026-03-12 10:44:48','2026-03-24 18:05:21'),(49,5,NULL,4,4,'obs_authorised','40','28','approved','2026-03-12 10:48:33','2026-03-24 18:05:24'),(50,38,NULL,4,4,'obs_authorised','null','80','approved','2026-03-21 09:37:21','2026-03-24 18:05:41'),(51,NULL,10,4,4,'obs_authorised','100','102','approved','2026-03-24 15:34:45','2026-03-24 18:05:47'),(52,NULL,14,4,4,'obs_authorised','40','45','approved','2026-03-24 15:36:51','2026-03-24 18:05:44'),(53,11,NULL,4,4,'obs_authorised','85','90','approved','2026-03-24 18:00:13','2026-03-24 18:05:27'),(54,NULL,46,4,4,'obs_authorised','94','99','rejected','2026-03-24 18:06:28','2026-03-24 18:15:19'),(55,NULL,54,4,4,'obs_authorised','31','35','approved','2026-03-24 18:07:35','2026-03-24 18:09:47'),(56,NULL,54,4,4,'obs_authorised','35','40','rejected','2026-03-24 18:09:49','2026-03-24 18:15:25'),(57,NULL,46,4,4,'obs_authorised','99','104','approved','2026-03-24 18:58:35','2026-03-25 16:46:28'),(58,40,NULL,4,4,'obs_authorised','null','30','approved','2026-03-24 19:06:39','2026-03-24 19:07:54'),(59,40,NULL,4,4,'obs_authorised','30','35','approved','2026-03-24 19:08:23','2026-03-24 22:10:39'),(60,5,NULL,4,4,'obs_authorised','28','30','approved','2026-03-24 22:07:03','2026-03-24 22:10:35'),(61,5,NULL,4,4,'obs_authorised','30','35','approved','2026-03-24 22:11:02','2026-03-24 22:13:45'),(62,5,NULL,4,4,'obs_authorised','35','40','approved','2026-03-24 22:14:17','2026-03-24 22:28:51'),(63,40,NULL,4,4,'obs_authorised','35','45','approved','2026-03-24 22:27:33','2026-03-24 22:27:58'),(64,40,NULL,4,4,'obs_authorised','45','50','approved','2026-03-24 22:28:00','2026-03-24 22:28:53'),(65,40,NULL,4,4,'obs_authorised','45','40','approved','2026-03-24 22:28:58','2026-03-25 16:59:14'),(66,5,NULL,4,4,'obs_authorised','40','35','approved','2026-03-24 22:30:10','2026-03-24 22:30:54'),(67,5,NULL,4,4,'obs_authorised','35','30','approved','2026-03-24 22:31:11','2026-03-24 22:54:33'),(68,5,NULL,4,4,'obs_authorised','30','45','approved','2026-03-24 22:56:27','2026-03-24 23:58:07'),(69,NULL,NULL,4,4,'obs_authorised','89','94','approved','2026-03-24 22:58:52','2026-03-24 23:01:43'),(70,NULL,NULL,4,4,'obs_authorised','99','100','approved','2026-03-25 08:06:12','2026-03-25 08:09:00'),(71,NULL,NULL,4,4,'obs_authorised','100','95','approved','2026-03-25 08:09:22','2026-03-25 08:14:22'),(72,23,NULL,4,4,'obs_authorised','35','30','approved','2026-03-25 08:12:27','2026-03-25 08:14:18'),(73,22,NULL,4,4,'obs_authorised','12','22','approved','2026-03-25 08:12:55','2026-03-25 08:14:16'),(74,23,NULL,4,4,'obs_authorised','30','25','approved','2026-03-25 08:15:34','2026-03-25 11:03:46'),(75,22,NULL,4,4,'obs_authorised','22','20','approved','2026-03-25 08:16:02','2026-03-25 13:14:01'),(76,11,NULL,4,4,'obs_authorised','90','95','approved','2026-03-25 10:42:36','2026-03-25 17:13:47'),(77,5,NULL,4,4,'obs_authorised','50','55','approved','2026-03-25 10:44:07','2026-03-25 13:13:54'),(78,20,NULL,4,4,'obs_authorised','17','22','approved','2026-03-25 10:59:27','2026-03-25 10:59:48'),(79,20,NULL,4,4,'obs_authorised','17','22','approved','2026-03-25 10:59:52','2026-03-25 11:00:35'),(80,20,NULL,4,4,'obs_authorised','17','22','approved','2026-03-25 11:00:39','2026-03-25 11:01:09'),(81,20,NULL,4,4,'obs_authorised','17','22','rejected','2026-03-25 11:01:15','2026-03-25 11:01:59'),(82,23,NULL,4,4,'obs_authorised','25','26','rejected','2026-03-25 11:03:51','2026-03-25 13:10:39'),(83,23,NULL,4,4,'obs_authorised','26','29','approved','2026-03-25 13:12:37','2026-03-25 13:13:47'),(84,22,NULL,4,4,'obs_authorised','37','40','approved','2026-03-25 13:14:03','2026-03-25 20:39:14'),(85,NULL,54,4,4,'obs_authorised','35','45','approved','2026-03-25 13:18:54','2026-03-25 13:20:44'),(86,NULL,54,4,NULL,'obs_authorised','45','55','pending','2026-03-25 13:20:46',NULL),(87,NULL,46,4,4,'obs_authorised','109','115','approved','2026-03-25 16:46:31','2026-03-25 16:47:27'),(88,NULL,46,4,4,'obs_authorised','115','110','approved','2026-03-25 16:47:30','2026-03-25 16:48:14'),(89,NULL,46,4,4,'obs_authorised','110','108','approved','2026-03-25 16:57:27','2026-03-25 16:59:06'),(90,40,NULL,4,4,'obs_authorised','32','37','approved','2026-03-25 16:59:16','2026-03-25 20:39:10'),(91,NULL,27,4,NULL,'obs_authorised','30','35','pending','2026-03-25 17:06:27',NULL),(92,11,NULL,4,4,'obs_authorised','95','98','approved','2026-03-25 17:14:04','2026-03-25 17:15:19'),(93,11,NULL,4,4,'obs_authorised','98','99','approved','2026-03-25 17:15:23','2026-03-25 17:15:52'),(94,11,NULL,4,4,'obs_authorised','99','98','approved','2026-03-25 17:15:56','2026-03-25 17:16:32'),(95,11,NULL,4,4,'obs_authorised','98','102','approved','2026-03-25 17:16:38','2026-03-25 17:31:13'),(96,5,NULL,4,4,'obs_authorised','55','60','approved','2026-03-25 17:17:59','2026-03-25 17:55:35'),(97,7,NULL,4,4,'obs_authorised','30','31','approved','2026-03-25 17:37:03','2026-03-25 17:42:14'),(98,NULL,46,4,4,'obs_authorised','108','100','approved','2026-03-25 20:12:31','2026-03-25 20:14:31'),(99,NULL,46,4,NULL,'obs_authorised','100','98','pending','2026-03-25 20:14:34',NULL),(100,20,NULL,4,NULL,'obs_authorised','22','27','pending','2026-03-25 20:50:08',NULL),(101,11,NULL,4,NULL,'obs_authorised','104','106','pending','2026-03-26 07:48:02',NULL),(102,21,NULL,4,NULL,'obs_authorised','35','37','pending','2026-03-26 07:49:26',NULL),(103,5,NULL,4,NULL,'obs_authorised','60','75','pending','2026-03-26 08:14:30',NULL),(104,23,NULL,4,NULL,'obs_authorised','29','34','pending','2026-03-26 08:17:55',NULL),(105,NULL,61,4,4,'obs_authorised','35','37','approved','2026-03-26 08:22:27','2026-03-26 16:59:02'),(106,NULL,61,4,NULL,'obs_authorised','37','40','pending','2026-03-26 16:59:05',NULL),(121,17,NULL,4,NULL,'obs_authorised','35','37','pending','2026-04-02 18:31:14',NULL),(126,NULL,107,4,4,'obs_authorised','10','20','approved','2026-04-03 07:24:14','2026-04-24 10:49:54'),(128,NULL,109,4,4,'obs_authorised','null','5','rejected','2026-04-03 07:41:39','2026-04-03 07:57:53'),(129,56,NULL,4,4,'obs_authorised','null','5','approved','2026-04-03 07:53:29','2026-04-03 07:57:47'),(130,56,NULL,4,NULL,'obs_authorised','5','8','pending','2026-04-03 07:57:58',NULL),(131,57,NULL,4,4,'obs_authorised','null','5','rejected','2026-04-03 08:04:08','2026-04-03 08:04:53'),(132,57,NULL,4,NULL,'obs_authorised','5','10','pending','2026-04-03 08:04:55',NULL),(133,NULL,110,4,4,'obs_authorised','null','5','approved','2026-04-03 11:57:36','2026-04-03 11:59:38'),(134,NULL,110,4,4,'obs_authorised','5','10','approved','2026-04-03 11:59:41','2026-04-03 12:02:25'),(135,NULL,110,4,4,'obs_authorised','10','15','approved','2026-04-03 12:03:21','2026-04-03 12:04:02'),(136,NULL,111,4,NULL,'obs_authorised','null','14','pending','2026-04-04 20:59:53',NULL),(137,NULL,107,4,NULL,'obs_authorised','20','24','pending','2026-04-24 10:50:37',NULL),(138,NULL,NULL,4,NULL,'obs_authorised','null','50','pending','2026-04-26 07:40:09',NULL);
/*!40000 ALTER TABLE `approval` ENABLE KEYS */;
UNLOCK TABLES;

--
-- Table structure for table `box_transaction`
--

DROP TABLE IF EXISTS `box_transaction`;
/*!40101 SET @saved_cs_client     = @@character_set_client */;
/*!50503 SET character_set_client = utf8mb4 */;
CREATE TABLE `box_transaction` (
  `id` int NOT NULL AUTO_INCREMENT,
  `transaction_id` varchar(50) DEFAULT NULL,
  `demand_transaction` varchar(50) DEFAULT NULL,
  `spare_id` int DEFAULT NULL,
  `tool_id` int DEFAULT NULL,
  `doc_id` int DEFAULT NULL,
  `box_no` varchar(56) NOT NULL,
  `prev_qty` int NOT NULL,
  `withdrawl_qty` int NOT NULL,
  `transaction_date` datetime NOT NULL,
  PRIMARY KEY (`id`),
  KEY `spare_id` (`spare_id`),
  KEY `box_transaction_ibfk_2` (`tool_id`),
  CONSTRAINT `box_transaction_ibfk_1` FOREIGN KEY (`spare_id`) REFERENCES `spares` (`id`),
  CONSTRAINT `box_transaction_ibfk_2` FOREIGN KEY (`tool_id`) REFERENCES `tools` (`id`) ON DELETE CASCADE
) ENGINE=InnoDB AUTO_INCREMENT=1107 DEFAULT CHARSET=utf8mb4 COLLATE=utf8mb4_0900_ai_ci;
/*!40101 SET character_set_client = @saved_cs_client */;

--
-- Dumping data for table `box_transaction`
--

LOCK TABLES `box_transaction` WRITE;
/*!40000 ALTER TABLE `box_transaction` DISABLE KEYS */;
INSERT INTO `box_transaction` VALUES (1,'TI-1769842108345',NULL,2,NULL,NULL,'Rabc01',15,-2,'2026-01-31 12:18:28'),(2,'TI-1769842108345',NULL,2,NULL,NULL,'R0123',15,-3,'2026-01-31 12:18:28'),(3,'TI-1769842108345',NULL,2,NULL,NULL,'Rabc01',13,2,'2026-01-31 12:23:55'),(4,'TI-1769842108345',NULL,2,NULL,NULL,'R0123',12,3,'2026-01-31 12:23:55'),(5,'TI-1769847116326',NULL,3,NULL,NULL,'R001',10,-5,'2026-01-31 13:41:56'),(6,'TI-1769847116326',NULL,3,NULL,NULL,'R001',5,5,'2026-01-31 13:42:58'),(7,'TI-1769852086928',NULL,2,NULL,NULL,'Rabc01',15,-5,'2026-01-31 15:04:47'),(8,'TI-1769852086928',NULL,2,NULL,NULL,'R0123',15,-5,'2026-01-31 15:04:47'),(9,'TI-1769852086928',NULL,2,NULL,NULL,'Rabc01',10,5,'2026-01-31 15:05:17'),(10,'TI-1769852086928',NULL,2,NULL,NULL,'R0123',10,5,'2026-01-31 15:05:17'),(11,'TI-1769852151945',NULL,2,NULL,NULL,'Rabc01',15,-5,'2026-01-31 15:05:52'),(12,'TI-1769852151945',NULL,2,NULL,NULL,'R0123',15,-5,'2026-01-31 15:05:52'),(13,'TI-1769852223392',NULL,3,NULL,NULL,'R001',10,-5,'2026-01-31 15:07:03'),(14,'TI-1769852223392',NULL,3,NULL,NULL,'R001',5,5,'2026-01-31 17:36:57'),(15,'TI-1769861294742',NULL,3,NULL,NULL,'R001',15,-5,'2026-01-31 17:38:15'),(16,'TI-1769861294742',NULL,3,NULL,NULL,'R001',10,5,'2026-01-31 17:38:36'),(17,'TI-1769878107214',NULL,2,NULL,NULL,'Rabc01',10,-5,'2026-01-31 22:18:27'),(18,'TI-1769878107214',NULL,2,NULL,NULL,'R0123',10,-5,'2026-01-31 22:18:27'),(19,'TI-1769852151945',NULL,2,NULL,NULL,'Rabc01',5,5,'2026-01-31 23:22:24'),(20,'TI-1769852151945',NULL,2,NULL,NULL,'R0123',5,5,'2026-01-31 23:22:24'),(21,'TI-1769882195437',NULL,3,NULL,NULL,'R001',15,-3,'2026-01-31 23:26:35'),(22,'TI-1769884203666',NULL,4,NULL,NULL,'001',4,-2,'2026-02-01 00:00:04'),(23,'TI-1769884203666',NULL,4,NULL,NULL,'002',2,-1,'2026-02-01 00:00:04'),(24,'TI-1769884203666',NULL,4,NULL,NULL,'003',5,0,'2026-02-01 00:00:04'),(25,'TI-1769884203666',NULL,4,NULL,NULL,'001',2,1,'2026-02-01 00:01:19'),(26,'TI-1769884203666',NULL,4,NULL,NULL,'002',1,1,'2026-02-01 00:01:19'),(27,'TI-1769884203666',NULL,4,NULL,NULL,'003',5,1,'2026-02-01 00:01:19'),(28,'TI-1769884418578',NULL,3,NULL,NULL,'R001',12,-5,'2026-02-01 00:03:39'),(29,'TI-1769884418578',NULL,3,NULL,NULL,'R001',7,5,'2026-02-01 00:05:27'),(30,'TI-1769931829840',NULL,2,NULL,NULL,'Rabc01',10,-5,'2026-02-01 13:13:50'),(31,'TI-1769931829840',NULL,2,NULL,NULL,'R0123',10,-5,'2026-02-01 13:13:50'),(32,'TI-1769931829840',NULL,2,NULL,NULL,'Rabc01',5,0,'2026-02-01 14:38:45'),(33,'TI-1769931829840',NULL,2,NULL,NULL,'R0123',5,10,'2026-02-01 14:38:45'),(34,'TI-1769878107214',NULL,2,NULL,NULL,'Rabc01',5,20,'2026-02-01 14:41:12'),(35,'TI-1769878107214',NULL,2,NULL,NULL,'R0123',15,-10,'2026-02-01 14:41:12'),(36,'TI-1769937439652',NULL,2,NULL,NULL,'Rabc01',25,-21,'2026-02-01 14:47:20'),(37,'TI-1769937439652',NULL,2,NULL,NULL,'R0123',5,1,'2026-02-01 14:47:20'),(38,'TI-1769937439652',NULL,2,NULL,NULL,'Rabc01',4,30,'2026-02-01 14:49:54'),(39,'TI-1769937439652',NULL,2,NULL,NULL,'R0123',6,-10,'2026-02-01 14:49:54'),(40,'TI-1769882195437',NULL,3,NULL,NULL,'R001',12,3,'2026-02-01 14:50:39'),(41,'TI-1769937823244',NULL,2,NULL,NULL,'Rabc01',20,-2,'2026-02-01 14:53:43'),(42,'TI-1769937823244',NULL,2,NULL,NULL,'R0123',10,-3,'2026-02-01 14:53:43'),(43,'TI-1769937823244',NULL,2,NULL,NULL,'Rabc01',18,3,'2026-02-01 14:54:29'),(44,'TI-1769937823244',NULL,2,NULL,NULL,'R0123',7,2,'2026-02-01 14:54:29'),(45,'TI-1769841009969',NULL,2,NULL,NULL,'Rabc01',21,30,'2026-02-01 15:00:16'),(46,'TI-1769841009969',NULL,2,NULL,NULL,'R0123',9,0,'2026-02-01 15:00:16'),(47,'TI-1769840235551',NULL,4,NULL,NULL,'001',3,1,'2026-02-01 15:00:38'),(48,'TI-1769840235551',NULL,4,NULL,NULL,'002',2,0,'2026-02-01 15:00:38'),(49,'TI-1769840235551',NULL,4,NULL,NULL,'003',6,2,'2026-02-01 15:00:38'),(50,'TI-1769941826792',NULL,2,NULL,NULL,'Rabc01',47,0,'2026-02-01 16:00:27'),(51,'TI-1769941826792',NULL,2,NULL,NULL,'R0123',8,-5,'2026-02-01 16:00:27'),(52,'TI-1769963860341',NULL,3,NULL,NULL,'R001',15,-5,'2026-02-01 22:07:40'),(53,'TI-1770005835775',NULL,2,NULL,NULL,'Rabc01',24,-10,'2026-02-02 09:47:16'),(54,'TI-1770005835775',NULL,2,NULL,NULL,'R0123',0,0,'2026-02-02 09:47:16'),(55,'TI-1770014853402',NULL,2,NULL,NULL,'Rabc01',35,-10,'2026-02-02 12:17:33'),(56,'TI-1770014853402',NULL,2,NULL,NULL,'R0123',0,0,'2026-02-02 12:17:33'),(57,'TI-1770014853402',NULL,2,NULL,NULL,'Rabc01',25,5,'2026-02-02 14:27:39'),(58,'TI-1770014853402',NULL,2,NULL,NULL,'R0123',0,0,'2026-02-02 14:27:39'),(59,'TI-1769941826792',NULL,2,NULL,NULL,'Rabc01',30,4,'2026-02-03 01:17:48'),(60,'TI-1769941826792',NULL,2,NULL,NULL,'R0123',0,1,'2026-02-03 01:17:48'),(61,'TI-1770005835775',NULL,2,NULL,NULL,'Rabc01',34,5,'2026-02-03 01:18:50'),(62,'TI-1770005835775',NULL,2,NULL,NULL,'R0123',1,4,'2026-02-03 01:18:50'),(63,'TI-1769963860341',NULL,3,NULL,NULL,'R001',10,5,'2026-02-03 01:20:21'),(64,'TI-1770061854690',NULL,2,NULL,NULL,'Rabc01',39,-5,'2026-02-03 01:20:55'),(65,'TI-1770061854690',NULL,2,NULL,NULL,'R0123',5,-5,'2026-02-03 01:20:55'),(66,'TI-1770061913673',NULL,3,NULL,NULL,'R001',15,-5,'2026-02-03 01:21:54'),(67,'TI-1770061913673',NULL,3,NULL,NULL,'R001',10,5,'2026-02-03 01:22:22'),(68,'TI-1770061854690',NULL,2,NULL,NULL,'Rabc01',34,0,'2026-02-03 01:23:00'),(69,'TI-1770061854690',NULL,2,NULL,NULL,'R0123',0,10,'2026-02-03 01:23:00'),(70,'TI-1770083456645',NULL,2,NULL,NULL,'Rabc01',34,-5,'2026-02-03 07:20:57'),(71,'TI-1770083456645',NULL,2,NULL,NULL,'R0123',10,-5,'2026-02-03 07:20:57'),(72,'TI-1770098926304',NULL,2,NULL,NULL,'Rabc01',29,-8,'2026-02-03 11:38:46'),(73,'TI-1770098926304',NULL,2,NULL,NULL,'R0123',5,-2,'2026-02-03 11:38:46'),(74,'PI1770096928278',NULL,4,NULL,NULL,'001',0,5,'2026-02-03 13:01:07'),(75,'PI1770096928278',NULL,4,NULL,NULL,'002',0,0,'2026-02-03 13:01:07'),(76,'PI1770096928278',NULL,4,NULL,NULL,'003',7,0,'2026-02-03 13:01:07'),(77,'TMP-1769852174475',NULL,2,NULL,NULL,'Rabc01',24,3,'2026-02-03 13:15:35'),(78,'TMP-1769852174475',NULL,2,NULL,NULL,'R0123',5,2,'2026-02-03 13:15:35'),(79,'TI-1770113197566',NULL,4,NULL,NULL,'001',5,-1,'2026-02-03 15:36:38'),(80,'TI-1770113197566',NULL,4,NULL,NULL,'002',3,0,'2026-02-03 15:36:38'),(81,'TI-1770113197566',NULL,4,NULL,NULL,'003',4,0,'2026-02-03 15:36:38'),(82,'TI-1770113197566',NULL,4,NULL,NULL,'001',4,1,'2026-02-03 15:41:09'),(83,'TI-1770113197566',NULL,4,NULL,NULL,'002',3,0,'2026-02-03 15:41:09'),(84,'TI-1770113197566',NULL,4,NULL,NULL,'003',4,0,'2026-02-03 15:41:09'),(85,'TI-1770098926304',NULL,2,NULL,NULL,'Rabc01',25,3,'2026-02-03 16:21:29'),(86,'TI-1770098926304',NULL,2,NULL,NULL,'R0123',5,0,'2026-02-03 16:21:29'),(87,'PI1770116754254',NULL,2,NULL,NULL,'Rabc01',25,3,'2026-02-03 16:37:51'),(88,'PI1770116754254',NULL,2,NULL,NULL,'R0123',3,2,'2026-02-03 16:37:51'),(89,'TI-1770116983302',NULL,10,NULL,NULL,'R001',7,-5,'2026-02-03 16:39:43'),(90,'TI-1770116983302',NULL,10,NULL,NULL,'R001',2,5,'2026-02-03 16:40:50'),(91,'TI-1770119691074',NULL,2,NULL,NULL,'Rabc01',28,-8,'2026-02-03 17:24:51'),(92,'TI-1770119691074',NULL,2,NULL,NULL,'R0123',5,-2,'2026-02-03 17:24:51'),(93,'TI-1770119833380',NULL,2,NULL,NULL,'Rabc01',20,-2,'2026-02-03 17:27:13'),(94,'TI-1770119833380',NULL,2,NULL,NULL,'R0123',3,-1,'2026-02-03 17:27:13'),(95,'TI-1770119691074',NULL,2,NULL,NULL,'Rabc01',16,4,'2026-02-03 17:40:22'),(96,'TI-1770119691074',NULL,2,NULL,NULL,'R0123',1,1,'2026-02-03 17:40:22'),(97,'TI-1770120769965',NULL,10,NULL,NULL,'R001',7,-5,'2026-02-03 17:42:50'),(98,'TI-1770120769965',NULL,10,NULL,NULL,'R001',2,5,'2026-02-03 17:43:22'),(99,'TI-1770120856353',NULL,10,NULL,NULL,'R001',7,-5,'2026-02-03 17:44:16'),(100,'TI-1770120968451',NULL,2,NULL,NULL,'Rabc01',20,-1,'2026-02-03 17:46:08'),(101,'TI-1770120968451',NULL,2,NULL,NULL,'R0123',2,-1,'2026-02-03 17:46:08'),(102,'TI-1770119833380',NULL,2,NULL,NULL,'Rabc01',19,2,'2026-02-03 17:47:13'),(103,'TI-1770119833380',NULL,2,NULL,NULL,'R0123',1,1,'2026-02-03 17:47:13'),(104,'TI-1770121160372',NULL,2,NULL,NULL,'Rabc01',25,-2,'2026-02-03 17:49:20'),(105,'TI-1770121160372',NULL,2,NULL,NULL,'R0123',3,-1,'2026-02-03 17:49:20'),(106,'TI-1770143275934',NULL,15,NULL,NULL,'Rabc01',60,-1,'2026-02-03 23:57:56'),(107,'TI-1770143375436',NULL,15,NULL,NULL,'Rabc01',42,-2,'2026-02-03 23:59:35'),(108,'PI1770145148600',NULL,15,NULL,NULL,'Rabc01',30,5,'2026-02-04 00:31:23'),(109,'TI-1770143375436',NULL,15,NULL,NULL,'Rabc01',35,2,'2026-02-04 00:34:38'),(110,'PI1770145148600',NULL,15,NULL,NULL,'Rabc01',37,5,'2026-02-04 00:35:57'),(111,'TI-1770143275934',NULL,15,NULL,NULL,'Rabc01',42,1,'2026-02-04 00:36:31'),(112,'TI-1770145669363',NULL,15,NULL,NULL,'Rabc01',43,-5,'2026-02-04 00:37:49'),(113,'PI1770145697163',NULL,15,NULL,NULL,'Rabc01',31,3,'2026-02-04 00:39:42'),(114,'TI-1770188195480',NULL,2,NULL,NULL,'Rabc01',19,-3,'2026-02-04 12:26:35'),(115,'TI-1770188195480',NULL,2,NULL,NULL,'R0123',18,0,'2026-02-04 12:26:35'),(116,'TI-1770188195480',NULL,2,NULL,NULL,'Rh54h',3,-1,'2026-02-04 12:26:35'),(117,'TI-1770188195480',NULL,2,NULL,NULL,'Rabc01',16,1,'2026-02-04 12:29:19'),(118,'TI-1770188195480',NULL,2,NULL,NULL,'R0123',18,2,'2026-02-04 12:29:19'),(119,'TI-1770188195480',NULL,2,NULL,NULL,'Rh54h',2,1,'2026-02-04 12:29:19'),(120,'TI-1770188656895',NULL,3,NULL,NULL,'R001',15,-1,'2026-02-04 12:34:17'),(121,'PI1770120512793',NULL,2,NULL,NULL,'Rabc01',17,3,'2026-02-04 12:37:39'),(122,'PI1770120512793',NULL,2,NULL,NULL,'R0123',20,2,'2026-02-04 12:37:39'),(123,'PI1770120512793',NULL,2,NULL,NULL,'R004',3,0,'2026-02-04 12:37:39'),(124,'TI-1770189057449',NULL,NULL,NULL,NULL,'R001',22,-1,'2026-02-04 12:40:57'),(125,'TI-1770189057449',NULL,NULL,NULL,NULL,'R01',8,0,'2026-02-04 12:40:57'),(134,'TI-1770189767012',NULL,NULL,2,NULL,'001',34,-2,'2026-02-04 12:52:47'),(135,'TI-1770189767012',NULL,NULL,2,NULL,'002',5,0,'2026-02-04 12:52:47'),(136,'TI-1770189767012',NULL,NULL,2,NULL,'001',32,1,'2026-02-04 12:53:15'),(137,'TI-1770189767012',NULL,NULL,2,NULL,'002',5,0,'2026-02-04 12:53:15'),(138,'TI-1770189826391',NULL,NULL,2,NULL,'001',33,-5,'2026-02-04 12:53:46'),(139,'TI-1770189826391',NULL,NULL,2,NULL,'002',5,0,'2026-02-04 12:53:46'),(140,'TI-1770190340699',NULL,2,NULL,NULL,'Rabc01',20,-1,'2026-02-04 13:02:21'),(141,'TI-1770190340699',NULL,2,NULL,NULL,'R0123',22,0,'2026-02-04 13:02:21'),(142,'TI-1770190340699',NULL,2,NULL,NULL,'R004',3,0,'2026-02-04 13:02:21'),(143,'TI-1770190487814',NULL,3,NULL,NULL,'R001',14,-1,'2026-02-04 13:04:48'),(144,'TI-1770191362903',NULL,2,NULL,NULL,'Rabc01',19,-1,'2026-02-04 13:19:23'),(145,'TI-1770191362903',NULL,2,NULL,NULL,'R0123',22,-1,'2026-02-04 13:19:23'),(146,'TI-1770191362903',NULL,2,NULL,NULL,'R004',3,-1,'2026-02-04 13:19:23'),(147,'TI-1770191786097',NULL,2,NULL,NULL,'Rabc01',18,-10,'2026-02-04 13:26:26'),(148,'TI-1770191786097',NULL,2,NULL,NULL,'R0123',21,0,'2026-02-04 13:26:26'),(149,'TI-1770191786097',NULL,2,NULL,NULL,'R004',2,0,'2026-02-04 13:26:26'),(160,'TI-1770195927030',NULL,NULL,2,NULL,'001',28,-5,'2026-02-04 14:35:27'),(161,'TI-1770195927030',NULL,NULL,2,NULL,'002',5,0,'2026-02-04 14:35:27'),(164,'TI-1770195927030',NULL,NULL,2,NULL,'001',23,5,'2026-02-04 14:38:56'),(165,'TI-1770195927030',NULL,NULL,2,NULL,'002',5,0,'2026-02-04 14:38:56'),(166,'TI-1770196185181',NULL,NULL,2,NULL,'001',28,-5,'2026-02-04 14:39:45'),(167,'TI-1770196185181',NULL,NULL,2,NULL,'002',5,0,'2026-02-04 14:39:45'),(168,'TI-1770196328959',NULL,2,NULL,NULL,'Rabc01',17,-2,'2026-02-04 14:42:09'),(169,'TI-1770196328959',NULL,2,NULL,NULL,'R0123',25,-1,'2026-02-04 14:42:09'),(170,'TI-1770196328959',NULL,2,NULL,NULL,'R004',4,0,'2026-02-04 14:42:09'),(171,'TI-1770196328959',NULL,2,NULL,NULL,'Rabc01',15,3,'2026-02-04 14:42:40'),(172,'TI-1770196328959',NULL,2,NULL,NULL,'R0123',24,0,'2026-02-04 14:42:40'),(173,'TI-1770196328959',NULL,2,NULL,NULL,'R004',4,0,'2026-02-04 14:42:40'),(180,'TI-1770196185181',NULL,NULL,2,NULL,'001',23,0,'2026-02-04 17:03:46'),(181,'TI-1770196185181',NULL,NULL,2,NULL,'002',5,5,'2026-02-04 17:03:46'),(182,'SD-1770207573236',NULL,21,NULL,NULL,'R001',20,3,'2026-02-04 17:50:38'),(183,'SD-1770207573236',NULL,21,NULL,NULL,'R002',20,2,'2026-02-04 17:50:38'),(184,'SD-1770207929161',NULL,22,NULL,NULL,'R001',20,3,'2026-02-04 17:56:16'),(185,'SD-1770207929161',NULL,22,NULL,NULL,'R002',20,2,'2026-02-04 17:56:16'),(188,'TI-1770209619200',NULL,10,NULL,NULL,'R001',2,-1,'2026-02-04 18:23:39'),(197,'PI1770209995855',NULL,3,NULL,NULL,'R001',13,5,'2026-02-04 18:31:12'),(202,'TY-1770289297966',NULL,NULL,2,NULL,'001',23,-5,'2026-02-05 16:31:38'),(203,'TY-1770289297966',NULL,NULL,2,NULL,'002',10,-5,'2026-02-05 16:31:38'),(204,'TY-1770289297966',NULL,NULL,2,NULL,'001',18,5,'2026-02-05 16:32:58'),(205,'TY-1770289297966',NULL,NULL,2,NULL,'002',5,5,'2026-02-05 16:32:58'),(206,'TY-1770289619617',NULL,NULL,2,NULL,'001',23,-5,'2026-02-05 16:37:00'),(207,'TY-1770289619617',NULL,NULL,2,NULL,'002',10,-5,'2026-02-05 16:37:00'),(208,'TY-1770289985581',NULL,22,NULL,NULL,'R001',23,-3,'2026-02-05 16:43:06'),(209,'TY-1770289985581',NULL,22,NULL,NULL,'R002',22,-2,'2026-02-05 16:43:06'),(212,'TY-1770315557758',NULL,NULL,2,NULL,'001',18,-5,'2026-02-05 23:49:18'),(213,'TY-1770315557758',NULL,NULL,2,NULL,'002',5,-5,'2026-02-05 23:49:18'),(216,'TY-1770315557758',NULL,NULL,2,NULL,'001',13,3,'2026-02-05 23:51:05'),(217,'TY-1770315557758',NULL,NULL,2,NULL,'002',0,2,'2026-02-05 23:51:05'),(218,'TY-1770289985581',NULL,22,NULL,NULL,'R001',20,3,'2026-02-06 08:53:57'),(219,'TY-1770289985581',NULL,22,NULL,NULL,'R002',20,2,'2026-02-06 08:53:57'),(220,'TY-1770289619617',NULL,NULL,2,NULL,'001',16,5,'2026-02-06 08:54:07'),(221,'TY-1770289619617',NULL,NULL,2,NULL,'002',2,5,'2026-02-06 08:54:07'),(222,'TY-1770348367497',NULL,NULL,2,NULL,'001',21,-11,'2026-02-06 08:56:07'),(223,'TY-1770348367497',NULL,NULL,2,NULL,'002',7,-2,'2026-02-06 08:56:07'),(224,'TY-1770348367497',NULL,NULL,2,NULL,'001',10,5,'2026-02-06 08:57:41'),(225,'TY-1770348367497',NULL,NULL,2,NULL,'002',5,5,'2026-02-06 08:57:41'),(226,'TY-1770348898395',NULL,NULL,2,NULL,'001',15,-5,'2026-02-06 09:04:58'),(227,'TY-1770348898395',NULL,NULL,2,NULL,'002',10,-5,'2026-02-06 09:04:58'),(228,'TY-1770348898395',NULL,NULL,2,NULL,'001',10,3,'2026-02-06 09:05:27'),(229,'TY-1770348898395',NULL,NULL,2,NULL,'002',5,2,'2026-02-06 09:05:27'),(230,'TY-1770348898395',NULL,NULL,2,NULL,'001',13,3,'2026-02-06 09:07:58'),(231,'TY-1770348898395',NULL,NULL,2,NULL,'002',7,2,'2026-02-06 09:07:58'),(232,'TY-1770349137744',NULL,NULL,2,NULL,'001',16,-10,'2026-02-06 09:08:58'),(233,'TY-1770349137744',NULL,NULL,2,NULL,'002',9,-5,'2026-02-06 09:08:58'),(234,'TY-1770349137744',NULL,NULL,2,NULL,'001',6,3,'2026-02-06 09:09:17'),(235,'TY-1770349137744',NULL,NULL,2,NULL,'002',4,2,'2026-02-06 09:09:17'),(236,'TY-1770349137744',NULL,NULL,2,NULL,'001',9,3,'2026-02-06 09:09:48'),(237,'TY-1770349137744',NULL,NULL,2,NULL,'002',6,2,'2026-02-06 09:09:48'),(238,'TY-1770349137744',NULL,NULL,2,NULL,'001',12,3,'2026-02-06 09:10:05'),(239,'TY-1770349137744',NULL,NULL,2,NULL,'002',8,2,'2026-02-06 09:10:05'),(240,'TY-1770349274214',NULL,NULL,2,NULL,'001',15,-5,'2026-02-06 09:11:14'),(241,'TY-1770349274214',NULL,NULL,2,NULL,'002',10,-5,'2026-02-06 09:11:14'),(242,'TY-1770349274214',NULL,NULL,2,NULL,'001',10,5,'2026-02-06 09:13:49'),(243,'TY-1770349274214',NULL,NULL,2,NULL,'002',5,0,'2026-02-06 09:13:49'),(244,'TY-1770349274214',NULL,NULL,2,NULL,'001',15,3,'2026-02-06 09:16:10'),(245,'TY-1770349274214',NULL,NULL,2,NULL,'002',5,0,'2026-02-06 09:16:10'),(246,'TY-1770349274214',NULL,NULL,2,NULL,'001',18,1,'2026-02-06 09:16:58'),(247,'TY-1770349274214',NULL,NULL,2,NULL,'002',5,0,'2026-02-06 09:16:58'),(248,'TY-1770349274214',NULL,NULL,2,NULL,'001',19,5,'2026-02-06 09:22:52'),(249,'TY-1770349274214',NULL,NULL,2,NULL,'002',5,0,'2026-02-06 09:22:52'),(250,'TY-1770350205039',NULL,NULL,2,NULL,'001',24,-5,'2026-02-06 09:26:45'),(251,'TY-1770350205039',NULL,NULL,2,NULL,'002',5,0,'2026-02-06 09:26:45'),(252,'TY-1770350205039',NULL,NULL,2,NULL,'001',19,3,'2026-02-06 09:27:09'),(253,'TY-1770350205039',NULL,NULL,2,NULL,'002',5,0,'2026-02-06 09:27:09'),(254,'TY-1770350205039',NULL,NULL,2,NULL,'001',22,2,'2026-02-06 09:27:32'),(255,'TY-1770350205039',NULL,NULL,2,NULL,'002',5,0,'2026-02-06 09:27:32'),(256,'TY-1770350800064',NULL,NULL,2,NULL,'001',24,-5,'2026-02-06 09:36:40'),(257,'TY-1770350800064',NULL,NULL,2,NULL,'002',5,0,'2026-02-06 09:36:40'),(258,'TY-1770350800064',NULL,NULL,2,NULL,'001',19,3,'2026-02-06 09:37:17'),(259,'TY-1770350800064',NULL,NULL,2,NULL,'002',5,0,'2026-02-06 09:37:17'),(260,'TY-1770350800064',NULL,NULL,2,NULL,'001',22,5,'2026-02-06 09:37:32'),(261,'TY-1770350800064',NULL,NULL,2,NULL,'002',5,0,'2026-02-06 09:37:32'),(270,'TI-1770354129610',NULL,NULL,2,NULL,'001',27,-7,'2026-02-06 10:32:10'),(271,'TI-1770354129610',NULL,NULL,2,NULL,'002',5,0,'2026-02-06 10:32:10'),(272,'TI-1770354129610',NULL,NULL,2,NULL,'001',25,5,'2026-02-06 10:35:57'),(273,'TI-1770354129610',NULL,NULL,2,NULL,'002',5,0,'2026-02-06 10:35:57'),(274,'TI-1770354129610',NULL,NULL,2,NULL,'001',30,2,'2026-02-06 10:36:33'),(275,'TI-1770354129610',NULL,NULL,2,NULL,'002',5,0,'2026-02-06 10:36:33'),(288,'TI-1770355293782',NULL,2,NULL,NULL,'Rabc01',24,-4,'2026-02-06 10:51:34'),(289,'TI-1770355293782',NULL,2,NULL,NULL,'R0123',24,-4,'2026-02-06 10:51:34'),(290,'TI-1770355293782',NULL,2,NULL,NULL,'R004',4,0,'2026-02-06 10:51:34'),(291,'TI-1770355293782',NULL,2,NULL,NULL,'Rabc01',20,2,'2026-02-06 10:51:55'),(292,'TI-1770355293782',NULL,2,NULL,NULL,'R0123',20,2,'2026-02-06 10:51:55'),(293,'TI-1770355293782',NULL,2,NULL,NULL,'R004',4,0,'2026-02-06 10:51:55'),(294,'TI-1770355293782',NULL,2,NULL,NULL,'Rabc01',22,0,'2026-02-06 10:54:47'),(295,'TI-1770355293782',NULL,2,NULL,NULL,'R0123',22,0,'2026-02-06 10:54:47'),(296,'TI-1770355293782',NULL,2,NULL,NULL,'R004',4,4,'2026-02-06 10:54:47'),(299,'PI1770113243635',NULL,2,NULL,NULL,'Rabc01',22,4,'2026-02-06 12:01:11'),(300,'PI1770113243635',NULL,2,NULL,NULL,'R0123',22,0,'2026-02-06 12:01:11'),(301,'PI1770113243635',NULL,2,NULL,NULL,'R004',8,0,'2026-02-06 12:01:11'),(304,'TI-1770209619200',NULL,10,NULL,NULL,'R001',1,1,'2026-02-06 14:09:54'),(305,'TY-1770370783376',NULL,2,NULL,NULL,'Rabc01',26,-6,'2026-02-06 15:09:43'),(306,'TY-1770370783376',NULL,2,NULL,NULL,'R0123',22,-2,'2026-02-06 15:09:43'),(307,'TY-1770370783376',NULL,2,NULL,NULL,'R004',8,0,'2026-02-06 15:09:43'),(308,'TY-1770370783376',NULL,2,NULL,NULL,'Rabc01',20,5,'2026-02-06 15:10:09'),(309,'TY-1770370783376',NULL,2,NULL,NULL,'R0123',20,0,'2026-02-06 15:10:09'),(310,'TY-1770370783376',NULL,2,NULL,NULL,'R004',8,0,'2026-02-06 15:10:09'),(311,'TY-1770370783376',NULL,2,NULL,NULL,'Rabc01',25,3,'2026-02-06 15:10:34'),(312,'TY-1770370783376',NULL,2,NULL,NULL,'R0123',20,0,'2026-02-06 15:10:34'),(313,'TY-1770370783376',NULL,2,NULL,NULL,'R004',8,0,'2026-02-06 15:10:34'),(314,'TY-1770370963141',NULL,2,NULL,NULL,'Rabc01',28,-4,'2026-02-06 15:12:43'),(315,'TY-1770370963141',NULL,2,NULL,NULL,'R0123',20,-2,'2026-02-06 15:12:43'),(316,'TY-1770370963141',NULL,2,NULL,NULL,'R004',8,0,'2026-02-06 15:12:43'),(317,'TI-1770371023125',NULL,2,NULL,NULL,'Rabc01',24,-4,'2026-02-06 15:13:43'),(318,'TI-1770371023125',NULL,2,NULL,NULL,'R0123',18,0,'2026-02-06 15:13:43'),(319,'TI-1770371023125',NULL,2,NULL,NULL,'R004',8,0,'2026-02-06 15:13:43'),(320,'TI-1770190487814',NULL,3,NULL,NULL,'R001',18,1,'2026-02-06 15:50:16'),(321,'TI-1770119691074',NULL,2,NULL,NULL,'Rabc01',20,5,'2026-02-06 15:50:52'),(322,'TI-1770119691074',NULL,2,NULL,NULL,'R0123',18,0,'2026-02-06 15:50:52'),(323,'TI-1770119691074',NULL,2,NULL,NULL,'R004',8,0,'2026-02-06 15:50:52'),(326,'DOC-1770456752612',NULL,NULL,NULL,NULL,'R001',7,-1,'2026-02-07 15:02:33'),(327,'DOC-1770456752612',NULL,NULL,NULL,NULL,'R002',7,0,'2026-02-07 15:02:33'),(328,'DOC-1770460202344',NULL,NULL,NULL,NULL,'001',11,-1,'2026-02-07 16:00:02'),(329,'RET-1770460608298',NULL,NULL,NULL,NULL,'001',10,1,'2026-02-07 16:06:48'),(330,'DOC-1770461981409',NULL,NULL,NULL,NULL,'R001',6,-1,'2026-02-07 16:29:41'),(331,'DOC-1770461981409',NULL,NULL,NULL,NULL,'R002',7,0,'2026-02-07 16:29:41'),(332,'DOC-1770462020125',NULL,NULL,NULL,NULL,'RBX01',10,-1,'2026-02-07 16:30:20'),(333,'DOC-1770462020125',NULL,NULL,NULL,NULL,'RBX02',10,0,'2026-02-07 16:30:20'),(334,'RET-1770462033072',NULL,NULL,NULL,NULL,'RBX01',9,1,'2026-02-07 16:30:33'),(335,'RET-1770462033073',NULL,NULL,NULL,NULL,'RBX02',10,0,'2026-02-07 16:30:33'),(336,'DOC-1770464189706',NULL,NULL,NULL,NULL,'R001',12,-1,'2026-02-07 17:06:30'),(337,'DOC-1770464292529',NULL,NULL,NULL,NULL,'R001',11,-1,'2026-02-07 17:08:13'),(338,'RET-1770464417195',NULL,NULL,NULL,NULL,'R001',10,1,'2026-02-07 17:10:17'),(341,'TY-1770370963141',NULL,2,NULL,NULL,'Rabc01',25,4,'2026-02-07 17:19:33'),(342,'TY-1770370963141',NULL,2,NULL,NULL,'R0123',18,0,'2026-02-07 17:19:33'),(343,'TY-1770370963141',NULL,2,NULL,NULL,'R004',8,0,'2026-02-07 17:19:33'),(344,'TY-1770370963141',NULL,2,NULL,NULL,'Rabc01',29,2,'2026-02-07 17:23:27'),(345,'TY-1770370963141',NULL,2,NULL,NULL,'R0123',18,0,'2026-02-07 17:23:27'),(346,'TY-1770370963141',NULL,2,NULL,NULL,'R004',8,0,'2026-02-07 17:23:27'),(349,'TI-1770371023125',NULL,2,NULL,NULL,'Rabc01',31,2,'2026-02-07 17:24:47'),(350,'TI-1770371023125',NULL,2,NULL,NULL,'R0123',18,0,'2026-02-07 17:24:47'),(351,'TI-1770371023125',NULL,2,NULL,NULL,'R004',8,0,'2026-02-07 17:24:47'),(352,'TI-1770371023125',NULL,2,NULL,NULL,'Rabc01',33,2,'2026-02-07 17:25:23'),(353,'TI-1770371023125',NULL,2,NULL,NULL,'R0123',18,0,'2026-02-07 17:25:23'),(354,'TI-1770371023125',NULL,2,NULL,NULL,'R004',8,0,'2026-02-07 17:25:23'),(355,'TMP-1769881924757',NULL,2,NULL,NULL,'Rabc01',35,5,'2026-02-07 17:27:41'),(356,'TMP-1769881924757',NULL,2,NULL,NULL,'R0123',18,0,'2026-02-07 17:27:41'),(357,'TMP-1769881924757',NULL,2,NULL,NULL,'R004',8,0,'2026-02-07 17:27:41'),(358,'PI1770145697163',NULL,15,NULL,NULL,'Rabc01',47,1,'2026-02-07 17:28:19'),(359,'RET-1770469195270',NULL,NULL,NULL,NULL,'R001',11,1,'2026-02-07 18:29:55'),(360,'RET-1770469289481',NULL,NULL,NULL,NULL,'R001',5,1,'2026-02-07 18:31:29'),(361,'RET-1770469289481',NULL,NULL,NULL,NULL,'R002',7,0,'2026-02-07 18:31:29'),(362,'RET-1770469620978',NULL,NULL,NULL,NULL,'001',11,1,'2026-02-07 18:37:01'),(363,'RET-1770469620978',NULL,NULL,NULL,NULL,'002',0,0,'2026-02-07 18:37:01'),(364,'RET-1770469798947',NULL,NULL,NULL,NULL,'R001',6,1,'2026-02-07 18:39:59'),(365,'RET-1770469798947',NULL,NULL,NULL,NULL,'R002',7,0,'2026-02-07 18:39:59'),(366,'TY-1770471163791',NULL,NULL,2,NULL,'001',32,-5,'2026-02-07 19:02:44'),(367,'TY-1770471163791',NULL,NULL,2,NULL,'002',5,0,'2026-02-07 19:02:44'),(368,'TY-1770471163791',NULL,NULL,2,NULL,'001',27,3,'2026-02-07 19:03:22'),(369,'TY-1770471163791',NULL,NULL,2,NULL,'002',5,0,'2026-02-07 19:03:22'),(370,'TY-1770471163791',NULL,NULL,2,NULL,'001',30,2,'2026-02-07 19:03:50'),(371,'TY-1770471163791',NULL,NULL,2,NULL,'002',5,0,'2026-02-07 19:03:50'),(376,'PI1770145697163',NULL,15,NULL,NULL,'Rabc01',48,2,'2026-02-07 19:06:40'),(377,'PI1770145697163',NULL,15,NULL,NULL,'Rabc01',50,1,'2026-02-07 19:07:59'),(378,'DOC-1770471623099',NULL,NULL,NULL,NULL,'R001',12,-1,'2026-02-07 19:10:23'),(379,'RET-1770471649803',NULL,NULL,NULL,NULL,'R001',11,1,'2026-02-07 19:10:50'),(380,'DOC-1770471677260',NULL,NULL,NULL,NULL,'R001',7,-1,'2026-02-07 19:11:17'),(381,'DOC-1770471677260',NULL,NULL,NULL,NULL,'R002',7,0,'2026-02-07 19:11:17'),(382,'RET-1770471718390',NULL,NULL,NULL,NULL,'R001',6,1,'2026-02-07 19:11:58'),(383,'RET-1770471718390',NULL,NULL,NULL,NULL,'R002',7,0,'2026-02-07 19:11:58'),(384,'DOC-1770515859846',NULL,NULL,NULL,NULL,'R001',12,-1,'2026-02-08 07:27:40'),(385,'DOC-1770515895723',NULL,NULL,NULL,NULL,'R001',11,-1,'2026-02-08 07:28:16'),(386,'RET-1770515965916',NULL,NULL,NULL,NULL,'R001',10,1,'2026-02-08 07:29:26'),(387,'DOC-1770516038261',NULL,NULL,NULL,NULL,'R001',11,-1,'2026-02-08 07:30:38'),(396,'TI-1770611381355',NULL,NULL,2,NULL,'001',32,-5,'2026-02-09 09:59:41'),(397,'TI-1770611381355',NULL,NULL,2,NULL,'002',5,-5,'2026-02-09 09:59:41'),(398,'TI-1770611381355',NULL,NULL,2,NULL,'001',27,1,'2026-02-09 10:00:07'),(399,'TI-1770611381355',NULL,NULL,2,NULL,'002',0,0,'2026-02-09 10:00:07'),(400,'TI-1770611381355',NULL,NULL,2,NULL,'001',28,6,'2026-02-09 10:00:31'),(401,'TI-1770611381355',NULL,NULL,2,NULL,'002',0,0,'2026-02-09 10:00:31'),(402,'TI-1770611381355',NULL,NULL,2,NULL,'001',34,3,'2026-02-09 10:00:45'),(403,'TI-1770611381355',NULL,NULL,2,NULL,'002',0,0,'2026-02-09 10:00:45'),(404,'TI-1770611499467',NULL,NULL,2,NULL,'001',37,-7,'2026-02-09 10:01:39'),(405,'TI-1770611499467',NULL,NULL,2,NULL,'002',0,0,'2026-02-09 10:01:39'),(406,'TY-1770611576833',NULL,NULL,2,NULL,'001',30,-10,'2026-02-09 10:02:57'),(407,'TY-1770611576833',NULL,NULL,2,NULL,'002',0,0,'2026-02-09 10:02:57'),(408,'TY-1770611576833',NULL,NULL,2,NULL,'001',20,1,'2026-02-09 10:18:21'),(409,'TY-1770611576833',NULL,NULL,2,NULL,'002',0,0,'2026-02-09 10:18:21'),(410,'TY-1770611576833',NULL,NULL,2,NULL,'001',21,3,'2026-02-09 10:18:39'),(411,'TY-1770611576833',NULL,NULL,2,NULL,'002',0,0,'2026-02-09 10:18:39'),(412,'TY-1770611576833',NULL,NULL,2,NULL,'001',24,5,'2026-02-09 10:19:11'),(413,'TY-1770611576833',NULL,NULL,2,NULL,'002',0,0,'2026-02-09 10:19:11'),(414,'TY-1770611576833',NULL,NULL,2,NULL,'001',29,1,'2026-02-09 10:19:26'),(415,'TY-1770611576833',NULL,NULL,2,NULL,'002',0,0,'2026-02-09 10:19:26'),(416,'TI-1770611499467',NULL,NULL,2,NULL,'001',30,3,'2026-02-09 12:26:07'),(417,'TI-1770611499467',NULL,NULL,2,NULL,'002',0,0,'2026-02-09 12:26:07'),(418,'TI-1770611499467',NULL,NULL,2,NULL,'001',33,1,'2026-02-09 12:26:15'),(419,'TI-1770611499467',NULL,NULL,2,NULL,'002',0,0,'2026-02-09 12:26:15'),(420,'TI-1770611499467',NULL,NULL,2,NULL,'001',34,1,'2026-02-09 18:35:18'),(421,'TI-1770611499467',NULL,NULL,2,NULL,'002',0,0,'2026-02-09 18:35:18'),(422,'TI-1770611499467',NULL,NULL,2,NULL,'001',35,2,'2026-02-09 18:35:30'),(423,'TI-1770611499467',NULL,NULL,2,NULL,'002',0,0,'2026-02-09 18:35:30'),(426,'4',NULL,15,NULL,NULL,'Rabc01',51,2,'2026-02-10 14:21:15'),(427,'3',NULL,15,NULL,NULL,'Rabc01',53,2,'2026-02-10 14:22:13'),(428,'4',NULL,15,NULL,NULL,'Rabc01',55,2,'2026-02-10 14:27:34'),(429,'4',NULL,15,NULL,NULL,'Rabc01',57,5,'2026-02-10 14:27:41'),(430,'4',NULL,15,NULL,NULL,'Rabc01',62,5,'2026-02-10 14:27:50'),(431,'4',NULL,15,NULL,NULL,'Rabc01',67,10,'2026-02-10 14:43:22'),(432,'4',NULL,15,NULL,NULL,'Rabc01',77,20,'2026-02-10 14:43:36'),(433,'TY-1770715942561',NULL,NULL,2,NULL,'001',37,-4,'2026-02-10 15:02:23'),(434,'TY-1770715942561',NULL,NULL,2,NULL,'002',0,0,'2026-02-10 15:02:23'),(435,'6',NULL,2,NULL,NULL,'Rabc01',40,3,'2026-02-10 16:00:57'),(436,'6',NULL,2,NULL,NULL,'R0123',18,0,'2026-02-10 16:00:57'),(437,'6',NULL,2,NULL,NULL,'R004',8,0,'2026-02-10 16:00:57'),(438,'5',NULL,2,NULL,NULL,'Rabc01',43,1,'2026-02-10 16:07:42'),(439,'5',NULL,2,NULL,NULL,'R0123',18,0,'2026-02-10 16:07:42'),(440,'5',NULL,2,NULL,NULL,'R004',8,0,'2026-02-10 16:07:42'),(441,'3',NULL,15,NULL,NULL,'Rabc01',97,1,'2026-02-10 16:19:27'),(442,'9',NULL,2,NULL,NULL,'Rabc01',44,2,'2026-02-10 22:35:08'),(443,'9',NULL,2,NULL,NULL,'R0123',18,0,'2026-02-10 22:35:08'),(444,'9',NULL,2,NULL,NULL,'R004',8,0,'2026-02-10 22:35:08'),(445,'9',NULL,2,NULL,NULL,'Rabc01',46,1,'2026-02-10 22:35:14'),(446,'9',NULL,2,NULL,NULL,'R0123',18,0,'2026-02-10 22:35:14'),(447,'9',NULL,2,NULL,NULL,'R004',8,0,'2026-02-10 22:35:14'),(448,'44',NULL,2,NULL,NULL,'Rabc01',47,1,'2026-02-10 22:40:58'),(449,'44',NULL,2,NULL,NULL,'R0123',18,0,'2026-02-10 22:40:58'),(450,'44',NULL,2,NULL,NULL,'R004',8,0,'2026-02-10 22:40:58'),(451,'43',NULL,15,NULL,NULL,'Rabc01',98,1,'2026-02-10 22:41:09'),(452,'8',NULL,2,NULL,NULL,'Rabc01',48,1,'2026-02-10 22:41:28'),(453,'8',NULL,2,NULL,NULL,'R0123',18,0,'2026-02-10 22:41:28'),(454,'8',NULL,2,NULL,NULL,'R004',8,0,'2026-02-10 22:41:28'),(455,'10',NULL,2,NULL,NULL,'Rabc01',49,1,'2026-02-10 22:42:11'),(456,'10',NULL,2,NULL,NULL,'R0123',18,0,'2026-02-10 22:42:11'),(457,'10',NULL,2,NULL,NULL,'R004',8,0,'2026-02-10 22:42:11'),(458,'10',NULL,2,NULL,NULL,'Rabc01',50,1,'2026-02-10 22:42:30'),(459,'10',NULL,2,NULL,NULL,'R0123',18,0,'2026-02-10 22:42:30'),(460,'10',NULL,2,NULL,NULL,'R004',8,0,'2026-02-10 22:42:30'),(461,'10',NULL,2,NULL,NULL,'Rabc01',51,1,'2026-02-10 22:44:08'),(462,'10',NULL,2,NULL,NULL,'R0123',18,0,'2026-02-10 22:44:08'),(463,'10',NULL,2,NULL,NULL,'R004',8,0,'2026-02-10 22:44:08'),(464,'10',NULL,2,NULL,NULL,'Rabc01',52,1,'2026-02-10 22:44:15'),(465,'10',NULL,2,NULL,NULL,'R0123',18,0,'2026-02-10 22:44:15'),(466,'10',NULL,2,NULL,NULL,'R004',8,0,'2026-02-10 22:44:15'),(467,'8',NULL,2,NULL,NULL,'Rabc01',53,1,'2026-02-10 23:51:49'),(468,'8',NULL,2,NULL,NULL,'R0123',18,0,'2026-02-10 23:51:49'),(469,'8',NULL,2,NULL,NULL,'R004',8,0,'2026-02-10 23:51:49'),(470,'35',NULL,2,NULL,NULL,'Rabc01',54,3,'2026-02-11 00:12:10'),(471,'35',NULL,2,NULL,NULL,'R0123',18,0,'2026-02-11 00:12:10'),(472,'35',NULL,2,NULL,NULL,'R004',8,0,'2026-02-11 00:12:10'),(473,'39',NULL,2,NULL,NULL,'Rabc01',57,1,'2026-02-11 00:12:22'),(474,'39',NULL,2,NULL,NULL,'R0123',18,0,'2026-02-11 00:12:22'),(475,'39',NULL,2,NULL,NULL,'R004',8,0,'2026-02-11 00:12:22'),(476,'38',NULL,2,NULL,NULL,'Rabc01',58,1,'2026-02-11 00:12:32'),(477,'38',NULL,2,NULL,NULL,'R0123',18,0,'2026-02-11 00:12:32'),(478,'38',NULL,2,NULL,NULL,'R004',8,0,'2026-02-11 00:12:32'),(479,'42',NULL,2,NULL,NULL,'Rabc01',59,1,'2026-02-11 00:13:16'),(480,'42',NULL,2,NULL,NULL,'R0123',18,0,'2026-02-11 00:13:16'),(481,'42',NULL,2,NULL,NULL,'R004',8,0,'2026-02-11 00:13:16'),(482,'41',NULL,2,NULL,NULL,'Rabc01',60,1,'2026-02-11 00:13:25'),(483,'41',NULL,2,NULL,NULL,'R0123',18,0,'2026-02-11 00:13:25'),(484,'41',NULL,2,NULL,NULL,'R004',8,0,'2026-02-11 00:13:25'),(487,'TY-1770715942561',NULL,NULL,2,NULL,'001',33,2,'2026-02-11 08:20:29'),(488,'TY-1770715942561',NULL,NULL,2,NULL,'002',0,0,'2026-02-11 08:20:29'),(489,'46',NULL,2,NULL,NULL,'Rabc01',61,1,'2026-02-11 08:30:16'),(490,'46',NULL,2,NULL,NULL,'R0123',18,0,'2026-02-11 08:30:16'),(491,'46',NULL,2,NULL,NULL,'R004',8,0,'2026-02-11 08:30:16'),(496,'12',NULL,2,NULL,NULL,'Rabc01',62,1,'2026-02-11 15:44:58'),(497,'12',NULL,2,NULL,NULL,'R0123',18,0,'2026-02-11 15:44:58'),(498,'12',NULL,2,NULL,NULL,'R004',8,0,'2026-02-11 15:44:58'),(499,'11',NULL,2,NULL,NULL,'Rabc01',63,1,'2026-02-11 15:45:13'),(500,'11',NULL,2,NULL,NULL,'R0123',18,0,'2026-02-11 15:45:13'),(501,'11',NULL,2,NULL,NULL,'R004',8,0,'2026-02-11 15:45:13'),(510,'49',NULL,2,NULL,NULL,'Rabc01',64,1,'2026-02-11 17:21:40'),(511,'49',NULL,2,NULL,NULL,'R0123',18,1,'2026-02-11 17:21:40'),(512,'49',NULL,2,NULL,NULL,'R004',8,0,'2026-02-11 17:21:40'),(513,'TY-1770810748799',NULL,21,NULL,NULL,'R001',20,-5,'2026-02-11 17:22:29'),(514,'TY-1770810748799',NULL,21,NULL,NULL,'R002',20,-5,'2026-02-11 17:22:29'),(559,'TI-1770836599539',NULL,NULL,2,NULL,'001',35,-10,'2026-02-12 00:33:20'),(560,'TI-1770836599539',NULL,NULL,2,NULL,'002',0,0,'2026-02-12 00:33:20'),(561,'TI-1770836599539',NULL,NULL,2,NULL,'001',25,5,'2026-02-12 00:33:44'),(562,'TI-1770836599539',NULL,NULL,2,NULL,'002',0,0,'2026-02-12 00:33:44'),(563,'TI-1770836599539',NULL,NULL,2,NULL,'001',30,5,'2026-02-12 00:34:04'),(564,'TI-1770836599539',NULL,NULL,2,NULL,'002',0,0,'2026-02-12 00:34:04'),(565,'TY-1770836681724',NULL,NULL,2,NULL,'001',35,-10,'2026-02-12 00:34:42'),(566,'TY-1770836681724',NULL,NULL,2,NULL,'002',0,0,'2026-02-12 00:34:42'),(567,'TY-1770836681724',NULL,NULL,2,NULL,'001',25,5,'2026-02-12 00:35:06'),(568,'TY-1770836681724',NULL,NULL,2,NULL,'002',0,0,'2026-02-12 00:35:06'),(569,'TY-1770836681724',NULL,NULL,2,NULL,'001',30,5,'2026-02-12 00:35:32'),(570,'TY-1770836681724',NULL,NULL,2,NULL,'002',0,0,'2026-02-12 00:35:32'),(571,'TI-1770885736504',NULL,NULL,5,NULL,'R001',12,-10,'2026-02-12 14:12:17'),(576,'TY-1770971934412',NULL,NULL,2,NULL,'001',35,-10,'2026-02-13 14:08:54'),(577,'TY-1770971934412',NULL,NULL,2,NULL,'002',0,0,'2026-02-13 14:08:54'),(578,'TY-1770715942561',NULL,NULL,2,NULL,'001',25,2,'2026-02-13 14:12:03'),(579,'TY-1770715942561',NULL,NULL,2,NULL,'002',0,0,'2026-02-13 14:12:03'),(582,'TY-1770972778206',NULL,NULL,5,NULL,'R001',20,-5,'2026-02-13 14:22:58'),(583,'TY-1770972778206',NULL,NULL,5,NULL,'R001',15,2,'2026-02-13 14:23:19'),(584,'TI-1770974215851',NULL,NULL,5,NULL,'R001',17,-3,'2026-02-13 14:46:56'),(585,'TI-1770974215851',NULL,NULL,5,NULL,'R001',14,2,'2026-02-13 14:48:15'),(588,'TY-1770972778206',NULL,NULL,5,NULL,'R001',16,3,'2026-02-13 15:30:54'),(589,'TY-1770971934412',NULL,NULL,2,NULL,'001',27,5,'2026-02-13 15:59:27'),(590,'TY-1770971934412',NULL,NULL,2,NULL,'002',0,0,'2026-02-13 15:59:27'),(591,'TY-1770971934412',NULL,NULL,2,NULL,'001',32,5,'2026-02-13 15:59:52'),(592,'TY-1770971934412',NULL,NULL,2,NULL,'002',0,0,'2026-02-13 15:59:52'),(593,'TY-1770985836994',NULL,NULL,6,NULL,'R001',15,-5,'2026-02-13 18:00:37'),(594,'TY-1770985836994',NULL,NULL,6,NULL,'R002',15,-3,'2026-02-13 18:00:37'),(595,'TY-1770985836994',NULL,NULL,6,NULL,'R003',15,-2,'2026-02-13 18:00:37'),(596,'TY-1770985836994',NULL,NULL,6,NULL,'R001',10,5,'2026-02-13 18:05:14'),(597,'TY-1770985836994',NULL,NULL,6,NULL,'R002',12,0,'2026-02-13 18:05:14'),(598,'TY-1770985836994',NULL,NULL,6,NULL,'R003',13,0,'2026-02-13 18:05:14'),(599,'TY-1770988131498',NULL,NULL,5,NULL,'R001',19,-5,'2026-02-13 18:38:51'),(600,'TY-1770988131498',NULL,NULL,5,NULL,'R001',14,2,'2026-02-13 18:39:03'),(601,'TY-1770988131498',NULL,NULL,5,NULL,'R001',16,3,'2026-02-13 18:39:24'),(606,'19',NULL,NULL,5,NULL,'R001',19,1,'2026-02-15 13:09:23'),(607,'TI-1771158408837',NULL,3,NULL,NULL,'R001',19,-1,'2026-02-15 17:56:49'),(608,'55',NULL,NULL,5,NULL,'R001',10,5,'2026-02-16 11:28:40'),(613,'59',NULL,2,NULL,NULL,'Rabc01',65,1,'2026-02-16 16:05:01'),(614,'59',NULL,2,NULL,NULL,'R0123',19,0,'2026-02-16 16:05:01'),(615,'59',NULL,2,NULL,NULL,'R004',8,0,'2026-02-16 16:05:01'),(616,'58',NULL,2,NULL,NULL,'Rabc01',66,1,'2026-02-16 16:05:08'),(617,'58',NULL,2,NULL,NULL,'R0123',19,0,'2026-02-16 16:05:08'),(618,'58',NULL,2,NULL,NULL,'R004',8,0,'2026-02-16 16:05:08'),(619,'57',NULL,2,NULL,NULL,'Rabc01',67,1,'2026-02-16 16:05:25'),(620,'57',NULL,2,NULL,NULL,'R0123',19,0,'2026-02-16 16:05:25'),(621,'57',NULL,2,NULL,NULL,'R004',8,0,'2026-02-16 16:05:25'),(622,'57',NULL,2,NULL,NULL,'Rabc01',68,1,'2026-02-16 16:05:41'),(623,'57',NULL,2,NULL,NULL,'R0123',19,0,'2026-02-16 16:05:41'),(624,'57',NULL,2,NULL,NULL,'R004',8,0,'2026-02-16 16:05:41'),(625,'54',NULL,NULL,5,NULL,'R001',15,2,'2026-02-16 16:07:25'),(628,'54',NULL,NULL,5,NULL,'R001',17,2,'2026-02-16 16:07:39'),(629,'54',NULL,NULL,5,NULL,'R001',19,1,'2026-02-16 16:07:46'),(630,'RET-1771332014585',NULL,NULL,NULL,NULL,'R001',10,1,'2026-02-17 18:10:15'),(631,'RET-1771332180620',NULL,NULL,NULL,NULL,'R001',11,1,'2026-02-17 18:13:01'),(632,'DOC-1771332210041',NULL,NULL,NULL,NULL,'R001',12,-1,'2026-02-17 18:13:30'),(633,'DOC-1771672099430',NULL,NULL,NULL,NULL,'001',12,-1,'2026-02-21 16:38:19'),(634,'RET-1771672166658',NULL,NULL,NULL,NULL,'001',11,1,'2026-02-21 16:39:27'),(635,'RET-1771672198765',NULL,NULL,NULL,NULL,'R001',11,1,'2026-02-21 16:39:59'),(636,'TI-1770885736504',NULL,NULL,5,NULL,'R001',20,10,'2026-02-21 16:56:06'),(637,'TY-1770810748799',NULL,21,NULL,NULL,'R001',10,5,'2026-02-22 00:00:18'),(638,'TY-1770810748799',NULL,21,NULL,NULL,'R002',10,0,'2026-02-22 00:00:18'),(639,'TY-1770810748799',NULL,21,NULL,NULL,'R001',15,2,'2026-02-22 00:00:41'),(640,'TY-1770810748799',NULL,21,NULL,NULL,'R002',10,0,'2026-02-22 00:00:41'),(641,'46',NULL,2,NULL,NULL,'Rabc01',69,1,'2026-02-22 19:15:10'),(642,'46',NULL,2,NULL,NULL,'R0123',19,0,'2026-02-22 19:15:10'),(643,'46',NULL,2,NULL,NULL,'R004',8,0,'2026-02-22 19:15:10'),(644,'45',NULL,2,NULL,NULL,'Rabc01',70,1,'2026-02-22 19:39:34'),(645,'45',NULL,2,NULL,NULL,'R0123',19,0,'2026-02-22 19:39:34'),(646,'45',NULL,2,NULL,NULL,'R004',8,0,'2026-02-22 19:39:34'),(653,'DOC-1771813041646',NULL,NULL,NULL,NULL,'001',12,-1,'2026-02-23 07:47:22'),(654,'RET-1771813070432',NULL,NULL,NULL,NULL,'001',11,1,'2026-02-23 07:47:50'),(655,'DOC-1771813092865',NULL,NULL,NULL,NULL,'001',12,-1,'2026-02-23 07:48:13'),(656,'TY-1771813336755',NULL,46,NULL,NULL,'001',25,-10,'2026-02-23 07:52:17'),(657,'DOC-1771813463792',NULL,NULL,NULL,NULL,'001',11,-1,'2026-02-23 07:54:24'),(658,'DOC-1771813584449',NULL,NULL,NULL,NULL,'001',12,-1,'2026-02-23 07:56:24'),(659,'TY-1771820774050',NULL,46,NULL,NULL,'001',15,-5,'2026-02-23 09:56:14'),(660,'62',NULL,NULL,5,NULL,'R001',25,1,'2026-02-23 12:01:41'),(661,'62',NULL,NULL,5,NULL,'R001',26,1,'2026-02-23 12:03:16'),(662,'TY-1771863835500',NULL,NULL,11,NULL,'001',15,-12,'2026-02-23 21:53:56'),(663,'TY-1771865267296',NULL,NULL,11,NULL,'001',3,-2,'2026-02-23 22:17:47'),(670,'DOC-1771959532391',NULL,NULL,NULL,NULL,'001',10,-1,'2026-02-25 00:28:52'),(671,'TI-1770974215851',NULL,NULL,5,NULL,'R001',27,1,'2026-02-25 10:22:01'),(674,'TY-1772005613334',NULL,NULL,2,NULL,'001',37,-10,'2026-02-25 13:16:53'),(675,'TY-1772005613334',NULL,NULL,2,NULL,'002',0,0,'2026-02-25 13:16:53'),(676,'TI-1772005701962',NULL,NULL,5,NULL,'R001',28,-10,'2026-02-25 13:18:22'),(677,'TI-1772005764493',NULL,NULL,5,NULL,'R001',18,-3,'2026-02-25 13:19:24'),(678,'TI-1772010087719',NULL,NULL,11,NULL,'001',80,-10,'2026-02-25 14:31:28'),(679,'TI-1772010102242',NULL,NULL,11,NULL,'001',70,-10,'2026-02-25 14:31:42'),(680,'TI-1772010102242',NULL,NULL,11,NULL,'001',60,3,'2026-02-25 14:31:59'),(681,'26',NULL,60,NULL,NULL,'R00126',10,2,'2026-02-25 15:11:56'),(682,'26',NULL,60,NULL,NULL,'R0253',15,0,'2026-02-25 15:11:56'),(687,'74',NULL,60,NULL,NULL,'R00126',12,1,'2026-02-25 15:34:55'),(688,'74',NULL,60,NULL,NULL,'R0253',15,0,'2026-02-25 15:34:55'),(689,'TI-1772010087719',NULL,NULL,11,NULL,'001',63,2,'2026-02-25 16:13:10'),(690,'TI-1772005764493',NULL,NULL,5,NULL,'R001',15,1,'2026-02-25 16:14:41'),(691,'TI-1772005701962',NULL,NULL,5,NULL,'R001',16,2,'2026-02-25 16:15:43'),(692,'74',NULL,60,NULL,NULL,'R00126',13,1,'2026-02-25 23:37:08'),(693,'74',NULL,60,NULL,NULL,'R0253',15,0,'2026-02-25 23:37:08'),(694,'TI-1772047521699',NULL,NULL,11,NULL,'001',65,-5,'2026-02-26 00:55:22'),(695,'TI-1772047521699',NULL,NULL,11,NULL,'001',60,2,'2026-02-26 00:55:36'),(697,'TI-1772072159495',NULL,54,NULL,NULL,'R152',15,-5,'2026-02-26 07:45:59'),(698,'TI-1772073111686',NULL,46,NULL,NULL,'001',9,-1,'2026-02-26 08:01:52'),(699,'TI-1772073313967',NULL,46,NULL,NULL,'001',8,-2,'2026-02-26 08:05:14'),(700,'TI-1772073311244',NULL,46,NULL,NULL,'001',10,-2,'2026-02-26 08:05:11'),(701,'TI-1772073308184',NULL,46,NULL,NULL,'001',10,-2,'2026-02-26 08:05:08'),(706,'TI-1772076485054',NULL,27,NULL,NULL,'001',15,-5,'2026-02-26 08:58:05'),(707,'TI-1772076485054',NULL,27,NULL,NULL,'002',20,0,'2026-02-26 08:58:05'),(708,'TI-1772076962339',NULL,22,NULL,NULL,'R001',35,-5,'2026-02-26 09:06:02'),(709,'TI-1772076962339',NULL,22,NULL,NULL,'R002',50,0,'2026-02-26 09:06:02'),(710,'TI-1772077019980',NULL,22,NULL,NULL,'R001',30,-5,'2026-02-26 09:07:00'),(711,'TI-1772077019980',NULL,22,NULL,NULL,'R002',50,0,'2026-02-26 09:07:00'),(712,'TY-1772077349230',NULL,54,NULL,NULL,'R152',10,-5,'2026-02-26 09:12:29'),(713,'TI-1772077019980',NULL,22,NULL,NULL,'R001',25,5,'2026-02-26 09:24:54'),(714,'TI-1772077019980',NULL,22,NULL,NULL,'R002',50,0,'2026-02-26 09:24:54'),(715,'TI-1772076485054',NULL,27,NULL,NULL,'001',10,5,'2026-02-26 09:25:28'),(716,'TI-1772076485054',NULL,27,NULL,NULL,'002',20,0,'2026-02-26 09:25:28'),(717,'TI-1772073313967',NULL,46,NULL,NULL,'001',20,1,'2026-02-26 09:32:41'),(718,'TI-1772072159495',NULL,54,NULL,NULL,'R152',5,2,'2026-02-26 09:32:55'),(719,'TI-1772078607666',NULL,NULL,7,NULL,'R001',15,-1,'2026-02-26 09:33:28'),(720,'TI-1772078607666',NULL,NULL,7,NULL,'R002',10,0,'2026-02-26 09:33:28'),(721,'TI-1772078607666',NULL,NULL,7,NULL,'R001',14,1,'2026-02-26 09:33:53'),(722,'TI-1772078607666',NULL,NULL,7,NULL,'R002',10,0,'2026-02-26 09:33:53'),(723,'TI-1772073308184',NULL,46,NULL,NULL,'001',21,1,'2026-02-26 09:34:12'),(724,'TY-1772077349230',NULL,54,NULL,NULL,'R152',7,1,'2026-02-26 09:34:29'),(725,'DOC-1772080111158',NULL,NULL,NULL,NULL,'001',7,-1,'2026-02-26 09:58:31'),(726,'DOC-1772080442534',NULL,NULL,NULL,NULL,'001',11,-1,'2026-02-26 10:04:03'),(727,'DOC-1772080842824',NULL,NULL,NULL,NULL,'001',6,-1,'2026-02-26 10:10:43'),(728,'DOC-1772081141380',NULL,NULL,NULL,NULL,'001',10,-1,'2026-02-26 10:15:41'),(735,'TI-1772082197124',NULL,NULL,7,NULL,'R001',10,-5,'2026-02-26 10:33:17'),(736,'TI-1772082197124',NULL,NULL,7,NULL,'R002',10,0,'2026-02-26 10:33:17'),(739,'TY-1772083965063',NULL,NULL,5,NULL,'R001',18,-5,'2026-02-26 11:02:45'),(740,'TY-1772084708234',NULL,46,NULL,NULL,'001',22,-5,'2026-02-26 11:15:08'),(741,'TI-1772084789364',NULL,46,NULL,NULL,'001',17,-5,'2026-02-26 11:16:29'),(742,'TI-1772085515989',NULL,NULL,11,NULL,'001',62,-1,'2026-02-26 11:28:36'),(743,'DOC-1772086760912',NULL,NULL,NULL,NULL,'001',5,-1,'2026-02-26 11:49:21'),(744,'TI-1772085515989',NULL,NULL,11,NULL,'001',61,1,'2026-02-28 16:47:41'),(745,'TI-1772084789364',NULL,46,NULL,NULL,'001',28,2,'2026-02-28 16:47:56'),(748,'77',NULL,NULL,21,NULL,'001',10,1,'2026-02-28 17:35:02'),(749,'77',NULL,NULL,21,NULL,'002',8,0,'2026-02-28 17:35:02'),(750,'TI-1772084789364',NULL,46,NULL,NULL,'001',30,2,'2026-02-28 17:35:23'),(751,'TY-1772084708234',NULL,46,NULL,NULL,'001',32,1,'2026-02-28 17:35:45'),(752,'RET-1772280381153',NULL,NULL,NULL,NULL,'001',4,1,'2026-02-28 17:36:21'),(753,'76',NULL,46,NULL,NULL,'001',33,1,'2026-03-01 09:59:19'),(754,'70',NULL,2,NULL,NULL,'001',37,0,'2026-03-01 10:09:41'),(755,'70',NULL,2,NULL,NULL,'002',0,1,'2026-03-01 10:09:41'),(756,'75',NULL,60,NULL,NULL,'R00126',5,0,'2026-03-01 10:17:26'),(757,'75',NULL,60,NULL,NULL,'R0253',15,1,'2026-03-01 10:17:26'),(759,'TY-1772083965063',NULL,NULL,5,NULL,'R001',18,1,'2026-03-01 10:53:43'),(762,'TY-1772084708234',NULL,46,NULL,NULL,'001',34,2,'2026-03-01 10:59:17'),(763,'TY-1772077349230',NULL,54,NULL,NULL,'R152',12,2,'2026-03-01 11:14:07'),(768,'DOC-1772348382790',NULL,NULL,NULL,NULL,'R001',7,-1,'2026-03-01 12:29:43'),(769,'DOC-1772348382790',NULL,NULL,NULL,NULL,'R002',7,0,'2026-03-01 12:29:43'),(770,'RET-1772348578497',NULL,NULL,NULL,NULL,'R001',6,0,'2026-03-01 12:32:58'),(771,'RET-1772348578497',NULL,NULL,NULL,NULL,'R002',7,1,'2026-03-01 12:32:58'),(772,'22',NULL,2,NULL,NULL,'001',37,0,'2026-03-01 12:43:29'),(773,'22',NULL,2,NULL,NULL,'002',1,1,'2026-03-01 12:43:29'),(778,'77',NULL,NULL,21,NULL,'001',11,0,'2026-03-01 12:48:25'),(779,'77',NULL,NULL,21,NULL,'002',8,1,'2026-03-01 12:48:25'),(780,'TY-1772005613334',NULL,NULL,2,NULL,'001',27,0,'2026-03-01 12:54:29'),(781,'TY-1772005613334',NULL,NULL,2,NULL,'002',0,1,'2026-03-01 12:54:29'),(782,'TI-1772084789364',NULL,46,NULL,NULL,'001',36,1,'2026-03-01 20:26:11'),(783,'TY-1772449135862',NULL,NULL,25,NULL,'R12335',20,-3,'2026-03-02 16:28:56'),(784,'TY-1772449135862',NULL,NULL,25,NULL,'R658',15,-2,'2026-03-02 16:28:56'),(785,'TY-1772449229370',NULL,NULL,5,NULL,'R001',19,-5,'2026-03-02 16:30:29'),(786,'TY-1772449229370',NULL,NULL,5,NULL,'R001',14,5,'2026-03-02 16:31:42'),(787,'TY-1772449704873',NULL,NULL,22,NULL,'R00125989',6,-1,'2026-03-02 16:38:25'),(788,'TY-1772449704873',NULL,NULL,22,NULL,'R0025478',6,-1,'2026-03-02 16:38:25'),(789,'TY-1772449704873',NULL,NULL,22,NULL,'R00125989',5,1,'2026-03-02 16:39:03'),(790,'TY-1772449704873',NULL,NULL,22,NULL,'R0025478',5,0,'2026-03-02 16:39:03'),(791,'TY-1772449704873',NULL,NULL,22,NULL,'R00125989',6,1,'2026-03-02 16:39:48'),(792,'TY-1772449704873',NULL,NULL,22,NULL,'R0025478',5,0,'2026-03-02 16:39:48'),(795,'TI-1772073308184',NULL,46,NULL,NULL,'001',37,1,'2026-03-02 16:54:31'),(796,'TI-1772076962339',NULL,22,NULL,NULL,'R001',30,2,'2026-03-02 17:12:40'),(797,'TI-1772076962339',NULL,22,NULL,NULL,'R002',50,0,'2026-03-02 17:12:40'),(798,'TY-1772451838733',NULL,61,NULL,NULL,'R200',10,-2,'2026-03-02 17:13:59'),(799,'TY-1772451838733',NULL,61,NULL,NULL,'R255',15,0,'2026-03-02 17:13:59'),(800,'TY-1772451838733',NULL,61,NULL,NULL,'R200',8,2,'2026-03-02 17:15:05'),(801,'TY-1772451838733',NULL,61,NULL,NULL,'R255',15,0,'2026-03-02 17:15:05'),(802,'TY-1772452544206',NULL,NULL,5,NULL,'R001',13,-1,'2026-03-02 17:25:44'),(805,'TY-1772455359465',NULL,NULL,23,NULL,'1256',35,-5,'2026-03-02 18:12:39'),(806,'TY-1772455471093',NULL,NULL,11,NULL,'001',62,-2,'2026-03-02 18:14:31'),(807,'TY-1772455471093',NULL,NULL,11,NULL,'001',60,1,'2026-03-02 18:15:25'),(808,'TY-1772455471093',NULL,NULL,11,NULL,'001',61,1,'2026-03-02 18:16:07'),(809,'TY-1772456124480',NULL,NULL,11,NULL,'001',62,-5,'2026-03-02 18:25:24'),(810,'TY-11772456175270',NULL,NULL,11,NULL,'001',57,3,'2026-03-02 18:26:15'),(811,'TY-11772456352691',NULL,NULL,23,NULL,'1256',30,3,'2026-03-02 18:29:13'),(812,'TY-1772457172394',NULL,NULL,21,NULL,'001',11,-1,'2026-03-02 18:42:52'),(813,'TY-1772457172394',NULL,NULL,21,NULL,'002',9,-1,'2026-03-02 18:42:52'),(814,'TY-RET-1772457256486','TY-1772457172394',NULL,21,NULL,'001',10,2,'2026-03-02 18:44:16'),(815,'TY-RET-1772457256486','TY-1772457172394',NULL,21,NULL,'002',8,0,'2026-03-02 18:44:16'),(816,'TY-RET-1772457316077','TY-1772456124480',NULL,11,NULL,'001',60,2,'2026-03-02 18:45:16'),(817,'TY-1772459588535',NULL,46,NULL,NULL,'001',38,-5,'2026-03-02 19:23:09'),(818,'TY-RET-1772459610312','TY-1772459588535',46,NULL,NULL,'001',33,3,'2026-03-02 19:23:30'),(819,'TY-1772459728023',NULL,22,NULL,NULL,'R001',32,-2,'2026-03-02 19:25:28'),(820,'TY-1772459728023',NULL,22,NULL,NULL,'R002',50,-1,'2026-03-02 19:25:28'),(821,'TY-RET-1772459768018','TY-1772459728023',22,NULL,NULL,'R001',30,2,'2026-03-02 19:26:08'),(822,'TY-RET-1772459768018','TY-1772459728023',22,NULL,NULL,'R002',49,1,'2026-03-02 19:26:08'),(823,'TI-1772520810758',NULL,NULL,11,NULL,'001',62,-4,'2026-03-03 12:23:31'),(824,'TI-1772520810758',NULL,NULL,11,NULL,'001',58,2,'2026-03-03 12:23:53'),(825,'TI-1772521725829',NULL,NULL,11,NULL,'001',60,-2,'2026-03-03 12:38:46'),(826,'TI-RET-1772521744040','TI-1772521725829',NULL,11,NULL,'001',58,1,'2026-03-03 12:39:04'),(827,'TI-RET-1772521805848','TI-1772521725829',NULL,11,NULL,'001',59,1,'2026-03-03 12:40:06'),(828,'RET-1772522135358',NULL,NULL,NULL,10,'001',5,1,'2026-03-03 12:45:35'),(829,'DOC-1772522456025',NULL,NULL,NULL,2,'RBX01',10,-1,'2026-03-03 12:50:56'),(830,'DOC-1772522456025',NULL,NULL,NULL,2,'RBX02',10,0,'2026-03-03 12:50:56'),(831,'RET-1772522616386',NULL,NULL,NULL,2,'RBX01',9,1,'2026-03-03 12:53:36'),(832,'RET-1772522616386',NULL,NULL,NULL,2,'RBX02',10,0,'2026-03-03 12:53:36'),(833,'DOC-1772523591131',NULL,NULL,NULL,2,'RBX01',10,-1,'2026-03-03 13:09:51'),(834,'DOC-1772523591131',NULL,NULL,NULL,2,'RBX02',10,0,'2026-03-03 13:09:51'),(835,'DOC-1772523959692',NULL,NULL,NULL,2,'RBX01',10,-1,'2026-03-03 13:16:00'),(836,'DOC-1772523959692',NULL,NULL,NULL,2,'RBX02',10,0,'2026-03-03 13:16:00'),(837,'DOC-RET-1772524926547','DOC-1772523959692',NULL,NULL,2,'RBX01',9,1,'2026-03-03 13:32:07'),(838,'DOC-RET-1772524926547','DOC-1772523959692',NULL,NULL,2,'RBX02',10,0,'2026-03-03 13:32:07'),(839,'DOC-1772525309354',NULL,NULL,NULL,2,'RBX01',10,-1,'2026-03-03 13:38:29'),(840,'DOC-1772525309354',NULL,NULL,NULL,2,'RBX02',10,0,'2026-03-03 13:38:29'),(841,'DOC-RET-1772525333530','DOC-1772525309354',NULL,NULL,2,'RBX01',9,0,'2026-03-03 13:38:54'),(842,'DOC-RET-1772525333530','DOC-1772525309354',NULL,NULL,2,'RBX02',10,1,'2026-03-03 13:38:54'),(845,'PI-1772536838911',NULL,46,NULL,NULL,'001',37,-1,'2026-03-03 16:50:39'),(846,'PR-RET-1772538366603',NULL,46,NULL,NULL,'001',36,1,'2026-03-03 17:16:07'),(850,'ST-RET-1772541345048',NULL,2,NULL,NULL,'001',37,1,'2026-03-03 18:05:45'),(851,'ST-RET-1772541345048',NULL,2,NULL,NULL,'002',2,0,'2026-03-03 18:05:45'),(852,'ST-RET-1772541542774',NULL,NULL,21,NULL,'001',12,1,'2026-03-03 18:09:03'),(853,'ST-RET-1772541542774',NULL,NULL,21,NULL,'002',8,0,'2026-03-03 18:09:03'),(854,'ST-RET-1772541587986',NULL,NULL,21,NULL,'001',13,1,'2026-03-03 18:09:48'),(855,'ST-RET-1772541587986',NULL,NULL,21,NULL,'002',8,0,'2026-03-03 18:09:48'),(856,'ST-RET-1772541628284',NULL,NULL,5,NULL,'R001',12,1,'2026-03-03 18:10:28'),(860,'ST-RET-1772591500620','SD-1772108090799',NULL,21,NULL,'001',14,0,'2026-03-04 08:01:41'),(861,'ST-RET-1772591500620','SD-1772108090799',NULL,21,NULL,'002',8,1,'2026-03-04 08:01:41'),(862,'PR-RET-1772591644106','PI1772086144554',46,NULL,NULL,'001',37,1,'2026-03-04 08:04:04'),(863,'PI-1772592113614',NULL,46,NULL,NULL,'001',38,-1,'2026-03-04 08:11:54'),(864,'ST-RET-1772592220567','PI-1772592113614',46,NULL,NULL,'001',37,1,'2026-03-04 08:13:41'),(865,'PR-RET-1772592503122','SD-1772592454787',27,NULL,NULL,'001',15,1,'2026-03-04 08:18:23'),(866,'PR-RET-1772592503122','SD-1772592454787',27,NULL,NULL,'002',20,0,'2026-03-04 08:18:23'),(867,'PR-RET-1772592728436',NULL,5,NULL,NULL,'R001',27,1,'2026-03-04 08:22:08'),(869,'TY-1772600981640',NULL,46,NULL,NULL,'001',38,-1,'2026-03-04 10:39:42'),(870,'PR-RET-1772605893536',NULL,2,NULL,NULL,'001',38,1,'2026-03-04 12:01:34'),(871,'PR-RET-1772605893536',NULL,2,NULL,NULL,'002',2,0,'2026-03-04 12:01:34'),(875,'TY-1772634406062',NULL,NULL,22,NULL,'R00125989',7,0,'2026-03-04 19:56:46'),(876,'TY-1772634406062',NULL,NULL,22,NULL,'R0025478',5,-1,'2026-03-04 19:56:46'),(877,'TI-1772644806216',NULL,NULL,7,NULL,'R001',10,-3,'2026-03-04 22:50:06'),(878,'TI-1772644806216',NULL,NULL,7,NULL,'R002',10,-2,'2026-03-04 22:50:06'),(879,'TI-1772645227489',NULL,NULL,21,NULL,'001',14,-4,'2026-03-04 22:57:07'),(880,'TI-1772645227489',NULL,NULL,21,NULL,'002',9,-1,'2026-03-04 22:57:07'),(881,'TI-REV-1772645246038','TI-1772645227489',NULL,21,NULL,'001',0,4,'2026-03-04 22:57:26'),(882,'TI-REV-1772645246038','TI-1772645227489',NULL,21,NULL,'002',0,1,'2026-03-04 22:57:26'),(887,'DOC-1772645765489',NULL,NULL,NULL,3,'R001',6,0,'2026-03-04 23:06:05'),(888,'DOC-1772645765489',NULL,NULL,NULL,3,'R002',8,-1,'2026-03-04 23:06:05'),(889,'DOC-REV-1772645811369','DOC-1772645765489',NULL,NULL,NULL,'R001',0,0,'2026-03-04 23:06:51'),(890,'DOC-REV-1772645811369','DOC-1772645765489',NULL,NULL,NULL,'R002',0,1,'2026-03-04 23:06:51'),(891,'DOC-1772645924942',NULL,NULL,NULL,2,'RBX01',9,0,'2026-03-04 23:08:45'),(892,'DOC-1772645924942',NULL,NULL,NULL,2,'RBX02',11,-1,'2026-03-04 23:08:45'),(893,'DOC-REV-1772645944443','DOC-1772645924942',NULL,NULL,NULL,'RBX01',0,0,'2026-03-04 23:09:04'),(894,'DOC-REV-1772645944443','DOC-1772645924942',NULL,NULL,NULL,'RBX02',0,1,'2026-03-04 23:09:04'),(895,'DOC-1772651318607',NULL,NULL,NULL,3,'R001',6,0,'2026-03-05 00:38:39'),(896,'DOC-1772651318607',NULL,NULL,NULL,3,'R002',8,-1,'2026-03-05 00:38:39'),(897,'DOC-REV-1772651386887','DOC-1772651318607',NULL,NULL,NULL,'R001',0,0,'2026-03-05 00:39:47'),(898,'DOC-REV-1772651386887','DOC-1772651318607',NULL,NULL,NULL,'R002',0,1,'2026-03-05 00:39:47'),(899,'PI-1772676970431',NULL,46,NULL,NULL,'001',41,-1,'2026-03-05 07:46:10'),(902,'PI-1772679125085',NULL,27,NULL,NULL,'001',16,0,'2026-03-05 08:22:05'),(903,'PI-1772679125085',NULL,27,NULL,NULL,'002',20,-1,'2026-03-05 08:22:05'),(904,'PI-1772679794284',NULL,46,NULL,NULL,'001',42,-1,'2026-03-05 08:33:14'),(905,'PI-1772680324603',NULL,54,NULL,NULL,'R152',13,-1,'2026-03-05 08:42:05'),(906,'PI-1772680448964',NULL,NULL,4,NULL,'001',30,-2,'2026-03-05 08:44:09'),(907,'PI-1772680448964',NULL,NULL,4,NULL,'002',0,0,'2026-03-05 08:44:09'),(908,'PI-1772680448964',NULL,NULL,4,NULL,'003',0,0,'2026-03-05 08:44:09'),(910,'PI-1772680811292',NULL,NULL,21,NULL,'001',14,0,'2026-03-05 08:50:11'),(911,'PI-1772680811292',NULL,NULL,21,NULL,'002',9,-1,'2026-03-05 08:50:11'),(912,'PI-1772680983692',NULL,54,NULL,NULL,'R152',12,-1,'2026-03-05 08:53:04'),(913,'PI-1772690185872',NULL,61,NULL,NULL,'R200',10,0,'2026-03-05 11:26:26'),(914,'PI-1772690185872',NULL,61,NULL,NULL,'R255',15,-5,'2026-03-05 11:26:26'),(915,'PI-1772690213789',NULL,61,NULL,NULL,'R200',10,0,'2026-03-05 11:26:54'),(916,'PI-1772690213789',NULL,61,NULL,NULL,'R255',10,-10,'2026-03-05 11:26:54'),(917,'PI-1772690554058',NULL,NULL,2,NULL,'001',27,-1,'2026-03-05 11:32:34'),(918,'PI-1772690554058',NULL,NULL,2,NULL,'002',1,0,'2026-03-05 11:32:34'),(919,'PI-1772690574192',NULL,NULL,2,NULL,'001',26,0,'2026-03-05 11:32:54'),(920,'PI-1772690574192',NULL,NULL,2,NULL,'002',1,-1,'2026-03-05 11:32:54'),(921,'PI-1772690659569',NULL,NULL,2,NULL,'001',27,-2,'2026-03-05 11:34:20'),(922,'PI-1772690659569',NULL,NULL,2,NULL,'002',1,-1,'2026-03-05 11:34:20'),(923,'PR-RET-1772767485577',NULL,65,NULL,NULL,'00135',15,1,'2026-03-06 08:54:46'),(924,'PR-RET-1772767485577',NULL,65,NULL,NULL,'00269',10,0,'2026-03-06 08:54:46'),(925,'PR-RET-1772767499463',NULL,65,NULL,NULL,'00135',16,1,'2026-03-06 08:54:59'),(926,'PR-RET-1772767499463',NULL,65,NULL,NULL,'00269',10,0,'2026-03-06 08:54:59'),(927,'PR-RET-1772800624930',NULL,65,NULL,NULL,'00135',17,1,'2026-03-06 18:07:05'),(928,'PR-RET-1772800624930',NULL,65,NULL,NULL,'00269',10,0,'2026-03-06 18:07:05'),(929,'PR-RET-1772800718376',NULL,65,NULL,NULL,'00135',18,0,'2026-03-06 18:08:38'),(930,'PR-RET-1772800718376',NULL,65,NULL,NULL,'00269',10,1,'2026-03-06 18:08:38'),(931,'ST-RET-1772800777581',NULL,NULL,5,NULL,'R001',13,1,'2026-03-06 18:09:38'),(937,'DOC-RET-1772803034229','DOC-1772080442534',NULL,NULL,12,'001',10,1,'2026-03-06 18:47:14'),(938,'DOC-RET-1772803609510','DOC-1771813463792',NULL,NULL,10,'001',7,1,'2026-03-06 18:56:50'),(939,'DOC-1772803712675',NULL,NULL,NULL,12,'001',11,-1,'2026-03-06 18:58:33'),(940,'DOC-1772803732095',NULL,NULL,NULL,12,'001',10,-1,'2026-03-06 18:58:52'),(941,'DOC-1772803762029',NULL,NULL,NULL,9,'R001',12,-1,'2026-03-06 18:59:22'),(942,'DOC-RET-1772803788553','DOC-1772803712675',NULL,NULL,12,'001',9,1,'2026-03-06 18:59:49'),(943,'DOC-1772807156996',NULL,NULL,NULL,12,'001',10,-1,'2026-03-06 19:55:57'),(944,'DOC-1772807172298',NULL,NULL,NULL,9,'R001',11,-1,'2026-03-06 19:56:12'),(945,'DOC-RET-1772807202048','DOC-1772807172298',NULL,NULL,9,'R001',10,1,'2026-03-06 19:56:42'),(946,'PI-1773031422383',NULL,NULL,7,NULL,'R001',12,-4,'2026-03-09 10:13:42'),(947,'PI-1773031422383',NULL,NULL,7,NULL,'R002',8,0,'2026-03-09 10:13:42'),(948,'ST-RET-1773032264448','PI-1773031422383',NULL,7,NULL,'R001',8,0,'2026-03-09 10:27:44'),(949,'ST-RET-1773032264448','PI-1773031422383',NULL,7,NULL,'R002',8,1,'2026-03-09 10:27:44'),(950,'ST-RET-1773032289550','PI-1773031422383',NULL,7,NULL,'R001',8,1,'2026-03-09 10:28:10'),(951,'ST-RET-1773032289550','PI-1773031422383',NULL,7,NULL,'R002',9,0,'2026-03-09 10:28:10'),(953,'TY-1773054502317',NULL,NULL,11,NULL,'001',62,-1,'2026-03-09 16:38:22'),(954,'TY-RET-1773054557803','TY-1773054502317',NULL,11,NULL,'001',61,1,'2026-03-09 16:39:18'),(955,'TY-1773055869827',NULL,NULL,11,NULL,'001',62,-10,'2026-03-09 17:01:10'),(956,'TY-RET-1773055911350','TY-1773055869827',NULL,11,NULL,'001',52,2,'2026-03-09 17:01:51'),(959,'TY-1773055986337',NULL,NULL,11,NULL,'001',54,-1,'2026-03-09 17:03:06'),(960,'TY-RET-1773056014550','TY-1773055986337',NULL,11,NULL,'001',53,1,'2026-03-09 17:03:35'),(962,'TY-1773056237097',NULL,46,NULL,NULL,'001',43,-1,'2026-03-09 17:07:17'),(963,'TY-RET-1773056282521','TY-1773056237097',46,NULL,NULL,'001',42,1,'2026-03-09 17:08:03'),(964,'TY-RET-1773056351686','TY-1773055869827',NULL,11,NULL,'001',54,8,'2026-03-09 17:09:12'),(966,'TY-1773056582871',NULL,NULL,11,NULL,'001',62,-1,'2026-03-09 17:13:03'),(967,'TY-RET-1773056602929','TY-1773056582871',NULL,11,NULL,'001',61,1,'2026-03-09 17:13:23'),(968,'TY-1773056974399',NULL,NULL,21,NULL,'001',14,0,'2026-03-09 17:19:34'),(969,'TY-1773056974399',NULL,NULL,21,NULL,'002',9,-1,'2026-03-09 17:19:34'),(971,'TY-RET-1773057021612','TY-1773056974399',NULL,21,NULL,'001',14,1,'2026-03-09 17:20:22'),(972,'TY-RET-1773057021612','TY-1773056974399',NULL,21,NULL,'002',8,0,'2026-03-09 17:20:22'),(973,'TY-1773058359874',NULL,46,NULL,NULL,'001',43,-5,'2026-03-09 17:42:40'),(974,'TY-RET-1773058380614','TY-1773058359874',46,NULL,NULL,'001',38,5,'2026-03-09 17:43:01'),(979,'TY-1773061148458',NULL,46,NULL,NULL,'001',43,-1,'2026-03-09 18:29:08'),(980,'TY-RET-1773061164408','TY-1773061148458',46,NULL,NULL,'001',42,1,'2026-03-09 18:29:24'),(983,'TY-1773062402212',NULL,46,NULL,NULL,'001',43,-1,'2026-03-09 18:50:02'),(984,'TY-RET-1773062432359','TY-1773062402212',46,NULL,NULL,'001',42,1,'2026-03-09 18:50:32'),(988,'TY-1773109413200',NULL,54,NULL,NULL,'R152',12,-1,'2026-03-10 07:53:33'),(989,'TY-RET-1773109425542','TY-1773109413200',54,NULL,NULL,'R152',11,1,'2026-03-10 07:53:46'),(997,'TY-1773110229790',NULL,46,NULL,NULL,'001',43,-1,'2026-03-10 08:07:10'),(998,'TY-RET-1773110239139','TY-1773110229790',46,NULL,NULL,'001',42,1,'2026-03-10 08:07:19'),(1001,'ST-RET-1773119861381','PI1772084831857',46,NULL,NULL,'001',43,2,'2026-03-10 10:47:41'),(1002,'PI-1773122790077',NULL,46,NULL,NULL,'001',45,-1,'2026-03-10 11:36:30'),(1006,'TI-1773138945174',NULL,21,NULL,NULL,'R001',35,0,'2026-03-10 16:05:45'),(1007,'TI-1773138945174',NULL,21,NULL,NULL,'R002',10,-1,'2026-03-10 16:05:45'),(1010,'DOC-1773148286478',NULL,NULL,NULL,3,'R001',6,0,'2026-03-10 18:41:26'),(1011,'DOC-1773148286478',NULL,NULL,NULL,3,'R002',8,-1,'2026-03-10 18:41:26'),(1012,'DOC-REV-1773148551133','DOC-1773148286478',NULL,NULL,NULL,'R001',0,0,'2026-03-10 18:45:51'),(1013,'DOC-REV-1773148551133','DOC-1773148286478',NULL,NULL,NULL,'R002',0,1,'2026-03-10 18:45:51'),(1014,'PI-1773150943895',NULL,46,NULL,NULL,'001',44,-4,'2026-03-10 19:25:44'),(1015,'PI-1773151024241',NULL,46,NULL,NULL,'001',44,-4,'2026-03-10 19:27:04'),(1018,'PI-1773203995528',NULL,54,NULL,NULL,'R152',12,-1,'2026-03-11 10:09:56'),(1019,'PI-1773204124307',NULL,27,NULL,NULL,'001',16,0,'2026-03-11 10:12:04'),(1020,'PI-1773204124307',NULL,27,NULL,NULL,'002',19,-1,'2026-03-11 10:12:04'),(1021,'PI-1773204144577',NULL,46,NULL,NULL,'001',44,-1,'2026-03-11 10:12:25'),(1022,'PI-1773204177640',NULL,3,NULL,NULL,'R001',18,-1,'2026-03-11 10:12:58'),(1023,'PI-1773204298583',NULL,46,NULL,NULL,'001',44,-4,'2026-03-11 10:14:59'),(1024,'ST-RET-1773204605407','PI-1773204298583',46,NULL,NULL,'001',44,1,'2026-03-11 10:20:05'),(1025,'PI-1773340902239',NULL,54,NULL,NULL,'R152',12,-2,'2026-03-13 00:11:42'),(1026,'PI-1773341116805',NULL,54,NULL,NULL,'R152',10,-1,'2026-03-13 00:15:17'),(1027,'PI-1773491298577',NULL,27,NULL,NULL,'001',16,0,'2026-03-14 17:58:19'),(1028,'PI-1773491298577',NULL,27,NULL,NULL,'002',19,-1,'2026-03-14 17:58:19'),(1029,'PI-1773491341523',NULL,54,NULL,NULL,'R152',12,-4,'2026-03-14 17:59:02'),(1030,'PI-1773491963432',NULL,61,NULL,NULL,'R200',10,0,'2026-03-14 18:09:23'),(1031,'PI-1773491963432',NULL,61,NULL,NULL,'R255',15,-1,'2026-03-14 18:09:23'),(1033,'PR-RET-1773716666746','SD-264',NULL,8,NULL,'001',100,2,'2026-03-17 08:34:27'),(1034,'ST-RET-1773718946406','SD-267',62,NULL,NULL,'R001',25,1,'2026-03-17 09:12:26'),(1035,'PR-RET-1773720978767','SD-268',61,NULL,NULL,'R200',10,0,'2026-03-17 09:46:19'),(1036,'PR-RET-1773720978767','SD-268',61,NULL,NULL,'R255',14,1,'2026-03-17 09:46:19'),(1037,'ST-RET-1773721049571','SD-268',61,NULL,NULL,'R200',10,0,'2026-03-17 09:47:30'),(1038,'ST-RET-1773721049571','SD-268',61,NULL,NULL,'R255',16,1,'2026-03-17 09:47:30'),(1043,'TY-RET-1773772078975','TY-1772077349230',54,NULL,NULL,'R152',8,2,'2026-03-17 23:57:59'),(1045,'TY-1773772225169',NULL,NULL,11,NULL,'001',62,-1,'2026-03-18 00:00:25'),(1046,'TY-RET-1773772236512','TY-1773772225169',NULL,11,NULL,'001',61,1,'2026-03-18 00:00:37'),(1047,'TY-1773772384866',NULL,NULL,11,NULL,'001',62,-1,'2026-03-18 00:03:05'),(1048,'TY-RET-1773772479201','TY-1773772384866',NULL,11,NULL,'001',61,1,'2026-03-18 00:04:39'),(1052,'DOC-1773773083439',NULL,NULL,NULL,11,'001',12,-1,'2026-03-18 00:14:43'),(1056,'PI-1773811473281',NULL,54,NULL,NULL,'R152',10,-1,'2026-03-18 10:54:33'),(1057,'TI-RET-1773818386993','TI-1773138945174',21,NULL,NULL,'R001',35,0,'2026-03-18 12:49:47'),(1058,'TI-RET-1773818386993','TI-1773138945174',21,NULL,NULL,'R002',9,1,'2026-03-18 12:49:47'),(1059,'TY-RET-1773818463491','TY-1772452544206',NULL,5,NULL,'R001',14,1,'2026-03-18 12:51:03'),(1063,'PR-RET-1774063942937',NULL,5,NULL,NULL,'R001',28,1,'2026-03-21 09:02:23'),(1064,'TI-RET-1774107811882','TI-1772081987013',23,NULL,NULL,'R001',17,1,'2026-03-21 21:13:32'),(1065,'TI-RET-1774107811882','TI-1772081987013',23,NULL,NULL,'R002',20,1,'2026-03-21 21:13:32'),(1066,'TY1774609867747','',22,NULL,NULL,'R002',0,0,'2026-03-27 16:41:09'),(1067,'TY1774609894830','',22,NULL,NULL,'R002',0,0,'2026-03-27 16:41:38'),(1068,'TY1774610157872','',NULL,8,NULL,'001',0,0,'2026-03-27 16:45:59'),(1069,'TY1774610255091','',NULL,25,NULL,'R658',0,0,'2026-03-27 16:47:36'),(1070,'TY1774610389463','',NULL,2,NULL,'002',0,0,'2026-03-27 16:50:25'),(1071,'TY1774610424022','',NULL,2,NULL,'002',0,0,'2026-03-27 16:50:25'),(1072,'TY1774611896271','',6,NULL,NULL,'002',0,0,'2026-03-27 17:15:32'),(1073,'TY1774611926999','',6,NULL,NULL,'002',0,0,'2026-03-27 17:15:32'),(1074,'TY1774694777133','',65,NULL,NULL,'00269',0,0,'2026-03-28 16:16:26'),(1075,'TY1774703956748','',65,NULL,NULL,'00269',0,0,'2026-03-28 18:49:48'),(1076,'TY1774703987011','',65,NULL,NULL,'00269',0,0,'2026-03-28 18:49:48'),(1077,'TY1774863338468','',NULL,4,NULL,'003',0,0,'2026-03-30 15:05:40'),(1078,'TY1774868302904','',46,NULL,NULL,'001',0,0,'2026-03-30 16:28:26'),(1079,'TY1774869907099','',46,NULL,NULL,'001',45,1,'2026-03-30 16:55:10'),(1080,'TY1774871201780','',NULL,6,NULL,'R003',13,3,'2026-03-30 17:16:45'),(1081,'TEMP-1774873092010','',46,NULL,NULL,'001',44,3,'2026-03-30 17:48:12'),(1082,'PI1774873218434','',46,NULL,NULL,'001',41,1,'2026-03-30 17:50:19'),(1083,'TI-REV-1774873293812','TEMP-1774873092010',46,NULL,NULL,'001',0,3,'2026-03-30 17:51:34'),(1084,'ST-RET-1775321051892','PI1774868203628',46,NULL,NULL,'001',40,1,'2026-04-04 22:14:12'),(1085,'TI-RET-1776907027167','TEMP-1774610348899',NULL,2,NULL,'001',25,1,'2026-04-23 06:47:07'),(1086,'TI-RET-1776907027167','TEMP-1774610348899',NULL,2,NULL,'002',0,1,'2026-04-23 06:47:07'),(1087,'TI-RET-1776907050507','TEMP-1774873092010',46,NULL,NULL,'001',41,1,'2026-04-23 06:47:31'),(1088,'TI-1776920505690',NULL,46,NULL,NULL,'001',42,-1,'2026-04-23 10:31:46'),(1089,'TI-1776921739611',NULL,NULL,56,NULL,'988989',10,-2,'2026-04-23 10:52:20'),(1090,'TY-1776922445905',NULL,46,NULL,NULL,'001',41,-1,'2026-04-23 11:04:06'),(1091,'TY-1776922506077',NULL,NULL,11,NULL,'001',62,-4,'2026-04-23 11:05:06'),(1092,'TI-RET-1776923421718','TI-1776921739611',NULL,56,NULL,'988989',8,2,'2026-04-23 11:20:22'),(1093,'TY-RET-1776924227831','TY-1776922445905',46,NULL,NULL,'001',40,1,'2026-04-23 11:33:48'),(1094,'PI-1776939350906',NULL,46,NULL,NULL,'001',41,-3,'2026-04-23 15:45:51'),(1095,'PI-1776943560333',NULL,23,NULL,NULL,'R001',18,0,'2026-04-23 16:56:00'),(1096,'PI-1776943560333',NULL,23,NULL,NULL,'R002',21,-1,'2026-04-23 16:56:00'),(1097,'PI-1776943959678',NULL,27,NULL,NULL,'001',16,-1,'2026-04-23 17:02:40'),(1098,'PI-1776943959678',NULL,27,NULL,NULL,'002',18,0,'2026-04-23 17:02:40'),(1099,'PI-1776946589632',NULL,27,NULL,NULL,'001',15,-1,'2026-04-23 17:46:30'),(1100,'PI-1776946589632',NULL,27,NULL,NULL,'002',18,0,'2026-04-23 17:46:30'),(1101,'PI-1776946667584',NULL,NULL,23,NULL,'1256',33,-1,'2026-04-23 17:47:48'),(1102,'TI-1776946717496',NULL,NULL,8,NULL,'001',102,-1,'2026-04-23 17:48:37'),(1103,'TY-1776946830211',NULL,NULL,8,NULL,'001',101,-1,'2026-04-23 17:50:30'),(1104,'PI-1776947487785',NULL,54,NULL,NULL,'R152',9,-1,'2026-04-23 18:01:28'),(1105,'PI-1777088897936',NULL,46,NULL,NULL,'001',38,-1,'2026-04-25 09:18:18'),(1106,'PR-RET-1777233470927','PI-1777088897936',46,NULL,NULL,'001',37,1,'2026-04-27 01:27:51');
/*!40000 ALTER TABLE `box_transaction` ENABLE KEYS */;
UNLOCK TABLES;

--
-- Table structure for table `config`
--

DROP TABLE IF EXISTS `config`;
/*!40101 SET @saved_cs_client     = @@character_set_client */;
/*!50503 SET character_set_client = utf8mb4 */;
CREATE TABLE `config` (
  `id` int NOT NULL AUTO_INCREMENT,
  `type` varchar(50) NOT NULL,
  `attr_1` varchar(50) NOT NULL,
  `attr_2` varchar(50) DEFAULT NULL,
  `attr_3` varchar(50) DEFAULT NULL,
  `attr_4` varchar(50) DEFAULT NULL,
  PRIMARY KEY (`id`)
) ENGINE=InnoDB AUTO_INCREMENT=149 DEFAULT CHARSET=utf8mb4 COLLATE=utf8mb4_0900_ai_ci;
/*!40101 SET character_set_client = @saved_cs_client */;

--
-- Dumping data for table `config`
--

LOCK TABLES `config` WRITE;
/*!40000 ALTER TABLE `config` DISABLE KEYS */;
INSERT INTO `config` VALUES (1,'location_of_storage','FWD SPTA',NULL,NULL,NULL),(3,'location_of_storage','AER Workshop',NULL,NULL,NULL),(4,'location_of_storage','Reserved Room1',NULL,NULL,NULL),(5,'location_of_storage','RACK-A',NULL,NULL,NULL),(6,'location_of_storage','RACK-B',NULL,NULL,NULL),(7,'location_of_storage','RACK-C',NULL,NULL,NULL),(9,'issue','FER',NULL,NULL,NULL),(10,'issue','AER',NULL,NULL,NULL),(11,'issue','OMS',NULL,NULL,NULL),(12,'issue','Control',NULL,NULL,NULL),(16,'concurred_by','EO',NULL,NULL,NULL),(17,'concurred_by','SEO',NULL,NULL,NULL),(18,'concurred_by','AEO (FWD)',NULL,NULL,NULL),(19,'concurred_by','AEO (AFT)',NULL,NULL,NULL),(20,'concurred_by','AEO (OMS)',NULL,NULL,NULL),(27,'service_no','001','Amit  Sharma',NULL,NULL),(28,'service_no','002','Rohit Verma',NULL,NULL),(29,'service_no','003','Anjali Singh',NULL,NULL),(30,'service_no','004','Arjun Mehta',NULL,NULL),(31,'service_no','005','Priya Nair',NULL,NULL),(32,'service_no','006','Kunal Bose',NULL,NULL),(33,'service_no','000','Sudipto Dutta',NULL,NULL),(34,'service_no','10010','Sudipto Dutta',NULL,NULL),(49,'location','fxbfd',NULL,NULL,NULL),(50,'location','new123',NULL,NULL,NULL),(52,'location','vsd',NULL,NULL,NULL),(53,'location','xcxbcx',NULL,NULL,NULL),(54,'service_no','12345','Sudipto Dutta ','ABC','07449550732'),(55,'service_no','12','Sudipto Dutta 3333','ABC','07449550732'),(57,'service_no','123456','NEW PERSON','ABC','07449550732'),(59,'location','turex',NULL,NULL,NULL),(61,'location','Reserved Room 2',NULL,NULL,NULL),(62,'location','Reserved Room 2',NULL,NULL,NULL),(63,'location','Reserved Room 2',NULL,NULL,NULL),(64,'issue','Turbo',NULL,NULL,NULL),(76,'location_of_storage','RACK ABC',NULL,NULL,NULL),(92,'surveyReason','RGRG',NULL,NULL,NULL),(112,'survey','BER',NULL,NULL,NULL),(113,'survey','BLR',NULL,NULL,NULL),(114,'survey','SERVICEABLE',NULL,NULL,NULL),(116,'survey','NEWWWQWWREG',NULL,NULL,NULL),(117,'survey','NEW SURVEY 2026',NULL,NULL,NULL),(118,'location_of_storage','LOCATION 001',NULL,NULL,NULL),(119,'survey','HJFFY',NULL,NULL,NULL),(121,'category','P',NULL,NULL,NULL),(122,'category','R',NULL,NULL,NULL),(123,'category','C',NULL,NULL,NULL),(124,'category','LP',NULL,NULL,NULL),(127,'denos','NOS',NULL,NULL,NULL),(128,'denos','LTRS',NULL,NULL,NULL),(129,'denos','KGS',NULL,NULL,NULL),(130,'denos','PKTS',NULL,NULL,NULL),(136,'denos','BOX',NULL,NULL,NULL),(138,'equipment_system','BGT',NULL,NULL,NULL),(141,'equipment_system','CGT',NULL,NULL,NULL),(142,'equipment_system','HYDRAULIC SYSTEM',NULL,NULL,NULL),(147,'equipment_system','ELECTRICAL SYSTEM',NULL,NULL,NULL);
/*!40000 ALTER TABLE `config` ENABLE KEYS */;
UNLOCK TABLES;

--
-- Table structure for table `d787_special_demand`
--

DROP TABLE IF EXISTS `d787_special_demand`;
/*!40101 SET @saved_cs_client     = @@character_set_client */;
/*!50503 SET character_set_client = utf8mb4 */;
CREATE TABLE `d787_special_demand` (
  `id` int NOT NULL AUTO_INCREMENT,
  `spare_id` int DEFAULT NULL,
  `tool_id` int DEFAULT NULL,
  `obs_authorised` int NOT NULL,
  `obs_increase_qty` int NOT NULL,
  `quote_authority` varchar(255) DEFAULT NULL,
  `internal_demand_no` varchar(50) DEFAULT NULL,
  `internal_demand_date` date DEFAULT NULL,
  `requisition_no` varchar(50) DEFAULT NULL,
  `requisition_date` date DEFAULT NULL,
  `mo_demand_no` varchar(50) DEFAULT NULL,
  `mo_demand_date` date DEFAULT NULL,
  `created_by` int NOT NULL,
  `created_by_name` varchar(100) NOT NULL,
  `created_at` timestamp NULL DEFAULT CURRENT_TIMESTAMP,
  `approved_by` int DEFAULT NULL,
  `approved_at` date DEFAULT NULL,
  `obs_maintained` int NOT NULL DEFAULT '0',
  `obs_held` int NOT NULL DEFAULT '0',
  `maintained_qty` int NOT NULL DEFAULT '0',
  `qty_held` int NOT NULL DEFAULT '0',
  PRIMARY KEY (`id`),
  KEY `fk_d787_approved_by` (`approved_by`),
  CONSTRAINT `fk_d787_approved_by` FOREIGN KEY (`approved_by`) REFERENCES `users` (`id`)
) ENGINE=InnoDB AUTO_INCREMENT=39 DEFAULT CHARSET=utf8mb4 COLLATE=utf8mb4_0900_ai_ci;
/*!40101 SET character_set_client = @saved_cs_client */;

--
-- Dumping data for table `d787_special_demand`
--

LOCK TABLES `d787_special_demand` WRITE;
/*!40000 ALTER TABLE `d787_special_demand` DISABLE KEYS */;
INSERT INTO `d787_special_demand` VALUES (2,46,NULL,30,30,NULL,NULL,NULL,NULL,NULL,NULL,NULL,2,'Avijit Paul','2026-02-22 11:56:15',NULL,NULL,25,25,25,25),(4,NULL,11,30,30,NULL,NULL,NULL,NULL,NULL,NULL,NULL,2,'Avijit Paul','2026-02-23 06:49:11',NULL,NULL,25,15,25,15),(23,NULL,17,30,30,NULL,NULL,NULL,NULL,NULL,NULL,NULL,2,'Avijit Paul','2026-02-25 05:54:48',NULL,NULL,30,12,30,12),(24,60,NULL,25,25,NULL,NULL,NULL,NULL,NULL,NULL,NULL,2,'Avijit Paul','2026-02-25 09:21:38',NULL,NULL,30,25,30,25),(25,NULL,18,30,30,NULL,NULL,NULL,NULL,NULL,NULL,NULL,2,'Avijit Paul','2026-02-25 09:28:22',NULL,NULL,25,30,25,30),(27,NULL,20,12,12,NULL,NULL,NULL,NULL,NULL,NULL,NULL,2,'Avijit Paul','2026-02-26 12:08:00',NULL,NULL,30,12,30,12),(28,NULL,21,25,25,NULL,NULL,NULL,NULL,NULL,NULL,NULL,2,'Avijit Paul','2026-02-26 12:11:13',NULL,NULL,25,18,25,18),(30,NULL,22,12,12,NULL,NULL,NULL,NULL,NULL,NULL,NULL,2,'Avijit Paul','2026-02-27 02:44:43',NULL,NULL,30,12,30,12),(32,NULL,27,30,30,NULL,NULL,NULL,NULL,NULL,NULL,NULL,2,'Avijit Paul','2026-02-28 11:44:03',NULL,NULL,30,12,30,12),(33,64,NULL,10,10,NULL,NULL,NULL,NULL,NULL,NULL,NULL,4,'Sudipto Dutta ','2026-02-28 11:55:48',NULL,NULL,8,6,8,6);
/*!40000 ALTER TABLE `d787_special_demand` ENABLE KEYS */;
UNLOCK TABLES;

--
-- Table structure for table `demand`
--

DROP TABLE IF EXISTS `demand`;
/*!40101 SET @saved_cs_client     = @@character_set_client */;
/*!50503 SET character_set_client = utf8mb4 */;
CREATE TABLE `demand` (
  `id` int NOT NULL AUTO_INCREMENT,
  `spare_id` int DEFAULT NULL,
  `tool_id` int DEFAULT NULL,
  `issue_to` varchar(25) DEFAULT NULL,
  `transaction_id` varchar(50) NOT NULL,
  `survey_qty` int NOT NULL DEFAULT '0',
  `survey_voucher_no` varchar(25) DEFAULT NULL,
  `survey_date` date NOT NULL,
  `created_at` datetime NOT NULL,
  `created_by` int NOT NULL,
  `status` varchar(25) DEFAULT 'pending',
  `reason_for_survey` varchar(255) DEFAULT NULL,
  `remarks` varchar(255) DEFAULT NULL,
  `remarks_survey` varchar(255) DEFAULT NULL,
  PRIMARY KEY (`id`),
  KEY `created_by` (`created_by`),
  KEY `spare_id` (`spare_id`),
  KEY `tool_id` (`tool_id`),
  CONSTRAINT `demand_ibfk_1` FOREIGN KEY (`created_by`) REFERENCES `users` (`id`),
  CONSTRAINT `demand_ibfk_2` FOREIGN KEY (`spare_id`) REFERENCES `spares` (`id`),
  CONSTRAINT `demand_ibfk_3` FOREIGN KEY (`tool_id`) REFERENCES `tools` (`id`)
) ENGINE=InnoDB AUTO_INCREMENT=191 DEFAULT CHARSET=utf8mb4 COLLATE=utf8mb4_0900_ai_ci;
/*!40101 SET character_set_client = @saved_cs_client */;

--
-- Dumping data for table `demand`
--

LOCK TABLES `demand` WRITE;
/*!40000 ALTER TABLE `demand` DISABLE KEYS */;
INSERT INTO `demand` VALUES (4,2,NULL,NULL,'PI1769941208168',3,'jbhjijk6566','2026-02-01','2026-02-01 15:52:22',2,'complete','',NULL,NULL),(5,2,NULL,NULL,'PI1769941208168',1,'jbhjijk65345','2026-02-01','2026-02-01 15:52:59',2,'complete','',NULL,NULL),(6,2,NULL,NULL,'PI1769941208168',1,'FGH45','2026-02-01','2026-02-01 15:53:13',2,'complete','',NULL,NULL),(7,2,NULL,NULL,'PI1769952131964',4,'Surevy Vr-1','2026-02-01','2026-02-01 18:53:15',2,'complete','',NULL,NULL),(8,10,NULL,'AER','PI1770014234144',5,'ser 1 ','2026-02-02','2026-02-02 12:07:14',2,'complete','',NULL,NULL),(9,4,NULL,NULL,'PI1770014598893',1,'FGH45','2026-02-02','2026-02-02 12:13:51',2,'complete','',NULL,NULL),(10,3,NULL,'AER','TI-1769963860341',5,'ser 1 ','2026-02-01','2026-02-02 00:00:00',2,'complete','',NULL,NULL),(11,2,NULL,NULL,'TMP-1769745163164',5,'FGH45','2026-02-02','2026-02-02 18:48:47',2,'complete','',NULL,NULL),(12,2,NULL,NULL,'PI1769705238984',1,'tydfy','2026-02-02','2026-02-02 19:04:54',2,'complete','',NULL,NULL),(13,2,NULL,NULL,'TI-1770014853402',5,'fnfnf','2026-02-02','2026-02-02 19:12:58',2,'complete','',NULL,NULL),(14,2,NULL,NULL,'TI-1770014853402',5,'dxfd','2026-02-02','2026-02-02 19:13:09',2,'complete','',NULL,NULL),(15,2,NULL,NULL,'PI1769705238984',1,'11itit','2026-02-02','2026-02-02 19:13:57',2,'complete','',NULL,NULL),(16,2,NULL,NULL,'TMP-1769852174475',5,'rejtrj','2026-02-02','2026-02-02 19:14:06',2,'complete','',NULL,NULL),(17,2,NULL,NULL,'TMP-1769878401346',10,'FGH45','2026-02-02','2026-02-02 21:19:53',2,'complete','',NULL,NULL),(18,2,NULL,NULL,'TMP-1769852174475',5,'6ttp87','2026-02-02','2026-02-02 21:20:09',2,'complete','',NULL,NULL),(19,2,NULL,NULL,'TI-1769878107214',5,'eerj554u','2026-02-02','2026-02-02 21:20:21',2,'complete','',NULL,NULL),(20,4,NULL,NULL,'PI1770014598893',1,'ytk6k6r','2026-02-02','2026-02-02 21:20:32',2,'complete','',NULL,NULL),(21,2,NULL,NULL,'TMP-1769881924757',5,'65J56','2026-02-02','2026-02-02 21:23:43',2,'complete','',NULL,NULL),(22,2,NULL,NULL,'TMP-1769881924757',5,'I56I56I65','2026-02-02','2026-02-02 21:23:52',2,'complete','',NULL,NULL),(23,2,NULL,NULL,'TI-1769878107214',4,'DBFD','2026-02-02','2026-02-02 21:24:08',2,'complete','',NULL,NULL),(52,21,NULL,NULL,'PI1770208238249',5,'FGH45','2026-02-06','2026-02-06 12:12:11',2,'complete','',NULL,NULL),(53,15,NULL,NULL,'PI1770145697163',1,'FGH45','2026-02-07','2026-02-07 17:22:45',2,'complete','',NULL,NULL),(54,15,NULL,NULL,'PI1770145697163',2,'FGH45','2026-02-07','2026-02-07 19:05:35',2,'complete','',NULL,NULL),(55,15,NULL,NULL,'PI1770145697163',1,'FGH45','2026-02-07','2026-02-07 19:07:09',2,'complete','',NULL,NULL),(59,2,NULL,NULL,'TI-1770190340699',1,'FGH45','2026-02-09','2026-02-09 10:11:35',2,'complete','',NULL,NULL),(61,2,NULL,NULL,'TI-1770191786097',5,'FGH45','2026-02-09','2026-02-09 16:58:51',2,'complete','',NULL,NULL),(62,2,NULL,NULL,'TI-1770191786097',3,'FGH45','2026-02-09','2026-02-09 16:59:00',2,'complete','',NULL,NULL),(63,2,NULL,NULL,'TI-1770191786097',2,'FGH45','2026-02-09','2026-02-09 16:59:05',2,'complete','',NULL,NULL),(64,2,NULL,NULL,'TI-1770191362903',2,'FGH45','2026-02-09','2026-02-09 16:59:12',2,'complete','',NULL,NULL),(65,2,NULL,NULL,'TI-1770191362903',1,'FGH45','2026-02-09','2026-02-09 16:59:16',2,'complete','',NULL,NULL),(66,15,NULL,NULL,'TI-1770145669363',5,'FGH45','2026-02-09','2026-02-09 17:35:21',2,'complete','',NULL,NULL),(67,2,NULL,NULL,'TI-1770120968451',2,'gtrhtyh','2026-02-09','2026-02-09 17:35:35',2,'complete','',NULL,NULL),(68,2,NULL,NULL,'PI1770186109756',3,'FGH45','2026-02-09','2026-02-09 18:11:36',2,'complete','',NULL,NULL),(69,2,NULL,NULL,'PI1770186109756',2,'FGH45','2026-02-09','2026-02-09 18:21:09',2,'complete','',NULL,NULL),(70,15,NULL,NULL,'PI1770143330896',5,'FGH45','2026-02-09','2026-02-09 18:21:14',2,'complete','',NULL,NULL),(71,15,NULL,NULL,'PI1770143330896',5,'FGH45','2026-02-09','2026-02-09 18:21:22',2,'complete','',NULL,NULL),(72,15,NULL,NULL,'PI1770143330896',5,'FGH45','2026-02-10','2026-02-10 07:47:23',2,'complete','',NULL,NULL),(73,2,NULL,NULL,'TI-1770121160372',2,'FGH45','2026-02-10','2026-02-10 07:47:28',2,'complete','',NULL,NULL),(74,2,NULL,NULL,'TI-1770121160372',1,'FGH45','2026-02-10','2026-02-10 07:47:32',2,'complete','',NULL,NULL),(75,2,NULL,NULL,'PI1770120512793',1,'FGH45','2026-02-10','2026-02-10 07:47:38',2,'complete','',NULL,NULL),(76,2,NULL,NULL,'PI1770007158289',6,'jbhjijk65345','2026-02-10','2026-02-10 10:55:29',2,'complete','',NULL,NULL),(77,2,NULL,NULL,'PI1770007158289',3,'FGH45','2026-02-10','2026-02-10 15:24:58',2,'complete','',NULL,NULL),(78,2,NULL,NULL,'PI1770120512793',1,'FGH45','2026-02-10','2026-02-10 15:25:09',2,'complete','',NULL,NULL),(79,2,NULL,NULL,'PI1769955611350',5,'FGH45','2026-02-10','2026-02-10 16:39:19',2,'complete','',NULL,NULL),(80,2,NULL,NULL,'PI1769955611350',5,'FGH45','2026-02-10','2026-02-10 16:39:23',2,'complete','',NULL,NULL),(81,2,NULL,NULL,'PI1769955611350',5,'FGH45','2026-02-10','2026-02-10 16:39:27',2,'complete','',NULL,NULL),(82,2,NULL,NULL,'PI1769955611350',5,'FGH45','2026-02-10','2026-02-10 16:39:32',2,'complete','',NULL,NULL),(83,2,NULL,NULL,'PI1769955611350',3,'FGH45','2026-02-10','2026-02-10 16:39:37',2,'complete','',NULL,NULL),(84,2,NULL,NULL,'PI1769955611350',2,'FGH45','2026-02-10','2026-02-10 16:39:43',2,'complete','',NULL,NULL),(85,2,NULL,NULL,'PI1769955611350',4,'FGH45','2026-02-10','2026-02-10 16:39:52',2,'complete','',NULL,NULL),(86,2,NULL,NULL,'PI1769955611350',2,'FGH45','2026-02-10','2026-02-10 16:39:58',2,'complete','',NULL,NULL),(87,2,NULL,NULL,'PI1769952131964',1,'FGH45','2026-02-10','2026-02-10 16:40:08',2,'complete','',NULL,NULL),(88,2,NULL,NULL,'TMP-1769773933369',3,'FGH45','2026-02-10','2026-02-10 16:40:18',2,'complete','',NULL,NULL),(89,2,NULL,NULL,'TMP-1769773933369',5,'FGH45','2026-02-10','2026-02-10 16:40:23',2,'complete','',NULL,NULL),(90,2,NULL,NULL,'TMP-1769773933369',2,'FGH45','2026-02-10','2026-02-10 16:40:30',2,'complete','',NULL,NULL),(91,2,NULL,NULL,'PI1770007158289',1,'FGH45','2026-02-11','2026-02-11 08:22:20',2,'complete','',NULL,NULL),(99,NULL,5,NULL,'PI1771221274250',5,'FGH45','2026-02-16','2026-02-16 11:25:19',2,'complete','',NULL,NULL),(100,NULL,5,NULL,'PI1771221274250',5,'jbhjijk65345','2026-02-16','2026-02-16 11:25:25',2,'complete','',NULL,NULL),(106,NULL,5,NULL,'PI1771828166915',4,'FGH45','2026-02-23','2026-02-23 11:59:50',2,'complete','',NULL,NULL),(109,NULL,5,NULL,'PI1771828166915',1,'FGH45','2026-02-25','2026-02-25 12:42:53',2,'pending','',NULL,NULL),(110,21,NULL,NULL,'PI1771408349953',3,'FGH45','2026-02-25','2026-02-25 12:43:00',2,'pending','',NULL,NULL),(111,21,NULL,NULL,'PI1771408349953',2,'FGH45','2026-02-25','2026-02-25 12:43:05',2,'pending','',NULL,NULL),(112,21,NULL,NULL,'PI1771408349953',2,'jbhjijk65345','2026-02-25','2026-02-25 12:43:12',2,'pending','',NULL,NULL),(113,21,NULL,NULL,'PI1771408349953',2,'FGH45','2026-02-25','2026-02-25 12:43:19',2,'pending','',NULL,NULL),(114,21,NULL,NULL,'PI1771408349953',1,'FGH45','2026-02-25','2026-02-25 12:43:25',2,'pending','',NULL,NULL),(115,3,NULL,'OMS','TI-1771158408837',1,'12','2026-02-15','2026-02-26 00:54:56',2,'pending','',NULL,NULL),(116,27,NULL,'AER','PI1772052209933',5,'12','2026-02-26','2026-02-26 02:13:29',2,'pending','',NULL,NULL),(117,27,NULL,'AER','PI1772074155705',5,'12','2026-02-26','2026-02-26 08:19:15',2,'pending','',NULL,NULL),(118,27,NULL,'AER','PI1772076375436',5,'12','2026-02-26','2026-02-26 08:56:15',2,'pending','',NULL,NULL),(119,27,NULL,'AER','PI1772076406511',5,'12','2026-02-26','2026-02-26 08:56:46',2,'pending','',NULL,NULL),(120,27,NULL,'AER','PI1772076461060',2,'12','2026-02-26','2026-02-26 08:57:41',2,'pending','',NULL,NULL),(121,54,NULL,'OMS','PI1772086118389',1,'123456','2026-02-26','2026-02-26 11:38:38',2,'pending','',NULL,NULL),(122,46,NULL,NULL,'PI1772531179224',1,'SURVEY 3rd march','2026-03-03','2026-03-03 15:17:00',4,'complete','',NULL,NULL),(123,46,NULL,NULL,'PI-1772536838911',1,'FGH45','2026-03-03','2026-03-03 17:05:46',4,'complete','',NULL,NULL),(125,46,NULL,NULL,'PI1772086144554',1,'4TH MARCH 2','2026-03-04','2026-03-04 08:00:00',2,'complete','',NULL,NULL),(126,46,NULL,NULL,'PI-1772592113614',1,'555','2026-03-04','2026-03-04 08:12:14',2,'complete','',NULL,NULL),(127,54,NULL,'AER','PI-1772677023359',1,'123456','2026-03-05','2026-03-05 07:47:03',4,'pending','',NULL,NULL),(128,10,NULL,'AER','PI-1772678123646',1,'12345','2026-03-05','2026-03-05 08:05:23',4,'pending','',NULL,NULL),(129,54,NULL,'AER','PI-1772678408759',1,'123456','2026-03-05','2026-03-05 08:10:08',4,'pending','',NULL,NULL),(130,27,NULL,'AER','PI-1772679125085',1,'123456','2026-03-05','2026-03-05 08:22:05',4,'pending','BER',NULL,NULL),(131,54,NULL,'AER','PI-1772680324603',1,'123456','2026-03-05','2026-03-05 08:42:04',4,'pending','BER',NULL,NULL),(132,NULL,4,'AER','PI-1772680448964',2,'123456','2026-03-05','2026-03-05 08:44:08',4,'reversed','',NULL,NULL),(133,54,NULL,'FER','PI-1772680983692',1,'123456','2026-03-05','2026-03-05 08:53:03',4,'reversed','BER',NULL,NULL),(135,NULL,2,'AER','PI-1772690554058',1,'123456','2026-03-05','2026-03-05 11:32:34',4,'reversed','',NULL,NULL),(136,NULL,2,'OMS','PI-1772690574192',1,'123456','2026-03-05','2026-03-05 11:32:54',4,'reversed','BER',NULL,NULL),(137,NULL,2,'AER','PI-1772690659569',3,'123456','2026-03-05','2026-03-05 11:34:19',4,'pending','BER',NULL,NULL),(138,61,NULL,NULL,'PI-1772690185872',1,'jbhjijk65345','2026-03-08','2026-03-08 10:19:27',4,'pending','BERBER',NULL,NULL),(139,61,NULL,NULL,'PI-1772690185872',1,'FGH45Gg','2026-03-08','2026-03-08 10:20:00',4,'reversed','BERBER',NULL,NULL),(140,61,NULL,NULL,'PI-1772690185872',1,'HTHYUYTU','2026-03-08','2026-03-08 10:22:02',4,'complete','BER',NULL,NULL),(141,61,NULL,NULL,'PI-1772690185872',1,'SURVEY QTY 09 2026','2026-03-09','2026-03-09 09:59:40',4,'pending','BER',NULL,NULL),(143,NULL,7,NULL,'PI1772082122183',1,'RIGHT','2026-03-09','2026-03-09 10:10:24',4,'reversed','BEL',NULL,NULL),(144,NULL,7,NULL,'PI-1773031422383',1,'SURVEY 2026 09 ','2026-03-09','2026-03-09 10:25:47',4,'pending','BEL',NULL,NULL),(145,NULL,7,NULL,'PI-1773031422383',1,'SURVEY 10','2026-03-10','2026-03-10 10:45:08',4,'reversed','BEL',NULL,NULL),(146,NULL,7,NULL,'PI1772082122183',1,'009','2026-03-10','2026-03-10 11:18:52',4,'pending','SERVICEABLE','009',NULL),(147,NULL,7,NULL,'PI1772082122183',1,'123356','2026-03-10','2026-03-10 11:32:50',4,'reversed','NEWWWQWWREG','009',NULL),(148,NULL,7,NULL,'PI1772082122183',1,'12DSF','2026-03-10','2026-03-10 11:35:09',4,'reversed','BLR','0088DGRY',NULL),(149,46,NULL,NULL,'PI-1773122790077',1,'SURVEY009','2026-03-10','2026-03-10 11:36:52',4,'complete','BLR','009',NULL),(151,NULL,7,NULL,'PI1772082122183',2,'SURVEY 2026','2026-03-10','2026-03-10 19:46:56',4,'reversed','SERVICEABLE','REMARKS 2026',NULL),(152,54,NULL,'OMS','PI-1773203995528',1,'123456','2026-03-11','2026-03-11 10:09:55',4,'reversed',NULL,NULL,NULL),(153,27,NULL,'OMS','PI-1773204124307',1,'123456','2026-03-11','2026-03-11 10:12:04',4,'reversed',NULL,NULL,NULL),(154,3,NULL,'AER','PI-1773204177640',1,'12345','2026-03-11','2026-03-11 10:12:57',4,'reversed',NULL,NULL,NULL),(155,46,NULL,NULL,'PI-1773204298583',2,'12SURVEY','2026-03-11','2026-03-11 10:15:56',4,'reversed','BLR','123456',NULL),(162,64,NULL,'MANUAL','ADD_DM-1773288844032',2,'MANUAL','2026-03-12','2026-03-12 09:44:04',4,'pending',NULL,NULL,NULL),(163,NULL,26,'MANUAL','ADD_DM-1773288889411',3,'MANUAL','2026-03-12','2026-03-12 09:44:49',4,'pending',NULL,NULL,NULL),(164,54,NULL,'AER','PI-1773340902239',2,'123456','2026-03-13','2026-03-13 00:11:42',4,'reversed',NULL,NULL,NULL),(165,54,NULL,'AER','PI-1773341116805',1,'123456','2026-03-13','2026-03-13 00:15:16',4,'reversed',NULL,NULL,NULL),(166,46,NULL,NULL,'PI-1773204298583',1,'SURVEY 001','2026-03-13','2026-03-13 00:16:17',4,'complete','NEWWWQWWREG','123',NULL),(167,27,NULL,'AER','PI-1773491298577',1,NULL,'2026-03-14','2026-03-14 17:58:18',4,'complete',NULL,NULL,NULL),(168,54,NULL,'AER','PI-1773491341523',4,NULL,'2026-03-14','2026-03-14 17:59:01',4,'complete',NULL,NULL,NULL),(169,21,NULL,NULL,'PI1772076918207',2,'SURVEY045','2026-03-14','2026-03-14 23:43:33',4,'complete','SERVICEABLE','REMARKS',NULL),(170,NULL,20,NULL,'ADD_SUR-1773640172414',2,'SURVEY00123','2026-03-16','2026-03-16 11:20:00',4,'complete','SERVICEABLE','235',NULL),(171,15,NULL,'MANUAL','ADD_DM-1773640269933',3,'MANUAL','2026-03-16','2026-03-16 11:21:09',4,'complete',NULL,NULL,NULL),(173,54,NULL,'AER','PI-1773811473281',1,NULL,'2026-03-18','2026-03-18 10:54:33',4,'complete',NULL,NULL,NULL),(175,NULL,8,NULL,'PI1774328793044',1,'','2026-03-24','2026-03-24 10:36:33',1,'pending',NULL,NULL,NULL),(176,27,NULL,NULL,'PI1774331558645',2,'','2026-03-24','2026-03-24 11:22:38',1,'pending',NULL,NULL,'REMARKS89'),(177,27,NULL,NULL,'PI1774420911564',1,'','2026-03-25','2026-03-25 12:11:51',1,'pending',NULL,NULL,'REMARKS89'),(178,27,NULL,NULL,'PI1774420948725',12,'','2026-03-25','2026-03-25 12:12:28',1,'pending',NULL,NULL,'REMARKS89'),(179,27,NULL,NULL,'PI1774421013220',1,'','2026-03-25','2026-03-25 12:13:33',1,'pending',NULL,NULL,'REMARKS89'),(180,27,NULL,NULL,'PI1774421032110',1,'','2026-03-25','2026-03-25 12:13:52',1,'pending',NULL,NULL,'REMARKS89'),(181,NULL,6,NULL,'PI1774871076074',1,'','2026-03-30','2026-03-30 17:14:36',1,'pending',NULL,'5669','REMARKS36'),(182,NULL,6,NULL,'PI1774871097075',2,'','2026-03-30','2026-03-30 17:14:57',1,'pending',NULL,'5remark','REMARKS36'),(183,27,NULL,'FER','PI-1776943959678',1,NULL,'2026-04-23','2026-04-23 17:02:39',4,'pending',NULL,'455','REMARKS36'),(184,27,NULL,'OMS','PI-1776946589632',1,NULL,'2026-04-23','2026-04-23 17:46:29',4,'pending',NULL,NULL,NULL),(185,23,NULL,NULL,'PI-1776943560333',1,'SURVEY001','2026-04-23','2026-04-23 18:00:43',4,'pending','SERVICEABLE','REMARKS 23_4TH APRIL',NULL),(186,54,NULL,'AER','PI-1776947487785',1,NULL,'2026-04-23','2026-04-23 18:01:27',4,'complete',NULL,NULL,'REMARKS WITHDRAWAL'),(187,46,NULL,'MANUAL','ADD_DM-1777086246186',2,'MANUAL','2026-04-25','2026-04-25 08:34:06',4,'pending',NULL,NULL,NULL),(188,46,NULL,NULL,'PI-1777088897936',1,'123456','2026-04-25','2026-04-25 09:18:52',4,'complete','SERVICEABLE','REMARKS123',NULL),(189,46,NULL,NULL,'PI-1776939350906',2,'SURVEY523','2026-04-25','2026-04-25 11:27:40',4,'complete','SERVICEABLE',NULL,NULL),(190,109,NULL,'MANUAL','ADD_DM-1777118139913',5,'MANUAL','2026-04-25','2026-04-25 17:25:39',4,'pending',NULL,NULL,NULL);
/*!40000 ALTER TABLE `demand` ENABLE KEYS */;
UNLOCK TABLES;

--
-- Table structure for table `departments`
--

DROP TABLE IF EXISTS `departments`;
/*!40101 SET @saved_cs_client     = @@character_set_client */;
/*!50503 SET character_set_client = utf8mb4 */;
CREATE TABLE `departments` (
  `id` int NOT NULL AUTO_INCREMENT,
  `name` varchar(100) NOT NULL,
  PRIMARY KEY (`id`),
  UNIQUE KEY `name` (`name`)
) ENGINE=InnoDB AUTO_INCREMENT=3 DEFAULT CHARSET=utf8mb4 COLLATE=utf8mb4_0900_ai_ci;
/*!40101 SET character_set_client = @saved_cs_client */;

--
-- Dumping data for table `departments`
--

LOCK TABLES `departments` WRITE;
/*!40000 ALTER TABLE `departments` DISABLE KEYS */;
INSERT INTO `departments` VALUES (1,'Engineering'),(2,'Support');
/*!40000 ALTER TABLE `departments` ENABLE KEYS */;
UNLOCK TABLES;

--
-- Table structure for table `doc_corner`
--

DROP TABLE IF EXISTS `doc_corner`;
/*!40101 SET @saved_cs_client     = @@character_set_client */;
/*!50503 SET character_set_client = utf8mb4 */;
CREATE TABLE `doc_corner` (
  `id` int NOT NULL AUTO_INCREMENT,
  `description` varchar(255) DEFAULT NULL,
  `folder_no` varchar(100) DEFAULT NULL,
  `equipment_system` varchar(150) DEFAULT NULL,
  `denos` varchar(100) DEFAULT NULL,
  `obs_authorised` int DEFAULT NULL,
  `obs_maintained` int NOT NULL DEFAULT '0',
  `obs_authorised_new` int DEFAULT NULL,
  `obs_held` int DEFAULT NULL,
  `b_d_authorised` int DEFAULT NULL,
  `category` varchar(100) DEFAULT NULL,
  `box_no` json DEFAULT NULL,
  `item_distribution` varchar(150) DEFAULT NULL,
  `storage_location` varchar(150) DEFAULT NULL,
  `item_code` varchar(100) DEFAULT NULL,
  `indian_pattern` varchar(150) DEFAULT NULL,
  `remarks` text,
  `department` varchar(150) DEFAULT NULL,
  `nac_date` date DEFAULT NULL,
  `uidoem` varchar(150) DEFAULT NULL,
  `supplier` varchar(150) DEFAULT NULL,
  `substitute_name` varchar(150) DEFAULT NULL,
  `local_terminology` varchar(150) DEFAULT NULL,
  `images` json DEFAULT NULL,
  `created_at` timestamp NULL DEFAULT CURRENT_TIMESTAMP,
  `updated_at` timestamp NULL DEFAULT CURRENT_TIMESTAMP ON UPDATE CURRENT_TIMESTAMP,
  `days_untill_return` int DEFAULT '0',
  PRIMARY KEY (`id`)
) ENGINE=InnoDB AUTO_INCREMENT=13 DEFAULT CHARSET=utf8mb4 COLLATE=utf8mb4_0900_ai_ci;
/*!40101 SET character_set_client = @saved_cs_client */;

--
-- Dumping data for table `doc_corner`
--

LOCK TABLES `doc_corner` WRITE;
/*!40000 ALTER TABLE `doc_corner` DISABLE KEYS */;
INSERT INTO `doc_corner` VALUES (1,'TELEPHONE 1235555',NULL,'CGT','NOS',10,10,NULL,12,2,'P','[{\"no\": \"001\", \"qn\": \"5\", \"qtyHeld\": \"12\", \"location\": \"FWD SPTA\"}, {\"no\": \"002\", \"qn\": \"5\", \"qtyHeld\": \"0\", \"location\": \"RACK-C\"}]',NULL,NULL,'090088009-09','IN-TELE-STD-001','GFYTRTESWUR6','1',NULL,'BEL India1002','SUDIPTO DUTTA','125435','358','[]','2026-02-07 03:49:48','2026-02-23 04:46:25',5),(2,'HYDRAULIC PUMP MANUAL',NULL,'HYDRAULIC SYSTEM','10',25,10,NULL,20,10,'10','[{\"no\": \"RBX01\", \"qn\": \"10\", \"qtyHeld\": \"9\", \"location\": \"AER Workshop\"}, {\"no\": \"RBX02\", \"qn\": \"15\", \"qtyHeld\": \"11\", \"location\": \"Reserved Room1\"}]',NULL,NULL,'090088009-09','FOLDER-001','REMARKS','1',NULL,'BEL India1002','SUDIPTO DUTTA','10','10','[]','2026-02-07 04:06:56','2026-03-04 17:39:04',5),(3,'ELECTRICAL WIRING DIAGRAM','008','ELECTRICAL SYSTEM','NOS',14,10,NULL,14,455,'P','[{\"no\": \"R001\", \"qn\": \"7\", \"qnMain\": \"5\", \"qtyHeld\": \"6\", \"location\": \"RACK-A\"}, {\"no\": \"R002\", \"qn\": \"7\", \"qnMain\": \"5\", \"qtyHeld\": \"8\", \"location\": \"RACK-B\"}]',NULL,NULL,'090088009-09','FOLDER-002','XYZ','1',NULL,'xyz223','supplier 2026','225356','679868','[]','2026-02-07 04:11:16','2026-03-10 13:15:51',5),(6,'TELEPHONE 123','004','CGT','NOS',28,10,28,24,2,'P','[{\"no\": \"R001\", \"qn\": \"14\", \"qtyHeld\": \"14\", \"location\": \"RACK-A\"}, {\"no\": \"R002\", \"qn\": \"14\", \"qtyHeld\": \"10\", \"location\": \"RACK-B\"}]',NULL,NULL,'090088009-09','IN-TELE-STD-001','DDWEWQRW','1',NULL,'NEW OEM','Test Oem','226886','27838','[]','2026-02-07 09:56:12','2026-02-23 04:46:25',5),(7,'TELEPHONE 1231345687','005','HYDRAULIC SYSTEM','NOS',10,10,10,3,2,'P','\"[{\\\"no\\\":\\\"001\\\",\\\"qn\\\":\\\"10\\\",\\\"qtyHeld\\\":\\\"12\\\",\\\"location\\\":\\\"RACK-C\\\"}]\"',NULL,NULL,'090088009-09','IN-TELE-STD-001',NULL,'1',NULL,NULL,NULL,'243858','6868','[]','2026-02-07 10:54:06','2026-02-23 18:17:46',5),(8,'HYDRAULIC PUMP MANUAL','006','CGT','NOS',10,10,NULL,2,2,'P','[{\"no\": \"001\", \"qn\": \"10\", \"qtyHeld\": \"14\", \"location\": \"RACK-C\"}]',NULL,NULL,'090088009-07','IN-TELE-STD-001',NULL,'1',NULL,NULL,NULL,'123','123','[]','2026-02-07 10:58:56','2026-02-23 18:17:46',5),(9,'DOCUMENT2026','007','CGT','NOS',10,5,NULL,11,2,'P','[{\"no\": \"R001\", \"qn\": \"10\", \"qtyHeld\": \"11\", \"location\": \"RACK-A\"}]',NULL,NULL,'090088009-07','001',NULL,'1',NULL,NULL,NULL,'12333','1222','[]','2026-02-07 11:34:27','2026-03-06 14:26:42',5),(10,'AAADOCUMENT2026','001','CGT','NOS',10,12,NULL,8,2,'P','[{\"no\": \"001\", \"qn\": \"10\", \"qnMain\": \"12\", \"qtyHeld\": \"8\", \"location\": \"FWD SPTA\", \"quantity\": \"\", \"boxNumber\": \"\"}]',NULL,NULL,'090088009-07','FOLDER1000','REMARKS 001','1',NULL,'oem 2026','supplier 2026','42435','37383','[\"images_0_1771728581287.webp\"]','2026-02-07 13:39:24','2026-03-06 13:26:49',5),(11,'DOCUMENT 1','009','CGT','NOS',10,5,NULL,11,2,'P','[{\"no\": \"001\", \"qn\": \"10\", \"qnMain\": \"12\", \"qtyHeld\": \"11\", \"location\": \"FWD SPTA\"}]',NULL,NULL,'090088009-07','FOLDER 001',NULL,'1',NULL,NULL,NULL,'vrdhtrh','rtrjjy','[]','2026-02-21 11:03:40','2026-03-17 18:44:43',5),(12,'ADOCCORNER','002','CGT',NULL,10,12,NULL,9,NULL,NULL,'[{\"no\": \"001\", \"qn\": \"10\", \"qnMain\": \"12\", \"qtyHeld\": \"9\", \"location\": \"FWD SPTA\", \"quantity\": \"\", \"boxNumber\": \"\"}]',NULL,NULL,NULL,'IN-TELE-STD-001','REMARKS 002','1',NULL,'xyz','xyz',NULL,NULL,'[\"images_0_1771727677910.webp\"]','2026-02-21 20:19:49','2026-03-06 14:25:57',5);
/*!40000 ALTER TABLE `doc_corner` ENABLE KEYS */;
UNLOCK TABLES;

--
-- Table structure for table `doc_issue`
--

DROP TABLE IF EXISTS `doc_issue`;
/*!40101 SET @saved_cs_client     = @@character_set_client */;
/*!50503 SET character_set_client = utf8mb4 */;
CREATE TABLE `doc_issue` (
  `id` int NOT NULL AUTO_INCREMENT,
  `transaction_id` varchar(25) NOT NULL,
  `doc_id` int NOT NULL,
  `qty_withdrawn` int NOT NULL,
  `service_no` varchar(100) NOT NULL,
  `concurred_by` varchar(150) NOT NULL,
  `issue_to` varchar(150) DEFAULT NULL,
  `issue_date` date NOT NULL,
  `loan_duration` int DEFAULT NULL,
  `return_date` date DEFAULT NULL,
  `box_no` json NOT NULL,
  `qty_received` int DEFAULT NULL,
  `created_by` int NOT NULL,
  `created_at` datetime DEFAULT CURRENT_TIMESTAMP,
  `approved_by` int DEFAULT NULL,
  `approved_at` datetime DEFAULT NULL,
  `status` varchar(10) DEFAULT 'pending',
  PRIMARY KEY (`id`),
  KEY `fk_doc_issue_doc` (`doc_id`),
  KEY `fk_doc_issue_created_by` (`created_by`),
  KEY `fk_doc_issue_approved_by` (`approved_by`),
  CONSTRAINT `fk_doc_issue_approved_by` FOREIGN KEY (`approved_by`) REFERENCES `users` (`id`) ON DELETE SET NULL ON UPDATE CASCADE,
  CONSTRAINT `fk_doc_issue_created_by` FOREIGN KEY (`created_by`) REFERENCES `users` (`id`) ON DELETE RESTRICT ON UPDATE CASCADE,
  CONSTRAINT `fk_doc_issue_doc` FOREIGN KEY (`doc_id`) REFERENCES `doc_corner` (`id`) ON DELETE CASCADE ON UPDATE CASCADE
) ENGINE=InnoDB AUTO_INCREMENT=41 DEFAULT CHARSET=utf8mb4 COLLATE=utf8mb4_0900_ai_ci;
/*!40101 SET character_set_client = @saved_cs_client */;

--
-- Dumping data for table `doc_issue`
--

LOCK TABLES `doc_issue` WRITE;
/*!40000 ALTER TABLE `doc_issue` DISABLE KEYS */;
INSERT INTO `doc_issue` VALUES (2,'DOC-1770456752612',3,1,'12','AEO (FWD)','AER','2026-02-07',25,'2026-02-07','null',1,2,'2026-02-07 15:02:32',2,'2026-02-07 18:39:58','pending'),(3,'DOC-1770460137839',1,1,'12','AEO (OMS)',NULL,'2026-02-07',12,'2026-02-07','[]',1,2,'2026-02-07 15:58:57',2,'2026-02-07 18:37:00','pending'),(4,'DOC-1770460202344',1,1,'12','SEO',NULL,'2026-02-07',23,'2026-02-07','[{\"no\": \"001\", \"qn\": \"10\", \"qtyHeld\": \"11\", \"location\": \"FWD SPTA\", \"withdraw\": 1}]',1,2,'2026-02-07 16:00:02',2,'2026-02-07 16:06:48','pending'),(5,'DOC-1770461981409',3,1,'12','AEO (OMS)',NULL,'2026-02-07',12,'2026-02-07','[{\"no\": \"R001\", \"qn\": \"7\", \"qtyHeld\": \"6\", \"location\": \"RACK-A\", \"withdraw\": \"1\"}, {\"no\": \"R002\", \"qn\": \"7\", \"qtyHeld\": \"7\", \"location\": \"RACK-B\", \"withdraw\": \"0\"}]',1,2,'2026-02-07 16:29:41',2,'2026-02-07 18:31:29','pending'),(6,'DOC-1770462020125',2,1,'12','new2','AER','2026-02-07',12,'2026-02-07','[{\"no\": \"RBX01\", \"qn\": \"10\", \"qtyHeld\": \"10\", \"location\": \"AER Workshop\", \"withdraw\": \"1\"}, {\"no\": \"RBX02\", \"qn\": \"15\", \"qtyHeld\": \"10\", \"location\": \"Reserved Room1\", \"withdraw\": \"0\"}]',1,2,'2026-02-07 16:30:20',2,'2026-02-07 16:30:33','pending'),(7,'DOC-1770464189706',9,1,'12','AEO (AFT)','AER','2026-02-07',10,'2026-02-07','[{\"no\": \"R001\", \"qn\": \"10\", \"qtyHeld\": \"12\", \"location\": \"RACK-A\", \"withdraw\": 1}]',1,2,'2026-02-07 17:06:29',2,'2026-02-07 18:29:55','pending'),(8,'DOC-1770464292529',9,1,'12','AEO (AFT)','AER','2026-02-07',10,'2026-02-07','[{\"no\": \"R001\", \"qn\": \"10\", \"qtyHeld\": \"12\", \"location\": \"RACK-A\", \"withdraw\": 1}]',1,2,'2026-02-07 17:08:12',2,'2026-02-07 17:10:17','pending'),(9,'DOC-1770471623099',10,1,'12','AEO (FWD)','AER','2026-02-07',13,'2026-02-07','[{\"no\": \"R001\", \"qn\": \"10\", \"qtyHeld\": \"12\", \"location\": \"RACK-A\", \"withdraw\": 1}]',1,2,'2026-02-07 19:10:23',2,'2026-02-07 19:10:49','pending'),(10,'DOC-1770471677260',3,1,'12345','AEO (OMS)','OMS','2026-02-07',13,'2026-02-07','[{\"no\": \"R001\", \"qn\": \"7\", \"qtyHeld\": \"7\", \"location\": \"RACK-A\", \"withdraw\": \"1\"}, {\"no\": \"R002\", \"qn\": \"7\", \"qtyHeld\": \"7\", \"location\": \"RACK-B\", \"withdraw\": \"0\"}]',1,2,'2026-02-07 19:11:17',2,'2026-02-07 19:11:58','pending'),(11,'DOC-1770515859846',10,1,'12','AEO (AFT)','AER','2026-02-08',26,'2026-02-17','[{\"no\": \"R001\", \"qn\": \"10\", \"qtyHeld\": \"12\", \"location\": \"RACK-A\", \"withdraw\": 1}]',1,2,'2026-02-08 07:27:39',2,'2026-02-17 18:13:00','pending'),(12,'DOC-1770515895723',10,1,'12','SEO','FER','2026-02-08',22,'2026-02-08','[{\"no\": \"R001\", \"qn\": \"10\", \"qtyHeld\": \"11\", \"location\": \"RACK-A\", \"withdraw\": 1}]',1,2,'2026-02-08 07:28:15',2,'2026-02-08 07:29:25','pending'),(13,'DOC-1770516038261',10,1,'12','AEO (FWD)','AER','2026-02-08',28,'2026-02-17','[{\"no\": \"R001\", \"qn\": \"10\", \"qtyHeld\": \"11\", \"location\": \"RACK-A\", \"withdraw\": 1}]',1,2,'2026-02-08 07:30:38',2,'2026-02-17 18:10:14','pending'),(14,'DOC-1771332210041',10,1,'12','AEO (OMS)','OMS','2026-02-17',12,'2026-02-21','[{\"no\": \"R001\", \"qn\": \"10\", \"qtyHeld\": \"12\", \"location\": \"RACK-A\", \"withdraw\": 1}]',1,2,'2026-02-17 18:13:30',2,'2026-02-21 16:39:58','pending'),(15,'DOC-1771672099430',11,1,'12','SEO',NULL,'2026-02-21',20,'2026-02-21','[{\"no\": \"001\", \"qn\": \"10\", \"qnMain\": \"12\", \"qtyHeld\": \"12\", \"location\": \"FWD SPTA\", \"withdraw\": 1}]',1,2,'2026-02-21 16:38:19',2,'2026-02-21 16:39:26','pending'),(16,'DOC-1771813041646',10,1,'12','new2','OMS','2026-02-23',10,'2026-02-23','[{\"no\": \"001\", \"qn\": \"10\", \"qnMain\": \"12\", \"qtyHeld\": \"12\", \"location\": \"FWD SPTA\", \"quantity\": \"\", \"withdraw\": 1, \"boxNumber\": \"\"}]',1,2,'2026-02-23 07:47:21',2,'2026-02-23 07:47:50','pending'),(17,'DOC-1771813092865',10,1,'12','AEO (OMS)','AER','2026-02-23',5,NULL,'[{\"no\": \"001\", \"qn\": \"10\", \"qnMain\": \"12\", \"qtyHeld\": \"12\", \"location\": \"FWD SPTA\", \"quantity\": \"\", \"withdraw\": 1, \"boxNumber\": \"\"}]',0,2,'2026-02-23 07:48:12',NULL,NULL,'pending'),(18,'DOC-1771813463792',10,1,'12','AEO (OMS)','FER','2026-02-23',12,'2026-03-06','[{\"no\": \"001\", \"qn\": \"10\", \"qnMain\": \"12\", \"qtyHeld\": \"11\", \"location\": \"FWD SPTA\", \"quantity\": \"\", \"withdraw\": 1, \"boxNumber\": \"\"}]',1,2,'2026-02-23 07:54:23',2,'2026-03-06 18:56:49','pending'),(19,'DOC-1771813584449',12,1,'12345','AEO (FWD)','AER','2026-02-15',3,NULL,'[{\"no\": \"001\", \"qn\": \"10\", \"qnMain\": \"12\", \"qtyHeld\": \"12\", \"location\": \"FWD SPTA\", \"quantity\": \"\", \"withdraw\": 1, \"boxNumber\": \"\"}]',0,2,'2026-02-23 07:56:24',NULL,NULL,'pending'),(20,'DOC-1771959532391',10,1,'12','new','AER','2026-02-25',12,'2026-02-28','[{\"no\": \"001\", \"qn\": \"10\", \"qnMain\": \"12\", \"qtyHeld\": \"10\", \"location\": \"FWD SPTA\", \"quantity\": \"\", \"withdraw\": 1, \"boxNumber\": \"\"}]',1,2,'2026-02-25 00:28:52',4,'2026-02-28 17:36:21','pending'),(21,'DOC-1772080111158',10,1,'12','AEO (AFT)','AER','2026-02-26',5,NULL,'[{\"no\": \"001\", \"qn\": \"10\", \"qnMain\": \"12\", \"qtyHeld\": \"9\", \"location\": \"FWD SPTA\", \"quantity\": \"\", \"withdraw\": 1, \"boxNumber\": \"\"}]',0,2,'2026-02-26 09:58:31',NULL,NULL,'pending'),(22,'DOC-1772080442534',12,1,'12','AEO (OMS)','AER','2026-02-26',0,'2026-03-06','[{\"no\": \"001\", \"qn\": \"10\", \"qnMain\": \"12\", \"qtyHeld\": \"11\", \"location\": \"FWD SPTA\", \"quantity\": \"\", \"withdraw\": 1, \"boxNumber\": \"\"}]',1,2,'2026-02-26 10:04:02',2,'2026-03-06 18:47:14','pending'),(23,'DOC-1772080842824',10,1,'123456','new','AER','2026-02-26',5,NULL,'[{\"no\": \"001\", \"qn\": \"10\", \"qnMain\": \"12\", \"qtyHeld\": \"6\", \"location\": \"FWD SPTA\", \"quantity\": \"\", \"withdraw\": 1, \"boxNumber\": \"\"}]',0,2,'2026-02-26 10:10:42',2,'2026-03-04 14:16:41','reversed'),(24,'DOC-1772081141380',12,1,'123456','AEO (AFT)','AER','2026-02-26',5,'2026-03-03','[{\"no\": \"001\", \"qn\": \"10\", \"qnMain\": \"12\", \"qtyHeld\": \"10\", \"location\": \"FWD SPTA\", \"quantity\": \"\", \"withdraw\": 1, \"boxNumber\": \"\"}]',1,2,'2026-02-26 10:15:41',4,'2026-03-03 13:10:38','pending'),(25,'DOC-1772086760912',10,1,'123456','AEO (OMS)','AER','2026-02-26',1,'2026-03-03','[{\"no\": \"001\", \"qn\": \"10\", \"qnMain\": \"12\", \"qtyHeld\": \"5\", \"location\": \"FWD SPTA\", \"quantity\": \"\", \"withdraw\": 1, \"boxNumber\": \"\"}]',1,2,'2026-02-26 11:49:20',4,'2026-03-03 12:45:35','pending'),(26,'DOC-1772348382790',3,1,'123456','AEO (AFT)','AER','2026-03-01',5,'2026-03-01','[{\"no\": \"R001\", \"qn\": \"7\", \"qnMain\": \"5\", \"qtyHeld\": \"7\", \"location\": \"RACK-A\", \"withdraw\": \"1\"}, {\"no\": \"R002\", \"qn\": \"7\", \"qnMain\": \"5\", \"qtyHeld\": \"7\", \"location\": \"RACK-B\"}]',1,4,'2026-03-01 12:29:42',4,'2026-03-01 12:32:58','pending'),(27,'DOC-1772522456025',2,1,'123456','AEO (OMS)','OMS','2026-03-03',2,'2026-03-03','[{\"no\": \"RBX01\", \"qn\": \"10\", \"qtyHeld\": \"10\", \"location\": \"AER Workshop\", \"withdraw\": \"1\"}, {\"no\": \"RBX02\", \"qn\": \"15\", \"qtyHeld\": \"10\", \"location\": \"Reserved Room1\"}]',1,4,'2026-03-03 12:50:56',4,'2026-03-03 12:53:36','pending'),(28,'DOC-1772523591131',2,1,'12345','AEO (FWD)','turex','2026-03-03',9,'2026-03-03','[{\"no\": \"RBX01\", \"qn\": \"10\", \"qtyHeld\": \"10\", \"location\": \"AER Workshop\", \"withdraw\": \"1\"}, {\"no\": \"RBX02\", \"qn\": \"15\", \"qtyHeld\": \"10\", \"location\": \"Reserved Room1\"}]',1,4,'2026-03-03 13:09:51',4,'2026-03-03 13:10:12','pending'),(29,'DOC-1772523959692',2,1,'123456','AEO (FWD)','OMS','2026-03-03',5,'2026-03-03','[{\"no\": \"RBX01\", \"qn\": \"10\", \"qtyHeld\": \"10\", \"location\": \"AER Workshop\", \"withdraw\": \"1\"}, {\"no\": \"RBX02\", \"qn\": \"15\", \"qtyHeld\": \"10\", \"location\": \"Reserved Room1\"}]',1,4,'2026-03-03 13:15:59',4,'2026-03-03 13:32:06','pending'),(30,'DOC-1772525309354',2,1,'123456','AEO (OMS)','AER','2026-03-03',9,'2026-03-03','[{\"no\": \"RBX01\", \"qn\": \"10\", \"qtyHeld\": \"10\", \"location\": \"AER Workshop\", \"withdraw\": \"1\"}, {\"no\": \"RBX02\", \"qn\": \"15\", \"qtyHeld\": \"10\", \"location\": \"Reserved Room1\"}]',1,4,'2026-03-03 13:38:29',4,'2026-03-03 13:38:53','pending'),(31,'DOC-1772645765489',3,1,'123456','AEO (FWD)','OMS','2026-03-04',5,NULL,'[{\"no\": \"R001\", \"qn\": \"7\", \"qnMain\": \"5\", \"qtyHeld\": \"6\", \"location\": \"RACK-A\"}, {\"no\": \"R002\", \"qn\": \"7\", \"qnMain\": \"5\", \"qtyHeld\": \"8\", \"location\": \"RACK-B\", \"withdraw\": \"1\"}]',0,2,'2026-03-04 23:06:05',2,'2026-03-04 23:06:51','reversed'),(32,'DOC-1772645924942',2,1,'123456','AEO (AFT)','FER','2026-03-04',5,NULL,'[{\"no\": \"RBX01\", \"qn\": \"10\", \"qtyHeld\": \"9\", \"location\": \"AER Workshop\"}, {\"no\": \"RBX02\", \"qn\": \"15\", \"qtyHeld\": \"11\", \"location\": \"Reserved Room1\", \"withdraw\": \"1\"}]',0,2,'2026-03-04 23:08:44',2,'2026-03-04 23:09:04','reversed'),(33,'DOC-1772651318607',3,1,'123456','SEO','AER','2026-03-05',3,NULL,'[{\"no\": \"R001\", \"qn\": \"7\", \"qnMain\": \"5\", \"qtyHeld\": \"6\", \"location\": \"RACK-A\"}, {\"no\": \"R002\", \"qn\": \"7\", \"qnMain\": \"5\", \"qtyHeld\": \"8\", \"location\": \"RACK-B\", \"withdraw\": \"1\"}]',0,4,'2026-03-05 00:38:38',2,'2026-03-05 00:39:46','reversed'),(34,'DOC-1772803712675',12,1,'12345','AEO (OMS)','AER','2026-03-06',5,'2026-03-06','[{\"no\": \"001\", \"qn\": \"10\", \"qnMain\": \"12\", \"qtyHeld\": \"11\", \"location\": \"FWD SPTA\", \"quantity\": \"\", \"withdraw\": 1, \"boxNumber\": \"\"}]',1,2,'2026-03-06 18:58:32',2,'2026-03-06 18:59:48','pending'),(35,'DOC-1772803732095',12,1,'123456','AEO (FWD)','OMS','2026-03-06',2,NULL,'[{\"no\": \"001\", \"qn\": \"10\", \"qnMain\": \"12\", \"qtyHeld\": \"10\", \"location\": \"FWD SPTA\", \"quantity\": \"\", \"withdraw\": 1, \"boxNumber\": \"\"}]',0,2,'2026-03-06 18:58:52',NULL,NULL,'pending'),(36,'DOC-1772803762029',9,1,'123456','AEO (FWD)','OMS','2026-03-06',3,NULL,'[{\"no\": \"R001\", \"qn\": \"10\", \"qtyHeld\": \"12\", \"location\": \"RACK-A\", \"withdraw\": 1}]',0,2,'2026-03-06 18:59:22',NULL,NULL,'pending'),(37,'DOC-1772807156996',12,1,'123456','AEO (FWD)','AER','2026-03-06',5,NULL,'[{\"no\": \"001\", \"qn\": \"10\", \"qnMain\": \"12\", \"qtyHeld\": \"10\", \"location\": \"FWD SPTA\", \"quantity\": \"\", \"withdraw\": 1, \"boxNumber\": \"\"}]',0,2,'2026-03-06 19:55:57',NULL,NULL,'pending'),(38,'DOC-1772807172298',9,1,'123456','AEO (OMS)','AER','2026-03-06',5,'2026-03-06','[{\"no\": \"R001\", \"qn\": \"10\", \"qtyHeld\": \"11\", \"location\": \"RACK-A\", \"withdraw\": 1}]',1,2,'2026-03-06 19:56:12',2,'2026-03-06 19:56:42','pending'),(39,'DOC-1773148286478',3,1,'12345','AEO (OMS)','AER','2026-03-10',5,NULL,'[{\"no\": \"R001\", \"qn\": \"7\", \"qnMain\": \"5\", \"qtyHeld\": \"6\", \"location\": \"RACK-A\"}, {\"no\": \"R002\", \"qn\": \"7\", \"qnMain\": \"5\", \"qtyHeld\": \"8\", \"location\": \"RACK-B\", \"withdraw\": \"1\"}]',0,4,'2026-03-10 18:41:26',4,'2026-03-10 18:45:51','reversed'),(40,'DOC-1773773083439',11,1,'123456','AEO (OMS)','OMS','2026-03-18',5,NULL,'[{\"no\": \"001\", \"qn\": \"10\", \"qnMain\": \"12\", \"qtyHeld\": \"12\", \"location\": \"FWD SPTA\", \"withdraw\": 1}]',0,4,'2026-03-18 00:14:43',NULL,NULL,'pending');
/*!40000 ALTER TABLE `doc_issue` ENABLE KEYS */;
UNLOCK TABLES;

--
-- Table structure for table `loan_transaction`
--

DROP TABLE IF EXISTS `loan_transaction`;
/*!40101 SET @saved_cs_client     = @@character_set_client */;
/*!50503 SET character_set_client = utf8mb4 */;
CREATE TABLE `loan_transaction` (
  `id` int NOT NULL AUTO_INCREMENT,
  `loan_id` int DEFAULT NULL,
  `date` varchar(15) DEFAULT NULL,
  `box_no` text,
  `quantity` int DEFAULT NULL,
  PRIMARY KEY (`id`),
  KEY `loan_id` (`loan_id`),
  CONSTRAINT `loan_transaction_ibfk_1` FOREIGN KEY (`loan_id`) REFERENCES `pending` (`id`) ON DELETE SET NULL ON UPDATE CASCADE
) ENGINE=InnoDB AUTO_INCREMENT=14 DEFAULT CHARSET=utf8mb4 COLLATE=utf8mb4_0900_ai_ci;
/*!40101 SET character_set_client = @saved_cs_client */;

--
-- Dumping data for table `loan_transaction`
--

LOCK TABLES `loan_transaction` WRITE;
/*!40000 ALTER TABLE `loan_transaction` DISABLE KEYS */;
INSERT INTO `loan_transaction` VALUES (10,18,'20251027',NULL,3),(11,18,'20251027',NULL,2),(12,18,'20251027',NULL,1),(13,18,'20251027',NULL,1);
/*!40000 ALTER TABLE `loan_transaction` ENABLE KEYS */;
UNLOCK TABLES;

--
-- Table structure for table `lp`
--

DROP TABLE IF EXISTS `lp`;
/*!40101 SET @saved_cs_client     = @@character_set_client */;
/*!50503 SET character_set_client = utf8mb4 */;
CREATE TABLE `lp` (
  `id` int NOT NULL AUTO_INCREMENT,
  `description` varchar(255) DEFAULT NULL,
  `equipment_system` varchar(255) DEFAULT NULL,
  `denos` varchar(255) DEFAULT NULL,
  `obs_authorised` varchar(255) DEFAULT NULL,
  `obs_held` varchar(255) DEFAULT NULL,
  `box_no` varchar(255) DEFAULT NULL,
  `storage_location` varchar(255) DEFAULT NULL,
  `remarks` text,
  `department` int DEFAULT NULL,
  PRIMARY KEY (`id`),
  KEY `department` (`department`),
  CONSTRAINT `lp_ibfk_1` FOREIGN KEY (`department`) REFERENCES `departments` (`id`) ON DELETE SET NULL ON UPDATE CASCADE
) ENGINE=InnoDB AUTO_INCREMENT=2 DEFAULT CHARSET=utf8mb4 COLLATE=utf8mb4_0900_ai_ci;
/*!40101 SET character_set_client = @saved_cs_client */;

--
-- Dumping data for table `lp`
--

LOCK TABLES `lp` WRITE;
/*!40000 ALTER TABLE `lp` DISABLE KEYS */;
INSERT INTO `lp` VALUES (1,'Coloured Marking Tape','General','Nos',NULL,'3','2','Aft SPTA',NULL,1);
/*!40000 ALTER TABLE `lp` ENABLE KEYS */;
UNLOCK TABLES;

--
-- Table structure for table `nominal_roll`
--

DROP TABLE IF EXISTS `nominal_roll`;
/*!40101 SET @saved_cs_client     = @@character_set_client */;
/*!50503 SET character_set_client = utf8mb4 */;
CREATE TABLE `nominal_roll` (
  `id` int NOT NULL AUTO_INCREMENT,
  `service_no` varchar(50) NOT NULL,
  `name` varchar(255) NOT NULL,
  `rank` varchar(100) DEFAULT NULL,
  `contact_no` varchar(20) DEFAULT NULL,
  `date_of_reporting` date DEFAULT NULL,
  `is_transferred` tinyint(1) NOT NULL DEFAULT '0',
  `transfer_date` date DEFAULT NULL,
  `department_id` int NOT NULL,
  `created_by` int DEFAULT NULL,
  `transferred_by` int DEFAULT NULL,
  `created_at` timestamp NOT NULL DEFAULT CURRENT_TIMESTAMP,
  `updated_at` timestamp NOT NULL DEFAULT CURRENT_TIMESTAMP ON UPDATE CURRENT_TIMESTAMP,
  PRIMARY KEY (`id`),
  KEY `department_id` (`department_id`)
) ENGINE=InnoDB AUTO_INCREMENT=3 DEFAULT CHARSET=utf8mb4 COLLATE=utf8mb4_0900_ai_ci;
/*!40101 SET character_set_client = @saved_cs_client */;

--
-- Dumping data for table `nominal_roll`
--

LOCK TABLES `nominal_roll` WRITE;
/*!40000 ALTER TABLE `nominal_roll` DISABLE KEYS */;
INSERT INTO `nominal_roll` VALUES (1,'123456','ESEGREYT','RDTRYRU',NULL,'2026-04-29',1,'2026-04-30',1,4,4,'2026-04-30 10:56:26','2026-04-30 11:09:21'),(2,'IN98746','SUDIPTO DUTTA','CPO','9874563210','2026-04-27',0,NULL,1,4,NULL,'2026-04-30 11:09:16','2026-04-30 11:14:33');
/*!40000 ALTER TABLE `nominal_roll` ENABLE KEYS */;
UNLOCK TABLES;

--
-- Table structure for table `obs_audit`
--

DROP TABLE IF EXISTS `obs_audit`;
/*!40101 SET @saved_cs_client     = @@character_set_client */;
/*!50503 SET character_set_client = utf8mb4 */;
CREATE TABLE `obs_audit` (
  `id` int NOT NULL AUTO_INCREMENT,
  `transaction_id` varchar(100) NOT NULL,
  `previous_obs` int NOT NULL,
  `new_obs` int NOT NULL,
  `created_at` timestamp NULL DEFAULT CURRENT_TIMESTAMP,
  PRIMARY KEY (`id`)
) ENGINE=InnoDB AUTO_INCREMENT=706 DEFAULT CHARSET=utf8mb4 COLLATE=utf8mb4_0900_ai_ci;
/*!40101 SET character_set_client = @saved_cs_client */;

--
-- Dumping data for table `obs_audit`
--

LOCK TABLES `obs_audit` WRITE;
/*!40000 ALTER TABLE `obs_audit` DISABLE KEYS */;
INSERT INTO `obs_audit` VALUES (1,'TI-1769847116326',15,10,'2026-01-31 08:11:56'),(2,'TI-1769847116326',10,15,'2026-01-31 08:12:58'),(3,'TI-1769852086928',30,20,'2026-01-31 09:34:46'),(4,'TI-1769852086928',20,30,'2026-01-31 09:35:17'),(5,'TI-1769852151945',30,20,'2026-01-31 09:35:51'),(6,'TI-1769852223392',15,10,'2026-01-31 09:37:03'),(7,'TI-1769852223392',10,15,'2026-01-31 12:06:56'),(8,'TI-1769861294742',15,10,'2026-01-31 12:08:14'),(9,'TI-1769861294742',10,15,'2026-01-31 12:08:36'),(10,'TI-1769878107214',20,10,'2026-01-31 16:48:27'),(11,'TI-1769852151945',10,20,'2026-01-31 17:52:24'),(12,'TI-1769882195437',15,12,'2026-01-31 17:56:35'),(13,'TI-1769884203666',11,8,'2026-01-31 18:30:03'),(14,'TI-1769884203666',8,11,'2026-01-31 18:31:19'),(15,'TI-1769884418578',12,7,'2026-01-31 18:33:38'),(16,'TI-1769884418578',7,12,'2026-01-31 18:35:26'),(17,'TI-1769931829840',20,10,'2026-02-01 07:43:49'),(18,'TI-1769931829840',10,20,'2026-02-01 09:08:45'),(19,'TI-1769878107214',20,30,'2026-02-01 09:11:12'),(20,'TI-1769937439652',30,10,'2026-02-01 09:17:19'),(21,'TI-1769937439652',10,30,'2026-02-01 09:19:54'),(22,'TI-1769882195437',12,15,'2026-02-01 09:20:39'),(23,'TI-1769937823244',30,25,'2026-02-01 09:23:43'),(24,'TI-1769937823244',25,30,'2026-02-01 09:24:28'),(25,'TI-1769841009969',30,60,'2026-02-01 09:30:15'),(26,'TI-1769840235551',11,14,'2026-02-01 09:30:37'),(27,'TI-1769941826792',60,55,'2026-02-01 10:30:26'),(28,'TI-1769963860341',15,10,'2026-02-01 16:37:40'),(29,'TI-1770005835775',55,45,'2026-02-02 04:17:15'),(30,'TI-1770014853402',35,25,'2026-02-02 06:47:33'),(31,'TI-1770014853402',25,30,'2026-02-02 08:57:38'),(32,'TI-1769941826792',30,35,'2026-02-02 19:47:47'),(33,'TI-1770005835775',35,44,'2026-02-02 19:48:49'),(34,'TI-1769963860341',10,15,'2026-02-02 19:50:20'),(35,'TI-1770061854690',44,34,'2026-02-02 19:50:54'),(36,'TI-1770061913673',15,10,'2026-02-02 19:51:53'),(37,'TI-1770061913673',10,15,'2026-02-02 19:52:22'),(38,'TI-1770061854690',34,44,'2026-02-02 19:52:59'),(39,'TI-1770083456645',44,34,'2026-02-03 01:50:56'),(40,'TI-1770083456645',34,34,'2026-02-03 05:38:21'),(41,'TI-1770098926304',34,24,'2026-02-03 06:08:46'),(42,'PI1770096928278',7,12,'2026-02-03 07:31:06'),(43,'TMP-1769852174475',29,34,'2026-02-03 07:45:34'),(44,'TI-1770113197566',12,11,'2026-02-03 10:06:37'),(45,'TI-1770113197566',11,12,'2026-02-03 10:11:08'),(46,'TI-1770098926304',30,33,'2026-02-03 10:51:29'),(47,'PI1770116754254',28,33,'2026-02-03 11:07:51'),(48,'TI-1770116983302',7,2,'2026-02-03 11:09:43'),(49,'TI-1770116983302',2,7,'2026-02-03 11:10:50'),(50,'TI-1770119691074',33,23,'2026-02-03 11:54:51'),(51,'TI-1770119833380',23,20,'2026-02-03 11:57:13'),(52,'TI-1770119691074',17,22,'2026-02-03 12:10:22'),(53,'TI-1770120769965',7,2,'2026-02-03 12:12:50'),(54,'TI-1770120769965',2,7,'2026-02-03 12:13:21'),(55,'TI-1770120856353',7,2,'2026-02-03 12:14:16'),(56,'TI-1770120968451',22,20,'2026-02-03 12:16:08'),(57,'TI-1770119833380',20,23,'2026-02-03 12:17:13'),(58,'TI-1770121160372',28,25,'2026-02-03 12:19:20'),(59,'TI-1770143275934',60,59,'2026-02-03 18:27:55'),(60,'TI-1770143375436',42,40,'2026-02-03 18:29:35'),(61,'PI1770145148600',30,35,'2026-02-03 19:01:22'),(62,'TI-1770143375436',35,37,'2026-02-03 19:04:38'),(63,'PI1770145148600',37,42,'2026-02-03 19:05:56'),(64,'TI-1770143275934',42,43,'2026-02-03 19:06:31'),(65,'TI-1770145669363',43,38,'2026-02-03 19:07:49'),(66,'PI1770145697163',31,34,'2026-02-03 19:09:42'),(67,'TI-1770188195480',40,36,'2026-02-04 06:56:35'),(68,'TI-1770188195480',36,40,'2026-02-04 06:59:19'),(69,'TI-1770188656895',15,14,'2026-02-04 07:04:16'),(70,'PI1770120512793',40,45,'2026-02-04 07:07:39'),(71,'TI-1770189057449',30,29,'2026-02-04 07:10:57'),(72,'TI-1770189241254',29,28,'2026-02-04 07:14:01'),(73,'TI-1770189241254',28,29,'2026-02-04 07:15:02'),(74,'TI-1770189420848',29,27,'2026-02-04 07:17:00'),(75,'TI-1770189420848',27,29,'2026-02-04 07:17:36'),(76,'TI-1770189767012',39,37,'2026-02-04 07:22:47'),(77,'TI-1770189767012',37,38,'2026-02-04 07:23:15'),(78,'TI-1770189826391',38,33,'2026-02-04 07:23:46'),(79,'TI-1770190340699',45,44,'2026-02-04 07:32:20'),(80,'TI-1770190487814',14,13,'2026-02-04 07:34:47'),(81,'TI-1770191362903',44,41,'2026-02-04 07:49:22'),(82,'TI-1770191786097',41,31,'2026-02-04 07:56:26'),(83,'PI1770193356025',20,23,'2026-02-04 08:24:58'),(84,'TI-1770193554311',23,21,'2026-02-04 08:25:54'),(85,'TI-1770193554311',21,23,'2026-02-04 08:26:36'),(86,'PI1770194599095',20,22,'2026-02-04 08:47:45'),(87,'PI1770195140023',19,22,'2026-02-04 08:54:17'),(88,'TI-1770195927030',33,28,'2026-02-04 09:05:27'),(89,'TI-1770195971965',22,19,'2026-02-04 09:06:11'),(90,'TI-1770195927030',28,33,'2026-02-04 09:08:55'),(91,'TI-1770196185181',33,28,'2026-02-04 09:09:45'),(92,'TI-1770196328959',46,43,'2026-02-04 09:12:08'),(93,'TI-1770196328959',43,46,'2026-02-04 09:12:40'),(94,'TI-1770196762572',19,18,'2026-02-04 09:19:22'),(95,'TI-1770196762572',18,19,'2026-02-04 09:19:49'),(96,'TI-1770198175589',19,16,'2026-02-04 09:42:55'),(97,'TI-1770196185181',28,33,'2026-02-04 11:33:46'),(98,'SD-1770207573236',40,45,'2026-02-04 12:20:37'),(99,'SD-1770207929161',40,45,'2026-02-04 12:26:15'),(100,'SD-1770209186528',40,45,'2026-02-04 12:47:42'),(101,'TI-1770209619200',2,1,'2026-02-04 12:53:39'),(102,'TI-1770209721821',40,30,'2026-02-04 12:55:21'),(103,'TI-1770209721821',30,35,'2026-02-04 12:57:12'),(104,'TI-1770209875832',35,30,'2026-02-04 12:57:55'),(105,'TI-1770209875832',30,35,'2026-02-04 12:58:17'),(106,'PI1770209995855',13,18,'2026-02-04 13:01:12'),(107,'TY-1770286028236',35,25,'2026-02-05 10:07:08'),(108,'TY-1770286028236',25,30,'2026-02-05 10:42:14'),(109,'TY-1770289297966',33,23,'2026-02-05 11:01:38'),(110,'TY-1770289297966',23,33,'2026-02-05 11:02:57'),(111,'TY-1770289619617',33,23,'2026-02-05 11:06:59'),(112,'TY-1770289985581',45,40,'2026-02-05 11:13:05'),(113,'TY-1770315447920',28,18,'2026-02-05 18:17:27'),(114,'TY-1770315557758',23,13,'2026-02-05 18:19:17'),(115,'TY-1770315447920',18,23,'2026-02-05 18:20:20'),(116,'TY-1770315557758',13,18,'2026-02-05 18:21:04'),(117,'TY-1770289985581',40,45,'2026-02-06 03:23:57'),(118,'TY-1770289619617',18,28,'2026-02-06 03:24:07'),(119,'TY-1770348367497',28,15,'2026-02-06 03:26:07'),(120,'TY-1770348367497',15,25,'2026-02-06 03:27:41'),(121,'TY-1770348898395',25,15,'2026-02-06 03:34:58'),(122,'TY-1770348898395',15,20,'2026-02-06 03:35:26'),(123,'TY-1770348898395',20,25,'2026-02-06 03:37:58'),(124,'TY-1770349137744',25,10,'2026-02-06 03:38:57'),(125,'TY-1770349137744',10,15,'2026-02-06 03:39:16'),(126,'TY-1770349137744',15,20,'2026-02-06 03:39:48'),(127,'TY-1770349137744',20,25,'2026-02-06 03:40:05'),(128,'TY-1770349274214',25,15,'2026-02-06 03:41:14'),(129,'TY-1770349274214',15,20,'2026-02-06 03:43:48'),(130,'TY-1770349274214',20,23,'2026-02-06 03:46:09'),(131,'TY-1770349274214',23,24,'2026-02-06 03:46:58'),(132,'TY-1770349274214',24,29,'2026-02-06 03:52:52'),(133,'TY-1770350205039',29,24,'2026-02-06 03:56:45'),(134,'TY-1770350205039',24,27,'2026-02-06 03:57:09'),(135,'TY-1770350205039',27,29,'2026-02-06 03:57:32'),(136,'TY-1770350800064',29,24,'2026-02-06 04:06:40'),(137,'TY-1770350800064',24,27,'2026-02-06 04:07:16'),(138,'TY-1770350800064',27,32,'2026-02-06 04:07:31'),(139,'TY-1770351652710',23,13,'2026-02-06 04:20:52'),(140,'TY-1770351652710',13,18,'2026-02-06 04:21:07'),(141,'TY-1770351652710',18,21,'2026-02-06 04:22:05'),(142,'TY-1770351652710',21,23,'2026-02-06 04:22:21'),(143,'TI-1770354129610',32,25,'2026-02-06 05:02:09'),(144,'TI-1770354129610',30,35,'2026-02-06 05:05:56'),(145,'TI-1770354129610',35,37,'2026-02-06 05:06:33'),(146,'TI-1770354417775',23,18,'2026-02-06 05:06:57'),(147,'TI-1770354417775',18,20,'2026-02-06 05:07:25'),(148,'TI-1770354417775',20,23,'2026-02-06 05:07:37'),(149,'TY-1770354836081',23,18,'2026-02-06 05:13:56'),(150,'TY-1770354836081',18,21,'2026-02-06 05:14:11'),(151,'TY-1770354836081',21,23,'2026-02-06 05:14:47'),(152,'TI-1770355293782',52,44,'2026-02-06 05:21:33'),(153,'TI-1770355293782',44,48,'2026-02-06 05:21:55'),(154,'TI-1770355293782',48,52,'2026-02-06 05:24:46'),(155,'PI1770209374496',30,35,'2026-02-06 06:23:58'),(156,'PI1770113243635',52,56,'2026-02-06 06:31:11'),(157,'TI-1770209721821',35,40,'2026-02-06 08:37:17'),(158,'TI-1770209619200',1,2,'2026-02-06 08:39:53'),(159,'TY-1770370783376',56,48,'2026-02-06 09:39:43'),(160,'TY-1770370783376',48,53,'2026-02-06 09:40:09'),(161,'TY-1770370783376',53,56,'2026-02-06 09:40:34'),(162,'TY-1770370963141',56,50,'2026-02-06 09:42:43'),(163,'TI-1770371023125',50,46,'2026-02-06 09:43:43'),(164,'TI-1770190487814',18,19,'2026-02-06 10:20:15'),(165,'TI-1770119691074',46,51,'2026-02-06 10:20:52'),(166,'DOC-1770454688983',24,23,'2026-02-07 08:58:09'),(167,'DOC-1770456752612',14,13,'2026-02-07 09:32:32'),(168,'DOC-1770460137839',11,11,'2026-02-07 10:28:57'),(169,'DOC-1770460202344',11,10,'2026-02-07 10:30:02'),(170,'RET-1770460608323',10,11,'2026-02-07 10:36:48'),(171,'DOC-1770461981409',13,12,'2026-02-07 10:59:41'),(172,'DOC-1770462020125',20,19,'2026-02-07 11:00:20'),(173,'RET-1770462033088',19,20,'2026-02-07 11:00:33'),(174,'DOC-1770464292529',11,10,'2026-02-07 11:38:12'),(175,'RET-1770464417219',10,11,'2026-02-07 11:40:17'),(176,'TY-1770464911375',40,39,'2026-02-07 11:48:31'),(177,'TY-1770370963141',51,55,'2026-02-07 11:49:33'),(178,'TY-1770370963141',55,57,'2026-02-07 11:53:27'),(179,'TY-1770464911375',39,40,'2026-02-07 11:53:45'),(180,'TI-1770371023125',57,59,'2026-02-07 11:54:46'),(181,'TI-1770371023125',59,61,'2026-02-07 11:55:22'),(182,'TMP-1769881924757',61,66,'2026-02-07 11:57:40'),(183,'PI1770145697163',47,48,'2026-02-07 11:58:19'),(184,'RET-1770469195303',11,12,'2026-02-07 12:59:55'),(185,'RET-1770469289496',12,13,'2026-02-07 13:01:29'),(186,'RET-1770469620992',11,12,'2026-02-07 13:07:00'),(187,'RET-1770469798956',13,14,'2026-02-07 13:09:58'),(188,'TY-1770471163791',37,32,'2026-02-07 13:32:43'),(189,'TY-1770471163791',32,35,'2026-02-07 13:33:22'),(190,'TY-1770471163791',35,37,'2026-02-07 13:33:49'),(191,'TY-1770471262583',23,15,'2026-02-07 13:34:22'),(192,'TY-1770471262583',15,23,'2026-02-07 13:34:47'),(193,'PI1770145697163',48,50,'2026-02-07 13:36:39'),(194,'PI1770145697163',50,51,'2026-02-07 13:37:58'),(195,'DOC-1770471623099',12,11,'2026-02-07 13:40:23'),(196,'RET-1770471649825',11,12,'2026-02-07 13:40:49'),(197,'DOC-1770471677260',14,13,'2026-02-07 13:41:17'),(198,'RET-1770471718407',13,14,'2026-02-07 13:41:58'),(199,'DOC-1770515859846',12,11,'2026-02-08 01:57:39'),(200,'DOC-1770515895723',11,10,'2026-02-08 01:58:15'),(201,'RET-1770515965933',10,11,'2026-02-08 01:59:25'),(202,'DOC-1770516038261',11,10,'2026-02-08 02:00:38'),(203,'TI-1770610554564',23,13,'2026-02-09 04:15:54'),(204,'TI-1770610554564',13,18,'2026-02-09 04:16:35'),(205,'TI-1770610554564',18,21,'2026-02-09 04:27:32'),(206,'TI-1770610554564',21,23,'2026-02-09 04:28:38'),(207,'TI-1770611381355',37,27,'2026-02-09 04:29:41'),(208,'TI-1770611381355',27,28,'2026-02-09 04:30:06'),(209,'TI-1770611381355',28,34,'2026-02-09 04:30:30'),(210,'TI-1770611381355',34,37,'2026-02-09 04:30:45'),(211,'TI-1770611499467',37,30,'2026-02-09 04:31:39'),(212,'TY-1770611576833',30,20,'2026-02-09 04:32:56'),(213,'TY-1770611576833',20,21,'2026-02-09 04:48:21'),(214,'TY-1770611576833',21,24,'2026-02-09 04:48:39'),(215,'TY-1770611576833',24,29,'2026-02-09 04:49:10'),(216,'TY-1770611576833',29,30,'2026-02-09 04:49:25'),(217,'TI-1770611499467',30,33,'2026-02-09 06:56:07'),(218,'TI-1770611499467',33,34,'2026-02-09 06:56:15'),(219,'TI-1770611499467',34,35,'2026-02-09 13:05:18'),(220,'TI-1770611499467',35,37,'2026-02-09 13:05:30'),(221,'TI-1770699972271',23,18,'2026-02-10 05:06:12'),(222,'4',51,53,'2026-02-10 08:51:14'),(223,'3',53,55,'2026-02-10 08:52:12'),(224,'4',55,57,'2026-02-10 08:57:33'),(225,'4',57,62,'2026-02-10 08:57:41'),(226,'4',62,67,'2026-02-10 08:57:50'),(227,'4',67,77,'2026-02-10 09:13:21'),(228,'4',77,97,'2026-02-10 09:13:36'),(229,'TY-1770715942561',37,33,'2026-02-10 09:32:22'),(230,'6',66,69,'2026-02-10 10:30:56'),(231,'5',69,70,'2026-02-10 10:37:42'),(232,'3',97,98,'2026-02-10 10:49:27'),(233,'9',70,72,'2026-02-10 17:05:07'),(234,'9',72,73,'2026-02-10 17:05:14'),(235,'44',73,74,'2026-02-10 17:10:57'),(236,'43',98,99,'2026-02-10 17:11:09'),(237,'8',74,75,'2026-02-10 17:11:27'),(238,'10',75,76,'2026-02-10 17:12:11'),(239,'10',76,77,'2026-02-10 17:12:30'),(240,'10',77,78,'2026-02-10 17:14:07'),(241,'10',78,79,'2026-02-10 17:14:14'),(242,'8',79,80,'2026-02-10 18:21:49'),(243,'35',80,83,'2026-02-10 18:42:09'),(244,'39',83,84,'2026-02-10 18:42:21'),(245,'38',84,85,'2026-02-10 18:42:31'),(246,'42',85,86,'2026-02-10 18:43:15'),(247,'41',86,87,'2026-02-10 18:43:24'),(248,'TI-1770699972271',18,20,'2026-02-11 02:48:31'),(249,'TY-1770715942561',33,35,'2026-02-11 02:50:29'),(250,'46',87,88,'2026-02-11 03:00:16'),(251,'13',26,27,'2026-02-11 03:04:08'),(252,'47',27,28,'2026-02-11 10:14:44'),(253,'12',88,89,'2026-02-11 10:14:57'),(254,'11',89,90,'2026-02-11 10:15:13'),(255,'48',18,20,'2026-02-11 11:49:12'),(256,'48',20,21,'2026-02-11 11:49:32'),(257,'14',21,22,'2026-02-11 11:50:36'),(258,'14',22,23,'2026-02-11 11:50:49'),(259,'49',90,92,'2026-02-11 11:51:39'),(260,'TY-1770810748799',40,30,'2026-02-11 11:52:28'),(261,'TI-1770699972271',20,23,'2026-02-11 11:53:07'),(262,'TI-1770810990951',23,22,'2026-02-11 11:56:30'),(263,'51',10,12,'2026-02-11 12:08:11'),(264,'51',12,13,'2026-02-11 12:08:35'),(265,'15',13,14,'2026-02-11 12:09:22'),(266,'15',14,15,'2026-02-11 12:09:40'),(267,'TY-1770811823462',22,12,'2026-02-11 12:10:23'),(268,'TY-1770811823462',12,17,'2026-02-11 12:10:55'),(269,'TY-1770811823462',17,22,'2026-02-11 12:11:24'),(270,'TI-1770811918991',22,12,'2026-02-11 12:11:59'),(271,'TI-1770811918991',12,17,'2026-02-11 12:12:22'),(272,'TI-1770811918991',17,22,'2026-02-11 12:12:42'),(273,'52',25,28,'2026-02-11 18:40:10'),(274,'52',28,30,'2026-02-11 18:40:36'),(275,'16',30,31,'2026-02-11 18:41:22'),(276,'16',31,33,'2026-02-11 18:41:30'),(277,'13',33,34,'2026-02-11 18:41:51'),(278,'TY-1770835351424',22,12,'2026-02-11 18:42:31'),(279,'53',25,27,'2026-02-11 19:01:05'),(280,'53',27,28,'2026-02-11 19:01:34'),(281,'17',28,29,'2026-02-11 19:02:28'),(282,'17',29,30,'2026-02-11 19:02:47'),(283,'TI-1770836599539',35,25,'2026-02-11 19:03:19'),(284,'TI-1770836599539',25,30,'2026-02-11 19:03:43'),(285,'TI-1770836599539',30,35,'2026-02-11 19:04:03'),(286,'TY-1770836681724',35,25,'2026-02-11 19:04:41'),(287,'TY-1770836681724',25,30,'2026-02-11 19:05:05'),(288,'TY-1770836681724',30,35,'2026-02-11 19:05:32'),(289,'TI-1770885736504',12,2,'2026-02-12 08:42:16'),(290,'TI-1770885766984',30,20,'2026-02-12 08:42:47'),(291,'TY-1770885806472',20,10,'2026-02-12 08:43:26'),(292,'TY-1770971934412',35,25,'2026-02-13 08:38:54'),(293,'TY-1770715942561',25,27,'2026-02-13 08:42:02'),(294,'TY-1770885806472',30,35,'2026-02-13 08:42:29'),(295,'TY-1770972778206',20,15,'2026-02-13 08:52:58'),(296,'TY-1770972778206',15,17,'2026-02-13 08:53:19'),(297,'TI-1770974215851',17,14,'2026-02-13 09:16:55'),(298,'TI-1770974215851',14,16,'2026-02-13 09:18:14'),(299,'TI-1770885766984',35,40,'2026-02-13 09:22:04'),(300,'TY-1770972778206',16,19,'2026-02-13 10:00:53'),(301,'TY-1770971934412',27,32,'2026-02-13 10:29:27'),(302,'TY-1770971934412',32,37,'2026-02-13 10:29:51'),(303,'TY-1770985836994',45,35,'2026-02-13 12:30:37'),(304,'TY-1770985836994',35,40,'2026-02-13 12:35:13'),(305,'TY-1770988131498',19,14,'2026-02-13 13:08:51'),(306,'TY-1770988131498',14,16,'2026-02-13 13:09:03'),(307,'TY-1770988131498',16,19,'2026-02-13 13:09:23'),(308,'TY-1770885806472',40,42,'2026-02-14 03:17:28'),(309,'TY-1771124974675',42,28,'2026-02-15 03:09:34'),(310,'19',19,20,'2026-02-15 07:39:22'),(311,'TI-1771158408837',19,18,'2026-02-15 12:26:48'),(312,'55',10,15,'2026-02-16 05:58:39'),(313,'56',28,31,'2026-02-16 06:00:12'),(314,'20',31,36,'2026-02-16 06:01:09'),(315,'59',92,93,'2026-02-16 10:35:00'),(316,'58',93,94,'2026-02-16 10:35:07'),(317,'57',94,95,'2026-02-16 10:35:25'),(318,'57',95,96,'2026-02-16 10:35:40'),(319,'54',15,17,'2026-02-16 10:37:24'),(320,'50',36,41,'2026-02-16 10:37:32'),(321,'54',17,19,'2026-02-16 10:37:38'),(322,'54',19,20,'2026-02-16 10:37:46'),(323,'RET-1771332014655',10,11,'2026-02-17 12:40:14'),(324,'RET-1771332180643',11,12,'2026-02-17 12:43:00'),(325,'DOC-1771332210041',12,11,'2026-02-17 12:43:30'),(326,'DOC-1771672099430',12,11,'2026-02-21 11:08:19'),(327,'RET-1771672166671',11,12,'2026-02-21 11:09:26'),(328,'RET-1771672198779',11,12,'2026-02-21 11:09:58'),(329,'TI-1770885736504',20,30,'2026-02-21 11:26:06'),(330,'TY-1770810748799',20,25,'2026-02-21 18:30:17'),(331,'TY-1770810748799',25,27,'2026-02-21 18:30:41'),(332,'46',96,97,'2026-02-22 13:45:10'),(333,'45',97,98,'2026-02-22 14:09:34'),(334,'60',41,42,'2026-02-22 14:17:23'),(335,'60',42,43,'2026-02-22 14:25:46'),(336,'60',43,44,'2026-02-22 14:26:21'),(337,'DOC-1771813041646',12,11,'2026-02-23 02:17:21'),(338,'RET-1771813070454',11,12,'2026-02-23 02:17:50'),(339,'DOC-1771813092865',12,11,'2026-02-23 02:18:12'),(340,'TY-1771813336755',25,15,'2026-02-23 02:22:16'),(341,'DOC-1771813463792',11,10,'2026-02-23 02:24:23'),(342,'DOC-1771813584449',12,11,'2026-02-23 02:26:24'),(343,'TY-1771820774050',15,10,'2026-02-23 04:26:14'),(344,'62',25,26,'2026-02-23 06:31:41'),(345,'62',26,27,'2026-02-23 06:33:16'),(346,'TY-1771863835500',15,3,'2026-02-23 16:23:55'),(347,'TY-1771865267296',3,1,'2026-02-23 16:47:47'),(348,'61',44,45,'2026-02-24 16:11:40'),(349,'61',45,46,'2026-02-24 17:00:09'),(350,'64',46,48,'2026-02-24 17:50:22'),(351,'DOC-1771959532391',10,9,'2026-02-24 18:58:52'),(352,'TI-1770974215851',27,28,'2026-02-25 04:52:00'),(353,'TI-1770885766984',48,49,'2026-02-25 04:52:21'),(354,'TY-1772005613334',37,27,'2026-02-25 07:46:53'),(355,'TI-1772005701962',28,18,'2026-02-25 07:48:21'),(356,'TI-1772005764493',18,15,'2026-02-25 07:49:24'),(357,'TI-1772010087719',80,70,'2026-02-25 09:01:27'),(358,'TI-1772010102242',70,60,'2026-02-25 09:01:42'),(359,'TI-1772010102242',60,63,'2026-02-25 09:01:59'),(360,'26',25,27,'2026-02-25 09:41:55'),(361,'TY-1772013428015',12,6,'2026-02-25 09:57:08'),(362,'TY-1772013505804',6,0,'2026-02-25 09:58:25'),(363,'74',27,28,'2026-02-25 10:04:55'),(364,'TI-1772010087719',63,65,'2026-02-25 10:43:10'),(365,'TI-1772005764493',15,16,'2026-02-25 10:44:41'),(366,'TI-1772005701962',16,18,'2026-02-25 10:45:42'),(367,'74',28,29,'2026-02-25 18:07:08'),(368,'TI-1772047521699',65,60,'2026-02-25 19:25:21'),(369,'TI-1772047521699',60,62,'2026-02-25 19:25:36'),(370,'TI-1772050147325',12,2,'2026-02-25 20:09:07'),(371,'TI-1772072159495',15,10,'2026-02-26 02:15:59'),(372,'TI-1772073111686',9,8,'2026-02-26 02:31:51'),(373,'TI-1772073313967',8,6,'2026-02-26 02:35:13'),(374,'TI-1772073311244',10,8,'2026-02-26 02:35:43'),(375,'TI-1772073308184',10,8,'2026-02-26 02:35:44'),(376,'TI-1772074232962',40,35,'2026-02-26 02:50:32'),(377,'TI-1772074266992',35,30,'2026-02-26 02:51:07'),(378,'TI-1772076485054',35,30,'2026-02-26 03:28:05'),(379,'TI-1772076962339',85,80,'2026-02-26 03:36:02'),(380,'TI-1772077019980',80,75,'2026-02-26 03:37:00'),(381,'TY-1772077349230',10,5,'2026-02-26 03:42:29'),(382,'TI-1772077019980',75,80,'2026-02-26 03:54:54'),(383,'TI-1772076485054',30,35,'2026-02-26 03:55:28'),(384,'TI-1772073313967',20,21,'2026-02-26 04:02:41'),(385,'TI-1772072159495',5,7,'2026-02-26 04:02:55'),(386,'TI-1772078607666',25,24,'2026-02-26 04:03:27'),(387,'TI-1772078607666',24,25,'2026-02-26 04:03:52'),(388,'TI-1772073308184',21,22,'2026-02-26 04:04:11'),(389,'TY-1772077349230',7,8,'2026-02-26 04:04:29'),(390,'DOC-1772080111158',7,6,'2026-02-26 04:28:31'),(391,'DOC-1772080442534',11,10,'2026-02-26 04:34:02'),(392,'DOC-1772080842824',6,5,'2026-02-26 04:40:42'),(393,'DOC-1772081141380',10,9,'2026-02-26 04:45:41'),(394,'TI-1772081870671',30,25,'2026-02-26 04:57:50'),(395,'TI-1772081947395',25,20,'2026-02-26 04:59:07'),(396,'TI-1772081987013',20,15,'2026-02-26 04:59:47'),(397,'TI-1772082197124',20,15,'2026-02-26 05:03:17'),(398,'TY-1772083686026',10,5,'2026-02-26 05:28:06'),(399,'TY-1772083965063',18,13,'2026-02-26 05:32:45'),(400,'TY-1772084708234',22,17,'2026-02-26 05:45:08'),(401,'TI-1772084789364',17,12,'2026-02-26 05:46:29'),(402,'TI-1772085515989',62,61,'2026-02-26 05:58:36'),(403,'DOC-1772086760912',5,4,'2026-02-26 06:19:20'),(404,'TI-1772085515989',61,62,'2026-02-28 11:17:40'),(405,'TI-1772084789364',28,30,'2026-02-28 11:17:55'),(406,'24',10,11,'2026-02-28 12:04:44'),(407,'77',18,19,'2026-02-28 12:05:01'),(408,'TI-1772084789364',30,32,'2026-02-28 12:05:22'),(409,'TY-1772084708234',32,33,'2026-02-28 12:05:45'),(410,'RET-1772280381163',4,5,'2026-02-28 12:06:21'),(411,'76',33,34,'2026-03-01 04:29:19'),(412,'70',98,99,'2026-03-01 04:39:41'),(413,'75',20,21,'2026-03-01 04:47:25'),(414,'73',18,19,'2026-03-01 04:48:10'),(415,'TY-1772083965063',18,19,'2026-03-01 05:23:43'),(416,'TI-1772081947395',11,12,'2026-03-01 05:24:39'),(417,'TY-1772084708234',34,36,'2026-03-01 05:29:16'),(418,'TY-1772077349230',12,14,'2026-03-01 05:44:07'),(419,'TI-1772081947395',12,13,'2026-03-01 06:36:29'),(420,'TI-1772081947395',13,14,'2026-03-01 06:44:07'),(421,'DOC-1772348382790',14,13,'2026-03-01 06:59:42'),(422,'RET-1772348578519',13,14,'2026-03-01 07:02:58'),(423,'22',99,100,'2026-03-01 07:13:29'),(424,'71',14,15,'2026-03-01 07:16:17'),(425,'71',15,16,'2026-03-01 07:16:36'),(426,'77',19,20,'2026-03-01 07:18:24'),(427,'TY-1772005613334',27,28,'2026-03-01 07:24:28'),(428,'TI-1772084789364',36,37,'2026-03-01 14:56:11'),(429,'TY-1772449135862',35,30,'2026-03-02 10:58:55'),(430,'TY-1772449229370',19,14,'2026-03-02 11:00:29'),(431,'TY-1772449229370',14,19,'2026-03-02 11:01:42'),(432,'TY-1772449704873',12,10,'2026-03-02 11:08:24'),(433,'TY-1772449704873',10,11,'2026-03-02 11:09:02'),(434,'TY-1772449704873',11,12,'2026-03-02 11:09:47'),(435,'TI-1772081947395',16,18,'2026-03-02 11:15:58'),(436,'TI-1772073308184',37,38,'2026-03-02 11:24:30'),(437,'TI-1772076962339',80,82,'2026-03-02 11:42:40'),(438,'TY-1772451838733',25,23,'2026-03-02 11:43:58'),(439,'TY-1772451838733',23,25,'2026-03-02 11:45:04'),(440,'TY-1772452544206',13,12,'2026-03-02 11:55:44'),(441,'TY-1772453815606',9,4,'2026-03-02 12:16:55'),(442,'TY-1772453815606',4,6,'2026-03-02 12:21:30'),(443,'TY-1772455359465',35,30,'2026-03-02 12:42:39'),(444,'TY-1772455471093',62,60,'2026-03-02 12:44:31'),(445,'TY-1772455471093',60,61,'2026-03-02 12:45:25'),(446,'TY-1772455471093',61,62,'2026-03-02 12:46:06'),(447,'TY-1772456124480',62,57,'2026-03-02 12:55:24'),(448,'TY-11772456352691',30,33,'2026-03-02 12:59:12'),(449,'TY-1772457172394',20,18,'2026-03-02 13:12:52'),(450,'TY-RET-1772457256486',18,20,'2026-03-02 13:14:16'),(451,'TY-RET-1772457316077',60,62,'2026-03-02 13:15:16'),(452,'TY-1772459588535',38,33,'2026-03-02 13:53:08'),(453,'TY-RET-1772459610312',33,36,'2026-03-02 13:53:30'),(454,'TY-1772459728023',82,79,'2026-03-02 13:55:28'),(455,'TY-RET-1772459768018',79,82,'2026-03-02 13:56:08'),(456,'TI-1772520810758',62,58,'2026-03-03 06:53:30'),(457,'TI-1772520810758',58,60,'2026-03-03 06:53:52'),(458,'TI-1772521725829',60,58,'2026-03-03 07:08:45'),(459,'TI-RET-1772521744040',58,59,'2026-03-03 07:09:04'),(460,'TI-RET-1772521805848',59,60,'2026-03-03 07:10:05'),(461,'RET-1772522135369',5,6,'2026-03-03 07:15:35'),(462,'DOC-1772522456025',20,19,'2026-03-03 07:20:56'),(463,'RET-1772522616396',19,20,'2026-03-03 07:23:36'),(464,'DOC-1772523591131',20,19,'2026-03-03 07:39:51'),(465,'DOC-1772523959692',20,19,'2026-03-03 07:45:59'),(466,'DOC-RET-1772524926547',19,20,'2026-03-03 08:02:06'),(467,'DOC-1772525309354',20,19,'2026-03-03 08:08:29'),(468,'DOC-RET-1772525333530',19,20,'2026-03-03 08:08:53'),(471,'PI-1772536838911',37,36,'2026-03-03 11:20:38'),(475,'PR-RET-1772540895410',20,21,'2026-03-03 12:28:15'),(476,'ST-RET-1772541345048',100,101,'2026-03-03 12:35:45'),(477,'ST-RET-1772541542774',20,21,'2026-03-03 12:39:02'),(478,'ST-RET-1772541587986',21,22,'2026-03-03 12:39:48'),(479,'ST-RET-1772541628284',12,13,'2026-03-03 12:40:28'),(480,'PR-RET-1772590757954',21,22,'2026-03-04 02:19:17'),(481,'PI-1772590806425',22,21,'2026-03-04 02:20:06'),(482,'PR-RET-1772591255827',21,22,'2026-03-04 02:27:35'),(483,'ST-RET-1772591500620',22,23,'2026-03-04 02:31:40'),(484,'PR-RET-1772591644106',37,38,'2026-03-04 02:34:04'),(485,'PI-1772592113614',38,37,'2026-03-04 02:41:53'),(486,'ST-RET-1772592220567',37,38,'2026-03-04 02:43:40'),(487,'PR-RET-1772592503122',35,36,'2026-03-04 02:48:23'),(488,'PR-RET-1772592728436',9,10,'2026-03-04 02:52:08'),(489,'TY-1772600171044',22,21,'2026-03-04 04:56:11'),(490,'TY-REV-1772600464842',21,21,'2026-03-04 05:01:04'),(491,'TY-1772600981640',38,37,'2026-03-04 05:09:41'),(492,'TY-REV-1772601014692',37,37,'2026-03-04 05:10:14'),(493,'TY-REV-1772601130650',33,33,'2026-03-04 05:12:10'),(494,'PR-RET-1772605893536',101,102,'2026-03-04 06:31:33'),(495,'PR-RET-1772606018290',18,19,'2026-03-04 06:33:38'),(496,'TI-1772609820668',31,26,'2026-03-04 07:37:00'),(497,'TY-1772634406062',12,11,'2026-03-04 14:26:46'),(498,'TI-1772644806216',20,15,'2026-03-04 17:20:06'),(499,'TI-1772645227489',23,18,'2026-03-04 17:27:07'),(500,'TY-1772645543390',19,17,'2026-03-04 17:32:23'),(501,'DOC-1772645765489',14,13,'2026-03-04 17:36:05'),(502,'DOC-1772645924942',20,19,'2026-03-04 17:38:44'),(503,'DOC-1772651318607',14,13,'2026-03-04 19:08:38'),(504,'PI-1772676970431',41,40,'2026-03-05 02:16:10'),(505,'PI-1772678123646',20,19,'2026-03-05 02:35:23'),(507,'PI-1772678408759',14,13,'2026-03-05 02:40:08'),(508,'PI-1772679125085',36,35,'2026-03-05 02:52:05'),(512,'PI-1772676970431-REV',40,41,'2026-03-05 03:00:39'),(513,'PI-1772676970431-REV',41,42,'2026-03-05 03:01:10'),(514,'PI-1772679794284',42,41,'2026-03-05 03:03:14'),(515,'PI-1772680324603',13,12,'2026-03-05 03:12:04'),(516,'PI-1772680448964',30,28,'2026-03-05 03:14:08'),(517,'PI-1772679794284-REV',41,42,'2026-03-05 03:17:02'),(518,'PI-1772676970431-REV',42,43,'2026-03-05 03:18:53'),(519,'PI-1772680766129',31,30,'2026-03-05 03:19:26'),(520,'PI-1772680766129-REV',30,31,'2026-03-05 03:19:36'),(521,'PI-1772680811292',23,22,'2026-03-05 03:20:11'),(522,'PI-1772680811292-REV',22,23,'2026-03-05 03:20:22'),(523,'PI-1772680983692',12,11,'2026-03-05 03:23:03'),(524,'PI-1772680983692-REV',11,12,'2026-03-05 03:26:03'),(525,'PI-1772690185872',25,20,'2026-03-05 05:56:25'),(526,'PI-1772690213789',20,10,'2026-03-05 05:56:53'),(527,'PI-1772690213789-REV',10,20,'2026-03-05 05:57:14'),(528,'PI-1772680448964-REV',28,30,'2026-03-05 06:02:04'),(529,'PI-1772690554058',28,27,'2026-03-05 06:02:34'),(530,'PI-1772690574192',27,26,'2026-03-05 06:02:54'),(531,'PI-1772690574192-REV',26,27,'2026-03-05 06:03:32'),(532,'PI-1772690554058-REV',27,28,'2026-03-05 06:03:47'),(533,'PI-1772690659569',28,25,'2026-03-05 06:04:19'),(534,'PR-RET-1772767485577',25,26,'2026-03-06 03:24:45'),(535,'PR-RET-1772767499463',26,27,'2026-03-06 03:24:59'),(536,'PR-RET-1772800624930',27,28,'2026-03-06 12:37:04'),(537,'PR-RET-1772800718376',28,29,'2026-03-06 12:38:38'),(538,'ST-RET-1772800777581',13,14,'2026-03-06 12:39:37'),(539,'TI-RET-1772801418516',19,20,'2026-03-06 12:50:18'),(540,'TI-RET-1772801599451',20,21,'2026-03-06 12:53:19'),(541,'TY-RET-1772801703649',31,32,'2026-03-06 12:55:03'),(542,'DOC-RET-1772803034229',10,11,'2026-03-06 13:17:14'),(543,'DOC-RET-1772803609510',7,8,'2026-03-06 13:26:49'),(544,'DOC-1772803712675',11,10,'2026-03-06 13:28:32'),(545,'DOC-1772803732095',10,9,'2026-03-06 13:28:52'),(546,'DOC-1772803762029',12,11,'2026-03-06 13:29:22'),(547,'DOC-RET-1772803788553',9,10,'2026-03-06 13:29:48'),(548,'DOC-1772807156996',10,9,'2026-03-06 14:25:57'),(549,'DOC-1772807172298',11,10,'2026-03-06 14:26:12'),(550,'DOC-RET-1772807202048',10,11,'2026-03-06 14:26:42'),(551,'PI-1773031422383',20,16,'2026-03-09 04:43:42'),(552,'ST-RET-1773032264448',16,17,'2026-03-09 04:57:44'),(553,'ST-RET-1773032289550',17,18,'2026-03-09 04:58:09'),(554,'TY-1773054410076',29,28,'2026-03-09 11:06:50'),(555,'TY-1773054502317',62,61,'2026-03-09 11:08:22'),(556,'TY-RET-1773054557803',61,62,'2026-03-09 11:09:17'),(557,'TY-1773055869827',62,52,'2026-03-09 11:31:09'),(558,'TY-RET-1773055911350',52,54,'2026-03-09 11:31:51'),(559,'TI-1773055944174',28,27,'2026-03-09 11:32:24'),(560,'TY-1773055965311',27,26,'2026-03-09 11:32:45'),(561,'TY-1773055986337',54,53,'2026-03-09 11:33:06'),(562,'TY-RET-1773056014550',53,54,'2026-03-09 11:33:34'),(563,'TY-RET-1773056055683',26,27,'2026-03-09 11:34:15'),(564,'TY-1773056237097',43,42,'2026-03-09 11:37:17'),(565,'TY-RET-1773056282521',42,43,'2026-03-09 11:38:02'),(566,'TY-RET-1773056351686',54,62,'2026-03-09 11:39:11'),(567,'TY-RET-1773056365138',27,28,'2026-03-09 11:39:25'),(568,'TY-1773056582871',62,61,'2026-03-09 11:43:02'),(569,'TY-RET-1773056602929',61,62,'2026-03-09 11:43:22'),(570,'TY-1773056974399',23,22,'2026-03-09 11:49:34'),(571,'TI-RET-1773056988007',28,29,'2026-03-09 11:49:48'),(572,'TY-RET-1773057021612',22,23,'2026-03-09 11:50:21'),(573,'TY-1773058359874',43,38,'2026-03-09 12:12:39'),(574,'TY-RET-1773058380614',38,43,'2026-03-09 12:13:00'),(575,'TY-1773058741513',29,28,'2026-03-09 12:19:01'),(576,'TY-RET-1773058833254',28,29,'2026-03-09 12:20:33'),(577,'TY-1773061103379',29,28,'2026-03-09 12:58:23'),(578,'TY-RET-1773061116440',28,29,'2026-03-09 12:58:36'),(579,'TY-1773061148458',43,42,'2026-03-09 12:59:08'),(580,'TY-RET-1773061164408',42,43,'2026-03-09 12:59:24'),(581,'TY-1773061303304',29,28,'2026-03-09 13:01:43'),(582,'TY-RET-1773061313896',28,29,'2026-03-09 13:01:53'),(583,'TY-1773062402212',43,42,'2026-03-09 13:20:02'),(584,'TY-RET-1773062432359',42,43,'2026-03-09 13:20:32'),(585,'TY-1773063204912',29,28,'2026-03-09 13:33:24'),(586,'TY-RET-1773063215891',28,29,'2026-03-09 13:33:35'),(587,'TY-1773109386373',29,28,'2026-03-10 02:23:06'),(588,'TY-1773109413200',12,11,'2026-03-10 02:23:33'),(589,'TY-RET-1773109425542',11,12,'2026-03-10 02:23:45'),(590,'TY-RET-1773109431524',28,29,'2026-03-10 02:23:51'),(591,'TY-1773110018818',21,20,'2026-03-10 02:33:38'),(592,'TY-RET-1773110031351',20,21,'2026-03-10 02:33:51'),(593,'TY-1773110137519',29,28,'2026-03-10 02:35:37'),(594,'TY-RET-1773110147354',28,29,'2026-03-10 02:35:47'),(595,'TY-1773110229790',43,42,'2026-03-10 02:37:09'),(596,'TY-RET-1773110239139',42,43,'2026-03-10 02:37:19'),(597,'TI-1773113430078',27,25,'2026-03-10 03:30:30'),(598,'TI-RET-1773113442879',25,27,'2026-03-10 03:30:42'),(599,'PI-1773031422383-REV',18,22,'2026-03-10 05:15:33'),(600,'ST-RET-1773119861381',43,45,'2026-03-10 05:17:41'),(601,'PI-1773122790077',45,44,'2026-03-10 06:06:30'),(602,'PI-1773122999212',27,26,'2026-03-10 06:09:59'),(603,'TI-1773138945174',45,44,'2026-03-10 10:35:45'),(604,'TY-1773147771822',26,25,'2026-03-10 13:02:51'),(605,'DOC-1773148286478',14,13,'2026-03-10 13:11:26'),(606,'PI-1773150943895',44,40,'2026-03-10 13:55:43'),(607,'PI-1773150943895-REV',40,44,'2026-03-10 13:55:54'),(608,'PI-1773151024241',44,40,'2026-03-10 13:57:04'),(609,'PI-1773151024241-REV',40,44,'2026-03-10 13:57:13'),(610,'PI-1773151057251',26,25,'2026-03-10 13:57:37'),(611,'PI-1773151057251-REV',25,26,'2026-03-10 13:57:47'),(612,'PI-1773203995528',12,11,'2026-03-11 04:39:55'),(613,'PI-1773203995528-REV',11,12,'2026-03-11 04:41:38'),(614,'PI-1773204124307',35,34,'2026-03-11 04:42:04'),(615,'PI-1773204144577',44,43,'2026-03-11 04:42:24'),(616,'PI-1773204177640',18,17,'2026-03-11 04:42:57'),(617,'PI-1773204177640-REV',17,18,'2026-03-11 04:43:29'),(618,'PI-1773204144577-REV',43,44,'2026-03-11 04:43:58'),(619,'PI-1773204124307-REV',34,35,'2026-03-11 04:44:35'),(620,'PI-1773204298583',44,40,'2026-03-11 04:44:58'),(621,'PI-1773204298583-REV',40,44,'2026-03-11 04:47:40'),(622,'ST-RET-1773204605407',44,45,'2026-03-11 04:50:05'),(623,'PI-1772690185872-REV',20,25,'2026-03-11 07:44:40'),(624,'PI-1773340902239',12,10,'2026-03-12 18:41:42'),(625,'PI-1773341116805',10,9,'2026-03-12 18:45:16'),(626,'PI-1773491298577',35,34,'2026-03-14 12:28:18'),(627,'PI-1773341116805-REV',9,10,'2026-03-14 12:28:36'),(628,'PI-1773340902239-REV',10,12,'2026-03-14 12:28:39'),(629,'PI-1773491341523',12,8,'2026-03-14 12:29:01'),(630,'PI-1773491963432',25,24,'2026-03-14 12:39:23'),(631,'TY-RET-1773634108674',26,27,'2026-03-16 04:08:28'),(632,'PR-RET-1773716666746',100,102,'2026-03-17 03:04:26'),(633,'ST-RET-1773718946406',25,26,'2026-03-17 03:42:26'),(634,'PR-RET-1773720978767',24,25,'2026-03-17 04:16:18'),(635,'PR-RET-1773720978767-REV',25,26,'2026-03-17 04:16:56'),(636,'ST-RET-1773721049571',26,27,'2026-03-17 04:17:29'),(637,'PR-RET-1773721534263',26,28,'2026-03-17 04:25:34'),(638,'PR-RET-1773721534263-REV',28,30,'2026-03-17 04:25:50'),(639,'ST-RET-1773721586943',30,32,'2026-03-17 04:26:26'),(640,'ST-RET-1773721586943-REV',32,34,'2026-03-17 04:26:44'),(641,'TY-RET-1773772078975',8,10,'2026-03-17 18:27:59'),(642,'TY-RET-1773772126125',27,29,'2026-03-17 18:28:46'),(643,'TY-1773772225169',62,61,'2026-03-17 18:30:25'),(644,'TY-RET-1773772236512',61,62,'2026-03-17 18:30:36'),(645,'TY-1773772384866',62,61,'2026-03-17 18:33:04'),(646,'TY-RET-1773772479201',61,62,'2026-03-17 18:34:39'),(647,'TY-1773772543494',29,27,'2026-03-17 18:35:43'),(648,'TY-RET-1773772573871',27,28,'2026-03-17 18:36:13'),(649,'TY-RET-1773772617130',28,29,'2026-03-17 18:36:57'),(650,'DOC-1773773083439',12,11,'2026-03-17 18:44:43'),(651,'TI-1773773294206',29,27,'2026-03-17 18:48:14'),(652,'TI-1773773398463',27,25,'2026-03-17 18:49:58'),(653,'TI-RET-1773773426102',25,26,'2026-03-17 18:50:26'),(654,'PI-1773811473281',10,9,'2026-03-18 05:24:33'),(655,'TI-RET-1773818386993',44,45,'2026-03-18 07:19:47'),(656,'TY-RET-1773818463491',14,15,'2026-03-18 07:21:03'),(657,'TI-RET-1773818539894',34,37,'2026-03-18 07:22:19'),(658,'TI-RET-1773819201021',26,27,'2026-03-18 07:33:21'),(659,'PR-RET-1774063942937',28,29,'2026-03-21 03:32:23'),(660,'TI-RET-1774107811882',37,39,'2026-03-21 15:43:31'),(661,'TEMP-1774609816188',46,45,'2026-03-27 11:10:16'),(662,'TEMP-1774609843440',45,43,'2026-03-27 11:10:43'),(663,'TY1774609867747',43,42,'2026-03-27 11:11:09'),(664,'TY1774609894830',42,37,'2026-03-27 11:11:38'),(665,'TEMP-1774610130919',97,92,'2026-03-27 11:15:30'),(666,'TY1774610157872',92,89,'2026-03-27 11:15:59'),(667,'TEMP-1774610225732',16,15,'2026-03-27 11:17:05'),(668,'TY1774610255091',15,13,'2026-03-27 11:17:36'),(669,'TEMP-1774610348892',25,24,'2026-03-27 11:19:08'),(670,'TEMP-1774610348899',24,20,'2026-03-27 11:19:08'),(671,'TY1774610389463',20,19,'2026-03-27 11:20:25'),(672,'TY1774610424022',19,17,'2026-03-27 11:20:25'),(673,'TY1774611896271',10,9,'2026-03-27 11:45:32'),(674,'TY1774611926999',9,8,'2026-03-27 11:45:32'),(675,'PI1774868203628',45,43,'2026-03-30 10:56:47'),(676,'TY1774868302904',45,44,'2026-03-30 10:58:26'),(677,'TEMP-1774868921692',45,40,'2026-03-30 11:08:41'),(678,'TY1774869907099',45,44,'2026-03-30 11:25:10'),(679,'PI1774871076074',40,39,'2026-03-30 11:44:38'),(680,'PI1774871097075',39,37,'2026-03-30 11:44:58'),(681,'TEMP-1774871145198',37,33,'2026-03-30 11:45:45'),(682,'TY1774871201780',33,30,'2026-03-30 11:46:45'),(683,'PI1774871305561',45,43,'2026-03-30 11:48:27'),(684,'TEMP-1774873092010',44,41,'2026-03-30 12:18:12'),(685,'PI1774873218434',41,40,'2026-03-30 12:20:19'),(686,'PI1774873218434-REV',40,41,'2026-03-30 12:21:09'),(687,'ST-RET-1775321051892',40,41,'2026-04-04 16:44:11'),(688,'TI-RET-1776907027167',25,27,'2026-04-23 01:17:07'),(689,'TI-RET-1776907050507',41,42,'2026-04-23 01:17:30'),(690,'TI-1776920505690',42,41,'2026-04-23 05:01:45'),(691,'TI-1776921739611',10,8,'2026-04-23 05:22:19'),(692,'TY-1776922445905',41,40,'2026-04-23 05:34:05'),(693,'TY-1776922506077',62,58,'2026-04-23 05:35:06'),(694,'TI-RET-1776923421718',8,10,'2026-04-23 05:50:21'),(695,'TY-RET-1776924227831',40,41,'2026-04-23 06:03:47'),(696,'PI-1776939350906',41,38,'2026-04-23 10:15:50'),(697,'PI-1776943560333',39,38,'2026-04-23 11:26:00'),(698,'PI-1776943959678',34,33,'2026-04-23 11:32:39'),(699,'PI-1776946589632',33,32,'2026-04-23 12:16:29'),(700,'PI-1776946667584',33,32,'2026-04-23 12:17:47'),(701,'TI-1776946717496',102,101,'2026-04-23 12:18:37'),(702,'TY-1776946830211',101,100,'2026-04-23 12:20:30'),(703,'PI-1776947487785',9,8,'2026-04-23 12:31:27'),(704,'PI-1777088897936',38,37,'2026-04-25 03:48:17'),(705,'PR-RET-1777233470927',37,38,'2026-04-26 19:57:50');
/*!40000 ALTER TABLE `obs_audit` ENABLE KEYS */;
UNLOCK TABLES;

--
-- Table structure for table `oem`
--

DROP TABLE IF EXISTS `oem`;
/*!40101 SET @saved_cs_client     = @@character_set_client */;
/*!50503 SET character_set_client = utf8mb4 */;
CREATE TABLE `oem` (
  `id` int NOT NULL AUTO_INCREMENT,
  `name` varchar(100) NOT NULL,
  `address` text,
  `contacts` json DEFAULT NULL,
  `details` json DEFAULT NULL,
  PRIMARY KEY (`id`)
) ENGINE=InnoDB AUTO_INCREMENT=13 DEFAULT CHARSET=utf8mb4 COLLATE=utf8mb4_0900_ai_ci;
/*!40101 SET character_set_client = @saved_cs_client */;

--
-- Dumping data for table `oem`
--

LOCK TABLES `oem` WRITE;
/*!40000 ALTER TABLE `oem` DISABLE KEYS */;
INSERT INTO `oem` VALUES (1,'BEL India1002','203, Bangur Ave\nBangur Avenue, Block A, Lake Town','[\"1234567891\", \"123567890\"]','[{\"name\": \"SUDIPTO DUTTA\", \"phone\": \"7449550732\", \"prefix\": \"Mr\", \"designation\": \"dfg\"}, {\"name\": \"Tamal\", \"phone\": \"00000000000\", \"prefix\": \"Mr\", \"designation\": \"abc\"}]'),(2,'xyz','203, Bangur AveBangur Avenue, Block A, Lake Town','[\"456774634553\"]',NULL),(3,'xyz223','203, Bangur AveBangur Avenue, Block A, Lake Town, bdsherjha','[\"456774634553\"]',NULL),(8,'oem 2026','dsfs','[\"dvre\"]','[{\"name\": \"fdvfrv\", \"phone\": \"dvre\", \"prefix\": \"Mr\", \"designation\": \"dsvds\"}]'),(9,'gfng222','gfg','[\"ngfn\"]','[{\"name\": \"gngf\", \"phone\": \"gngf\", \"prefix\": \"Mr\", \"designation\": \"gngf\"}]'),(11,'NEW OEM','P-203, BLOCK-A, BANGUR AVENUE','[\"07449550732\"]','[{\"name\": \"SUDIPTO DUTTA\", \"phone\": \"5689998876342\", \"prefix\": \"Mr\", \"designation\": \"XYZ\"}]'),(12,'BEL INDIA 2','P-203, BLOCK-A, BANGUR AVENUE','[\"07449550732\"]','[{\"name\": \"SUDIPTO DUTTA\", \"phone\": \"999993333111\", \"prefix\": \"Mr\", \"designation\": \"ABC\"}, {\"name\": \"Tamal\", \"phone\": \"0000000000\", \"prefix\": \"Mr\", \"designation\": \"XYZ\"}]');
/*!40000 ALTER TABLE `oem` ENABLE KEYS */;
UNLOCK TABLES;

--
-- Table structure for table `pending`
--

DROP TABLE IF EXISTS `pending`;
/*!40101 SET @saved_cs_client     = @@character_set_client */;
/*!50503 SET character_set_client = utf8mb4 */;
CREATE TABLE `pending` (
  `id` int NOT NULL AUTO_INCREMENT,
  `uid` varchar(15) DEFAULT NULL,
  `quantity` int DEFAULT NULL,
  `department` int DEFAULT NULL,
  `demand_type` varchar(63) DEFAULT NULL,
  `issued_to` varchar(63) DEFAULT NULL,
  `issue_date` varchar(63) DEFAULT NULL,
  `servay_no` varchar(63) DEFAULT NULL,
  `voucher_no` varchar(63) DEFAULT NULL,
  `demand_no` varchar(63) DEFAULT NULL,
  `nac_no` varchar(63) DEFAULT NULL,
  `nac_date` varchar(63) DEFAULT NULL,
  `survey_date` varchar(63) DEFAULT NULL,
  `issue_category` varchar(32) DEFAULT NULL,
  `issue_box_no` text,
  `status` varchar(15) DEFAULT 'pending',
  `unit_name` varchar(64) DEFAULT NULL,
  `person_name` varchar(64) DEFAULT NULL,
  `service_name` varchar(64) DEFAULT NULL,
  `phone_no` varchar(14) DEFAULT NULL,
  `loan_duration` int DEFAULT NULL,
  `conquered_by` varchar(64) DEFAULT NULL,
  `box_details` varchar(64) DEFAULT NULL,
  `loan_status` varchar(10) DEFAULT NULL,
  PRIMARY KEY (`id`),
  KEY `department` (`department`),
  CONSTRAINT `pending_ibfk_1` FOREIGN KEY (`department`) REFERENCES `departments` (`id`) ON DELETE SET NULL ON UPDATE CASCADE
) ENGINE=InnoDB AUTO_INCREMENT=54 DEFAULT CHARSET=utf8mb4 COLLATE=utf8mb4_0900_ai_ci;
/*!40101 SET character_set_client = @saved_cs_client */;

--
-- Dumping data for table `pending`
--

LOCK TABLES `pending` WRITE;
/*!40000 ALTER TABLE `pending` DISABLE KEYS */;
INSERT INTO `pending` VALUES (17,'1761367336982',4,1,NULL,'aer','20251027',NULL,NULL,NULL,NULL,NULL,NULL,'temporary','[{\"no\":\"009\",\"qn\":\"4\"}]','issued',NULL,NULL,NULL,NULL,10,NULL,NULL,'complete'),(18,'1761368066432',7,1,NULL,NULL,'20251027',NULL,NULL,NULL,NULL,NULL,NULL,'loan','[{\"no\":\"021\",\"qn\":0},{\"no\":\"022\",\"qn\":\"7\"}]','issued','One','Two','Three','9876543210',20,'Four',NULL,'complete'),(19,'1761367371154',5,1,NULL,'oms','20251026',NULL,NULL,NULL,NULL,NULL,NULL,'permanent','[{\"no\":\"009\",\"qn\":0},{\"no\":\"008\",\"qn\":\"5\"}]','issued',NULL,NULL,NULL,NULL,NULL,NULL,NULL,'complete'),(20,'1761367336982',2,1,NULL,'aer','20251027',NULL,NULL,NULL,NULL,NULL,NULL,'permanent','[{\"no\":\"009\",\"qn\":\"2\"}]','issued',NULL,NULL,NULL,NULL,NULL,NULL,NULL,'complete'),(28,'1761367371154',6,1,NULL,'aer','20251027',NULL,NULL,NULL,NULL,NULL,NULL,'permanent','[{\"no\":\"009\",\"qn\":\"6\"},{\"no\":\"008\",\"qn\":0}]','issued',NULL,NULL,NULL,NULL,NULL,NULL,NULL,'complete'),(48,'1761367336982',1,1,NULL,'fer','20260109',NULL,NULL,NULL,NULL,NULL,NULL,'permanent','[{\"no\":\"0010\",\"qn\":1}]','issued',NULL,NULL,NULL,NULL,NULL,NULL,NULL,'pending'),(49,'1761368066432',NULL,1,NULL,NULL,NULL,NULL,NULL,NULL,NULL,NULL,NULL,NULL,NULL,'pending',NULL,NULL,NULL,NULL,NULL,NULL,NULL,NULL),(50,'1761367371154',6,1,NULL,'oms','20251028',NULL,NULL,NULL,NULL,NULL,NULL,'permanent','[{\"no\":\"009\",\"qn\":\"4\"},{\"no\":\"008\",\"qn\":\"2\"}]','issued',NULL,NULL,NULL,NULL,NULL,NULL,NULL,'complete'),(51,'1761367336982',NULL,1,NULL,NULL,NULL,NULL,NULL,NULL,NULL,NULL,NULL,NULL,NULL,'pending',NULL,NULL,NULL,NULL,NULL,NULL,NULL,NULL),(52,'1761368066432',NULL,1,NULL,NULL,NULL,NULL,NULL,NULL,NULL,NULL,NULL,NULL,NULL,'pending',NULL,NULL,NULL,NULL,NULL,NULL,NULL,NULL),(53,'1761367371154',NULL,1,NULL,NULL,NULL,NULL,NULL,NULL,NULL,NULL,NULL,NULL,NULL,'pending',NULL,NULL,NULL,NULL,NULL,NULL,NULL,NULL);
/*!40000 ALTER TABLE `pending` ENABLE KEYS */;
UNLOCK TABLES;

--
-- Table structure for table `pending_issue`
--

DROP TABLE IF EXISTS `pending_issue`;
/*!40101 SET @saved_cs_client     = @@character_set_client */;
/*!50503 SET character_set_client = utf8mb4 */;
CREATE TABLE `pending_issue` (
  `id` int NOT NULL AUTO_INCREMENT,
  `spare_id` int DEFAULT NULL,
  `tool_id` int DEFAULT NULL,
  `transaction_id` varchar(25) DEFAULT NULL,
  `stocked_nac_qty` int DEFAULT NULL,
  `quote_authority` varchar(255) DEFAULT NULL,
  `demand_no` varchar(25) DEFAULT NULL,
  `demand_date` date DEFAULT NULL,
  `requisition_no` varchar(25) DEFAULT NULL,
  `requisition_date` date DEFAULT NULL,
  `demand_quantity` int DEFAULT '0',
  `qty_received` int DEFAULT '0',
  `approved_by` int DEFAULT NULL,
  `mo_no` varchar(100) DEFAULT NULL,
  `mo_date` date DEFAULT NULL,
  `created_by` int DEFAULT NULL,
  `created_at` datetime NOT NULL,
  `status` varchar(25) DEFAULT 'pending',
  `source_type` varchar(20) DEFAULT 'demand',
  `remarks` varchar(255) DEFAULT NULL,
  PRIMARY KEY (`id`),
  KEY `spare_id` (`spare_id`),
  KEY `tool_id` (`tool_id`),
  KEY `created_by` (`created_by`),
  KEY `pending_issue_ibfk_4` (`approved_by`),
  CONSTRAINT `pending_issue_ibfk_1` FOREIGN KEY (`spare_id`) REFERENCES `spares` (`id`) ON DELETE SET NULL ON UPDATE CASCADE,
  CONSTRAINT `pending_issue_ibfk_2` FOREIGN KEY (`tool_id`) REFERENCES `tools` (`id`) ON DELETE SET NULL ON UPDATE CASCADE,
  CONSTRAINT `pending_issue_ibfk_3` FOREIGN KEY (`created_by`) REFERENCES `users` (`id`) ON DELETE SET NULL ON UPDATE CASCADE,
  CONSTRAINT `pending_issue_ibfk_4` FOREIGN KEY (`approved_by`) REFERENCES `users` (`id`) ON DELETE SET NULL ON UPDATE CASCADE
) ENGINE=InnoDB AUTO_INCREMENT=233 DEFAULT CHARSET=utf8mb4 COLLATE=utf8mb4_0900_ai_ci;
/*!40101 SET character_set_client = @saved_cs_client */;

--
-- Dumping data for table `pending_issue`
--

LOCK TABLES `pending_issue` WRITE;
/*!40000 ALTER TABLE `pending_issue` DISABLE KEYS */;
INSERT INTO `pending_issue` VALUES (16,2,NULL,'PI1769705238984',NULL,NULL,'yjugi','2026-02-02',NULL,NULL,1,0,NULL,NULL,NULL,2,'2026-02-02 19:05:15','NAC_GENERATED','demand',NULL),(19,2,NULL,'TI-1770014853402',NULL,NULL,'EBGEG','2026-02-02',NULL,NULL,5,0,NULL,NULL,NULL,2,'2026-02-02 21:20:42','NAC_GENERATED','demand',NULL),(20,2,NULL,'TMP-1769852174475',NULL,NULL,'TJ56J56','2026-02-02',NULL,NULL,5,0,NULL,NULL,NULL,2,'2026-02-02 21:20:46','NAC_GENERATED','demand',NULL),(21,2,NULL,'TMP-1769878401346',NULL,NULL,'FTJ5R','2026-02-02',NULL,NULL,10,0,NULL,'OTOT7O','2026-02-02',2,'2026-02-02 21:20:51','STOCKED','demand',NULL),(22,2,NULL,'TMP-1769852174475',NULL,NULL,'GMTYTY','2026-02-02',NULL,NULL,5,5,2,'TERTRJ','2026-02-03',2,'2026-02-02 21:24:21','complete','demand',NULL),(23,4,NULL,'PI1770014598893',NULL,NULL,'RH54H','2026-02-02',NULL,NULL,1,0,NULL,'98989956','2026-02-06',2,'2026-02-02 21:24:24','STOCKED','demand',NULL),(24,2,NULL,'TI-1769878107214',NULL,NULL,'NTRNTY','2026-02-02',NULL,NULL,5,0,NULL,'ngfmgh,','2026-02-06',2,'2026-02-02 21:24:28','STOCKED','demand',NULL),(42,2,NULL,'TMP-1769881924757',NULL,NULL,'DRFG345','2026-02-03',NULL,NULL,5,0,NULL,'nvgmghk','2026-02-07',2,'2026-02-03 10:29:45','STOCKED','demand',NULL),(61,4,NULL,'PI1770096928278',NULL,NULL,'RJTRKT','2026-02-03',NULL,NULL,5,5,2,'TKTYK','2026-02-03',2,'2026-02-03 11:06:14','complete','demand',NULL),(65,2,NULL,'PI1770113243635',NULL,NULL,'DFFG4576','2026-02-03',NULL,NULL,4,4,2,'TJHJTJ','2026-02-03',2,'2026-02-03 15:38:28','complete','demand',NULL),(66,2,NULL,'PI1770116754254',NULL,NULL,'D022','2026-02-03',NULL,NULL,5,5,2,'MO001','2026-02-03',2,'2026-02-03 16:36:55','complete','demand',NULL),(70,2,NULL,'TI-1770119691074',NULL,NULL,'DFFG4576','2026-02-03',NULL,NULL,5,5,2,'M0146','2026-02-03',2,'2026-02-03 17:39:31','complete','demand',NULL),(72,2,NULL,'TI-1770119833380',NULL,NULL,'DFFG4576','2026-02-03',NULL,NULL,3,3,2,'i]oi]i','2026-02-03',2,'2026-02-03 17:46:37','complete','demand',NULL),(75,2,NULL,'PI1770120512793',NULL,NULL,'DFFG4576','2026-02-04',NULL,NULL,1,5,2,'rdjtdj','2026-02-04',2,'2026-02-04 00:16:04','complete','demand',NULL),(76,15,NULL,'PI1770145148600',NULL,NULL,'D001','2026-02-04',NULL,NULL,5,5,2,'MO001','2026-02-04',2,'2026-02-04 00:30:22','complete','demand',NULL),(77,15,NULL,'PI1770145148600',NULL,NULL,'D002','2026-02-04',NULL,NULL,5,5,2,'MO002','2026-02-04',2,'2026-02-04 00:32:34','complete','demand',NULL),(78,15,NULL,'PI1770145697163',NULL,NULL,'D003','2026-02-04',NULL,NULL,3,3,2,'MO003','2026-02-04',2,'2026-02-04 00:38:48','complete','demand',NULL),(82,NULL,NULL,'PI1770193356025',NULL,NULL,'DFFG4576','2026-02-04',NULL,NULL,3,3,2,'MOFERH','2026-02-04',2,'2026-02-04 13:53:16','complete','demand',NULL),(83,NULL,NULL,'PI1770194599095',NULL,NULL,'12xsagew345SEre','2026-02-04',NULL,NULL,3,2,2,'12xsagew345SEre','2026-02-04',2,'2026-02-04 14:14:08','complete','demand',NULL),(84,NULL,NULL,'PI1770195140023',NULL,NULL,'D001','2026-02-04',NULL,NULL,3,3,2,'MO001','2026-02-04',2,'2026-02-04 14:23:01','complete','demand',NULL),(88,NULL,2,'TI-1770196185181',NULL,NULL,'GHFD654','2026-02-04',NULL,NULL,5,5,2,'DFG345','2026-02-04',2,'2026-02-04 16:50:44','complete','demand',NULL),(94,NULL,NULL,'SD-1770205801275',NULL,NULL,'FGH4567','2026-02-04',NULL,NULL,3,0,NULL,'GHJF456','2026-02-05',2,'2026-02-04 17:20:01','NAC_GENERATED','demand',NULL),(95,NULL,NULL,'SD-1770206015706',NULL,NULL,'DFG678','2026-02-04',NULL,NULL,6,0,NULL,'DFGH234','2026-02-06',2,'2026-02-04 17:23:35','NAC_GENERATED','demand',NULL),(96,NULL,NULL,'SD-1770206127880',NULL,NULL,'ERWT345','2026-02-04',NULL,NULL,5,0,NULL,'CBNV456','2026-02-08',2,'2026-02-04 17:25:27','NAC_GENERATED','demand',NULL),(97,21,NULL,'SD-1770207573236',NULL,NULL,'D1000','2026-02-04',NULL,NULL,5,5,2,'MO001','2026-02-04',2,'2026-02-04 17:49:33','complete','demand',NULL),(98,22,NULL,'SD-1770207929161',NULL,NULL,'D10001','2026-02-04',NULL,NULL,5,5,2,'MO00100','2026-02-04',2,'2026-02-04 17:55:29','complete','demand',NULL),(99,23,NULL,'SD-1770209186528',NULL,NULL,'D100000','2026-02-04',NULL,NULL,5,5,2,'MO100000','2026-02-04',2,'2026-02-04 18:16:26','complete','demand',NULL),(100,23,NULL,'PI1770209374496',NULL,NULL,'DFFG4576','2026-02-04',NULL,NULL,2,5,2,'MO1002333','2026-02-04',2,'2026-02-04 18:20:38','complete','demand',NULL),(101,23,NULL,'SD-1770209553063',NULL,NULL,'D1000233','2026-02-04',NULL,NULL,5,0,NULL,'MO100023','2026-02-04',2,'2026-02-04 18:22:33','NAC_GENERATED','demand',NULL),(102,23,NULL,'TI-1770209721821',NULL,NULL,'D2333','2026-02-04',NULL,NULL,5,5,2,'MO233','2026-02-04',2,'2026-02-04 18:26:37','complete','demand',NULL),(103,3,NULL,'PI1770209995855',NULL,NULL,'DFFG4576','2026-02-04',NULL,NULL,10,5,2,'MO2222','2026-02-04',2,'2026-02-04 18:30:39','complete','demand',NULL),(104,23,NULL,'TI-1770209721821',NULL,NULL,'jgukggk','2026-02-07',NULL,NULL,5,5,2,'jkgukglii','2026-02-06',2,'2026-02-06 12:07:02','complete','demand',NULL),(105,10,NULL,'TI-1770209619200',NULL,NULL,'bjhlklk.','2026-02-14',NULL,NULL,1,1,2,'igilloi','2026-02-15',2,'2026-02-06 12:08:10','complete','demand',NULL),(106,23,NULL,'PI1770209374496',NULL,NULL,'jkggukgik','2026-02-06',NULL,NULL,3,0,NULL,NULL,NULL,2,'2026-02-06 12:09:26','NAC_GENERATED','demand',NULL),(107,23,NULL,'SD-1770360039670',NULL,NULL,'guut','2026-02-12',NULL,NULL,5,0,NULL,'blklihho','2026-02-12',2,'2026-02-06 12:10:39','NAC_GENERATED','demand',NULL),(108,21,NULL,'PI1770208238249',NULL,NULL,'DRGHBJ4567','2026-02-12',NULL,NULL,5,0,NULL,NULL,NULL,2,'2026-02-06 12:12:24','NAC_GENERATED','demand',NULL),(109,23,NULL,'SD-1770360410260',NULL,NULL,'AAS','2026-02-17',NULL,NULL,5,0,NULL,'MO6000','2026-02-06',2,'2026-02-06 12:16:50','STOCKED','demand',NULL),(110,23,NULL,'SD-1770360483145',NULL,NULL,'123','2026-02-06',NULL,NULL,5,0,NULL,'789','2026-02-06',2,'2026-02-06 12:18:03','NAC_GENERATED','demand',NULL),(111,23,NULL,'SD-1770360758444',NULL,NULL,'001','2026-02-07',NULL,NULL,5,0,NULL,'003','2026-02-07',2,'2026-02-06 12:22:38','NAC_GENERATED','demand',NULL),(112,23,NULL,'SD-1770361838419',NULL,NULL,'1000','2026-02-06','2000','2026-02-07',5,0,NULL,'3000','2026-02-08',2,'2026-02-06 12:40:38','NAC_GENERATED','demand',NULL),(113,23,NULL,'SD-1770362220856',NULL,NULL,'RETTY','2026-02-07',NULL,NULL,5,0,NULL,'RETTY3','2026-02-09',2,'2026-02-06 12:47:00','NAC_GENERATED','demand',NULL),(114,23,NULL,'SD-1770363299229',NULL,NULL,'001','2026-02-06',NULL,NULL,5,0,NULL,'003','2026-02-06',2,'2026-02-06 13:04:59','NAC_GENERATED','demand',NULL),(115,23,NULL,'SD-1770363474277',NULL,NULL,'0]-0]','2026-02-06','bsdbd','2026-02-06',5,0,NULL,'vdsv3333333333','2026-02-06',2,'2026-02-06 13:07:54','NAC_GENERATED','demand',NULL),(116,NULL,NULL,'TI-1770195971965',NULL,NULL,'2000AAAQQS','2026-02-06',NULL,NULL,2,0,NULL,NULL,NULL,2,'2026-02-06 13:56:56','NAC_GENERATED','demand',NULL),(117,3,NULL,'TI-1770190487814',NULL,NULL,'D06','2026-02-06',NULL,NULL,1,1,2,NULL,NULL,2,'2026-02-06 14:17:34','complete','demand',NULL),(118,NULL,NULL,'PI1770192939051',NULL,NULL,'D062','2026-02-06',NULL,NULL,6,0,NULL,'MO06','2026-02-06',2,'2026-02-06 14:17:41','STOCKED','demand',NULL),(119,2,NULL,'TI-1769878107214',NULL,NULL,'D12355','2026-02-06',NULL,NULL,4,0,NULL,NULL,NULL,2,'2026-02-06 15:29:46','NAC_GENERATED','demand',NULL),(120,2,NULL,'TI-1770119691074',NULL,NULL,'ADDDDDDD','2026-02-06',NULL,NULL,5,5,2,NULL,NULL,2,'2026-02-06 15:39:28','complete','demand',NULL),(121,2,NULL,'TMP-1769881924757',NULL,NULL,'D123','2026-02-07',NULL,NULL,5,5,2,NULL,NULL,2,'2026-02-07 17:26:50','complete','demand',NULL),(122,15,NULL,'PI1770145697163',NULL,NULL,'DFFG4576','2026-02-07',NULL,NULL,1,1,2,'MO123','2026-02-07',2,'2026-02-07 17:27:55','complete','demand',NULL),(123,15,NULL,'PI1770145697163',NULL,NULL,'D1001','2026-02-07',NULL,NULL,2,2,2,NULL,NULL,2,'2026-02-07 19:05:49','complete','demand',NULL),(124,15,NULL,'PI1770145697163',NULL,NULL,'D1002','2026-02-07',NULL,NULL,1,1,2,'MO1002','2026-02-12',2,'2026-02-07 19:07:21','complete','demand',NULL),(125,NULL,NULL,'TI-1770195971965',NULL,NULL,'DFFG4576','2026-02-08',NULL,NULL,1,0,NULL,'MO222','2026-02-08',2,'2026-02-08 23:39:40','STOCKED','demand',NULL),(126,23,NULL,'PI1770575111511',NULL,NULL,'DFFG4576','2026-02-08',NULL,NULL,2,0,NULL,NULL,NULL,2,'2026-02-09 00:00:10','NAC_GENERATED','demand',NULL),(127,23,NULL,'PI1770575111511',NULL,NULL,'DFFG4576','2026-02-09',NULL,NULL,2,0,NULL,NULL,NULL,2,'2026-02-09 00:12:04','NAC_GENERATED','demand',NULL),(128,2,NULL,'TI-1770190340699',NULL,NULL,'DFFG4576','2026-02-09',NULL,NULL,1,0,NULL,NULL,NULL,2,'2026-02-09 10:12:06','NAC_GENERATED','demand',NULL),(129,NULL,NULL,'TI-1770198175589',NULL,NULL,'DFFG4576','2026-02-09',NULL,NULL,3,0,NULL,NULL,NULL,2,'2026-02-09 16:40:59','STOCKED','demand',NULL),(130,2,NULL,'TI-1770191362903',NULL,NULL,'12xsagew345SEre','2026-02-09',NULL,NULL,1,0,NULL,'rdhtrtr','2026-02-28',2,'2026-02-09 16:59:30','STOCKED','demand',NULL),(131,2,NULL,'TI-1770191786097',NULL,NULL,'DFFG4576','2026-02-09',NULL,NULL,2,0,NULL,NULL,NULL,2,'2026-02-09 16:59:42','NAC_GENERATED','demand',NULL),(132,2,NULL,'TI-1770191786097',NULL,NULL,'DFFG4576','2026-02-09',NULL,NULL,3,0,NULL,NULL,NULL,2,'2026-02-09 16:59:52','NAC_GENERATED','demand',NULL),(133,2,NULL,'TI-1770191362903',NULL,NULL,'5uiluip','2026-02-09',NULL,NULL,2,0,NULL,NULL,NULL,2,'2026-02-09 17:24:23','NAC_GENERATED','demand',NULL),(134,2,NULL,'TI-1770191786097',NULL,NULL,'bjhlklk.','2026-02-09',NULL,NULL,5,0,NULL,NULL,NULL,2,'2026-02-09 17:28:04','NAC_GENERATED','demand',NULL),(135,2,NULL,'TI-1770120968451',NULL,NULL,'ht5hyhyh','2026-02-09',NULL,NULL,2,0,NULL,NULL,NULL,2,'2026-02-09 17:35:41','STOCKED','demand',NULL),(136,15,NULL,'TI-1770145669363',NULL,NULL,'DERERYY5R','2026-02-09',NULL,NULL,5,0,NULL,NULL,NULL,2,'2026-02-09 17:36:51','NAC_GENERATED','demand',NULL),(137,2,NULL,'PI1770186109756',NULL,NULL,'DFFG4576','2026-02-09',NULL,NULL,3,0,NULL,NULL,NULL,2,'2026-02-09 18:11:43','NAC_GENERATED','demand',NULL),(138,15,NULL,'PI1770143330896',NULL,NULL,'DFFG4576','2026-02-09',NULL,NULL,5,0,NULL,NULL,NULL,2,'2026-02-09 18:21:27','NAC_GENERATED','demand',NULL),(139,15,NULL,'PI1770143330896',NULL,NULL,'DFFG4576','2026-02-09',NULL,NULL,5,0,NULL,NULL,NULL,2,'2026-02-09 18:26:54','NAC_GENERATED','demand',NULL),(140,2,NULL,'PI1770186109756',2,NULL,'DFFG4576','2026-02-10',NULL,NULL,2,0,NULL,NULL,NULL,2,'2026-02-10 07:02:11','complete','demand',NULL),(141,2,NULL,'PI1770120512793',1,NULL,'DFFG4576','2026-02-10',NULL,NULL,1,0,NULL,NULL,NULL,2,'2026-02-10 07:47:50','complete','demand',NULL),(142,2,NULL,'TI-1770121160372',1,NULL,'12xsagew345SEre','2026-02-10',NULL,NULL,1,0,NULL,NULL,NULL,2,'2026-02-10 07:47:55','complete','demand',NULL),(143,15,NULL,'PI1770143330896',5,NULL,'DFFG4576','2026-02-10',NULL,NULL,5,0,NULL,NULL,NULL,2,'2026-02-10 07:48:18','complete','demand',NULL),(144,2,NULL,'TI-1770121160372',2,NULL,'DFFG4576','2026-02-10',NULL,NULL,2,0,NULL,NULL,NULL,2,'2026-02-10 10:04:30','complete','demand',NULL),(145,2,NULL,'PI1770007158289',6,NULL,'DFFG4576','2026-02-10',NULL,NULL,6,0,NULL,NULL,NULL,2,'2026-02-10 10:55:36','complete','demand',NULL),(146,2,NULL,'PI1770120512793',1,NULL,'DFFG4576','2026-02-10',NULL,NULL,1,0,NULL,NULL,NULL,2,'2026-02-10 15:25:22','complete','demand',NULL),(147,2,NULL,'PI1770007158289',3,NULL,'DFFG4576','2026-02-10',NULL,NULL,3,0,NULL,NULL,NULL,2,'2026-02-10 15:44:36','complete','demand',NULL),(148,2,NULL,'TMP-1769773933369',2,NULL,'DFFG4576','2026-02-10',NULL,NULL,2,0,NULL,NULL,NULL,2,'2026-02-10 16:40:36','complete','demand',NULL),(149,2,NULL,'TMP-1769773933369',3,NULL,'DFFG4576','2026-02-10',NULL,NULL,3,0,NULL,NULL,NULL,2,'2026-02-10 16:40:39','complete','demand',NULL),(150,2,NULL,'PI1769955611350',4,NULL,'DFFG4576','2026-02-10',NULL,NULL,4,0,NULL,NULL,NULL,2,'2026-02-10 16:40:48','complete','demand',NULL),(151,2,NULL,'PI1769955611350',5,NULL,'DFFG4576','2026-02-10',NULL,NULL,5,0,NULL,NULL,NULL,2,'2026-02-10 16:40:51','complete','demand',NULL),(152,2,NULL,'PI1769955611350',3,NULL,'DFFG4576','2026-02-10',NULL,NULL,3,0,NULL,NULL,NULL,2,'2026-02-10 16:40:55','complete','demand',NULL),(153,23,NULL,'PI1770778441587',3,NULL,'DFFG4576','2026-02-11',NULL,NULL,3,0,NULL,NULL,NULL,2,'2026-02-11 08:26:09','complete','demand',NULL),(154,23,NULL,'PI1770810445287',5,NULL,'DFFG4576','2026-02-11',NULL,NULL,5,0,NULL,NULL,NULL,2,'2026-02-11 17:18:11','complete','demand',NULL),(155,23,NULL,'PI1770811147872',5,NULL,'DFFG4576','2026-02-11',NULL,NULL,5,0,NULL,NULL,NULL,2,'2026-02-11 17:29:37','complete','demand',NULL),(156,23,NULL,'PI1770811403257',8,NULL,'DFFG4576','2026-02-11',NULL,NULL,8,0,NULL,NULL,NULL,2,'2026-02-11 17:33:59','complete','demand',NULL),(157,23,NULL,'PI1770811607999',5,NULL,'DFFG4576','2026-02-11',NULL,NULL,5,0,NULL,NULL,NULL,2,'2026-02-11 17:37:18','complete','demand',NULL),(158,23,NULL,'PI1770835113885',8,NULL,'DFFG4576','2026-02-12',NULL,NULL,8,0,NULL,NULL,NULL,2,'2026-02-12 00:09:14','complete','demand',NULL),(159,23,NULL,'PI1770836374638',5,NULL,'DFFG4576','2026-02-12',NULL,NULL,5,0,NULL,NULL,NULL,2,'2026-02-12 00:30:19','complete','demand',NULL),(160,NULL,5,'SD-1770877130199',5,'QUOTE AUTHORITY 100','Internal001','2026-02-12','Req002','2026-02-12',5,0,NULL,'MO001','2026-02-12',2,'2026-02-12 11:48:50','complete','demand',NULL),(161,NULL,5,'PI1771221274250',5,NULL,'DFFG4576','2026-02-16',NULL,NULL,5,0,NULL,NULL,NULL,2,'2026-02-16 11:27:46','complete','demand',NULL),(162,NULL,5,'PI1771221274250',5,NULL,'DFFG4576','2026-02-16',NULL,NULL,5,0,NULL,NULL,NULL,2,'2026-02-16 11:27:49','complete','demand',NULL),(163,2,NULL,'PI1770007158289',0,NULL,'DFFG4576','2026-02-16',NULL,NULL,1,0,NULL,NULL,NULL,2,'2026-02-16 14:01:35','pending','demand',NULL),(164,2,NULL,'TMP-1769773933369',0,NULL,'DFFG4576','2026-02-16',NULL,NULL,5,0,NULL,NULL,NULL,2,'2026-02-16 14:01:39','pending','demand',NULL),(165,2,NULL,'PI1769952131964',1,NULL,'DFFG4576','2026-02-16',NULL,NULL,1,0,NULL,NULL,NULL,2,'2026-02-16 14:01:42','complete','demand',NULL),(166,2,NULL,'PI1769955611350',2,NULL,'DFFG4576','2026-02-16',NULL,NULL,2,0,NULL,NULL,NULL,2,'2026-02-16 14:01:45','complete','demand',NULL),(167,23,NULL,'PI1770811403257',NULL,NULL,'DFFG4576','2026-02-16',NULL,NULL,2,0,NULL,NULL,NULL,2,'2026-02-16 14:33:10','pending','demand',NULL),(168,23,NULL,'PI1770835113885',NULL,NULL,'DFFG4576','2026-02-16',NULL,NULL,2,0,NULL,NULL,NULL,2,'2026-02-16 14:33:14','pending','demand',NULL),(169,23,NULL,'PI1770836374638',NULL,NULL,'DFFG4576','2026-02-16',NULL,NULL,1,0,NULL,NULL,NULL,2,'2026-02-16 14:33:17','pending','demand',NULL),(170,23,NULL,'PI1770836374638',NULL,NULL,'DFFG4576','2026-02-16',NULL,NULL,2,0,NULL,NULL,NULL,2,'2026-02-16 14:33:21','pending','demand',NULL),(171,23,NULL,'PI1770836374638',NULL,NULL,'DFFG4576','2026-02-16',NULL,NULL,2,0,NULL,NULL,NULL,2,'2026-02-16 14:53:00','pending','demand',NULL),(172,2,NULL,'PI1769955611350',NULL,NULL,'DFFG4576','2026-02-16',NULL,NULL,2,0,NULL,NULL,NULL,2,'2026-02-16 14:53:03','pending','demand',NULL),(173,23,NULL,'SD-1771243723283',NULL,NULL,'NRETR','2026-02-16','bsdbd','2026-02-16',5,0,NULL,'bfdbfd8886','2026-02-16',2,'2026-02-16 17:38:43','pending','demand',NULL),(174,23,NULL,'SD-1771245918076',NULL,NULL,'NRETR','2026-02-28','bsdbd','2026-02-28',5,0,NULL,'vdsv3333333333','2026-02-28',2,'2026-02-16 18:15:18','pending','demand',NULL),(175,23,NULL,'SD-1771245937072',NULL,NULL,'TUTURQR','2026-02-28','bsdbd','2026-02-28',5,0,NULL,'vdsv3333333333','2026-02-28',2,'2026-02-16 18:15:37','pending','demand',NULL),(176,23,NULL,'SD-1771245965818',NULL,NULL,'NRETR','2026-02-20','bsdbd','2026-02-20',5,0,NULL,'hgmh','2026-02-20',2,'2026-02-16 18:16:05','pending','demand',NULL),(177,23,NULL,'SD-1771245984083',5,NULL,'TUTURQR','2026-02-20','bsdbd','2026-02-20',5,0,NULL,'vdsv3333333333','2026-02-20',2,'2026-02-16 18:16:24','complete','demand',NULL),(178,23,NULL,'SD-1771246019375',5,NULL,'TUTURQR','2026-02-20','bsdbd','2026-02-20',5,0,NULL,'gnn','2026-02-20',2,'2026-02-16 18:16:59','complete','demand',NULL),(179,23,NULL,'SD-1771246047771',5,NULL,'NRETR','2026-02-16','bsdbd','2026-02-16',5,0,NULL,'bfdbfd8886','2026-02-16',2,'2026-02-16 18:17:27','complete','demand',NULL),(180,NULL,5,'PI1771828166915',2,NULL,'DFFG4576','2026-02-23',NULL,NULL,4,0,NULL,NULL,NULL,2,'2026-02-23 12:00:00','partial','demand',NULL),(181,NULL,NULL,'SD-1771989080790',NULL,NULL,'sbhtrii','2026-02-25','bsdbd','2026-02-04',5,0,NULL,'MO2025','2026-02-19',2,'2026-02-25 08:41:20','pending','demand',NULL),(182,NULL,8,'SD-1771989527413',2,NULL,'NRETR','2026-02-04','bsdbd','2026-02-04',10,0,NULL,'MO2026_25','2026-02-04',2,'2026-02-25 08:48:47','partial','demand',NULL),(183,2,NULL,'PI1769955611350',3,NULL,'DFFG4576','2026-02-25',NULL,NULL,5,0,NULL,NULL,NULL,2,'2026-02-25 08:53:44','partial','demand',NULL),(184,12,NULL,'SD-1771992847778',NULL,NULL,'mhgf7788','2026-02-25','bsdbd','2026-02-25',10,0,NULL,'MO1222','2026-02-04',2,'2026-02-25 09:44:07','pending','demand',NULL),(185,NULL,NULL,'SD-1771994242027',5,NULL,'YYYY','2026-02-24','RR2026','2026-02-25',5,0,NULL,'MO2026','2026-02-20',2,'2026-02-25 10:07:22','complete','special_demand',NULL),(186,5,NULL,'SD-1771994291910',5,NULL,'NRETR','2026-02-04','bsdbd','2026-02-12',5,0,NULL,'MO2026_28','2026-02-28',2,'2026-02-25 10:08:11','complete','special_demand',NULL),(187,2,NULL,'PI1769955611350',NULL,NULL,'D00125','2026-02-18',NULL,NULL,5,0,NULL,NULL,NULL,2,'2026-02-25 10:10:05','pending','demand',NULL),(188,NULL,NULL,'SD-1771997839802',4,NULL,'NRETR','2026-02-04','bsdbd','2026-02-12',5,0,NULL,'MO1999','2026-02-20',2,'2026-02-25 11:07:19','partial','special_demand',NULL),(189,2,NULL,'PI1769955611350',4,NULL,'D_NO_1999','2026-02-25',NULL,NULL,5,0,NULL,NULL,NULL,2,'2026-02-25 11:09:04','partial','demand',NULL),(190,NULL,NULL,'SD-1771998330492',5,NULL,'TUTURQR','2026-02-04','bsdbd','2026-02-05',5,0,NULL,'MO_TORQUE','2026-02-19',2,'2026-02-25 11:15:30','complete','special_demand',NULL),(191,23,NULL,'TI-1770885766984',NULL,NULL,'DFFG4576','2026-02-25',NULL,NULL,5,0,NULL,NULL,NULL,2,'2026-02-25 11:18:15','pending','demand',NULL),(192,23,NULL,'TI-1770885766984',3,NULL,'DDEEMAND NOO','2026-02-27',NULL,NULL,5,0,NULL,NULL,NULL,2,'2026-02-25 11:18:59','partial','demand',NULL),(193,60,NULL,'SD-1772011618553',5,NULL,'INT_14:54','2026-02-12','REQ_14:54','2026-02-18',5,0,NULL,'MO_14:54','2026-02-18',2,'2026-02-25 14:56:58','complete','special_demand',NULL),(194,46,NULL,'SD-1772045407798',NULL,NULL,'7898p','2026-02-18','bsdbd','2026-02-04',5,0,NULL,'vdsv3333333333','2026-02-05',2,'2026-02-26 00:20:07','pending','special_demand',NULL),(195,46,NULL,'SD-1772106352835',2,NULL,'In_26_2026','2026-02-26','Req_26_2026','2026-02-26',5,0,NULL,'MO_2026_26','2026-02-27',2,'2026-02-26 17:15:52','partial','special_demand',NULL),(196,NULL,21,'SD-1772108090799',5,NULL,'FAX TOOL 26','2026-02-21','REQ FAX','2026-02-12',5,0,NULL,'MO FAX','2026-02-14',2,'2026-02-26 17:44:50','complete','special_demand',NULL),(197,46,NULL,'PI1772531179224',1,NULL,'DFFG4576','2026-03-03',NULL,NULL,1,0,NULL,NULL,NULL,4,'2026-03-03 15:17:22','complete','demand',NULL),(198,46,NULL,'PI-1772536838911',1,NULL,'12xsagew345SEre','2026-03-03',NULL,NULL,1,0,NULL,NULL,NULL,4,'2026-03-03 17:13:38','complete','demand',NULL),(199,65,NULL,'SD-1772563100887',5,'FAX ADDED 4TH MARCH ','INT 4TH MARCH','2026-03-04','REQ 4TH MARCH','2026-03-04',5,0,NULL,'MO 4TH MARCH','2026-03-04',10,'2026-03-04 00:08:20','complete','demand',NULL),(200,NULL,NULL,'PI-1772590806425',1,NULL,'demand 4th march','2026-03-04',NULL,NULL,1,0,NULL,NULL,NULL,2,'2026-03-04 07:55:35','complete','demand',NULL),(201,46,NULL,'PI1772086144554',1,NULL,'DEMANDth MARCH 2 ','2026-03-04',NULL,NULL,1,0,NULL,NULL,NULL,2,'2026-03-04 08:00:17','complete','demand',NULL),(202,46,NULL,'PI-1772592113614',1,NULL,'555','2026-03-04',NULL,NULL,1,0,NULL,NULL,NULL,2,'2026-03-04 08:12:23','complete','demand',NULL),(203,27,NULL,'SD-1772592454787',0,'4th march','int 4th march','2026-03-04','req 4th march','2026-03-04',5,0,NULL,'mo 4th march','2026-03-04',2,'2026-03-04 08:17:34','pending','demand',NULL),(204,61,NULL,'PI-1772690185872',1,NULL,'DFFG4576','2026-03-08',NULL,NULL,1,0,NULL,'MO 10th MARCH',NULL,4,'2026-03-08 10:26:43','complete','demand',NULL),(205,NULL,7,'PI-1773031422383',NULL,'Authority','DEMAND 2026','2026-03-09',NULL,NULL,1,0,NULL,'MO 10th MARCH',NULL,4,'2026-03-09 10:26:32','reversed','demand',NULL),(206,NULL,NULL,'PI-1773122999212',NULL,NULL,'DFFG4576','2026-03-10',NULL,NULL,1,0,NULL,NULL,NULL,4,'2026-03-10 13:02:26','reversed','demand',NULL),(207,62,NULL,'SD-1773128028054',0,'FAX 10 TH MARCH','INT 10TH MARCH','2026-03-10','REQ 10TH MARCH','2026-03-10',5,0,NULL,'MO 10TH MARCH','2026-03-10',4,'2026-03-10 13:03:48','pending','demand',NULL),(208,NULL,5,'SD-1773292767399',NULL,NULL,'NRETR','2026-03-12','BSDBD','2026-03-12',-12,0,NULL,'VDSV3333333333','2026-03-12',4,'2026-03-12 10:49:27','pending','special_demand',NULL),(209,3,NULL,'TI-1771158408837',NULL,NULL,'DFFG4576','2026-03-12',NULL,NULL,1,0,NULL,NULL,NULL,4,'2026-03-12 12:08:54','reversed','demand',NULL),(210,54,NULL,'PI-1773340902239',1,NULL,'DFFG4576','2026-03-13',NULL,NULL,2,0,NULL,NULL,NULL,4,'2026-03-13 00:13:39','reversed','demand',NULL),(211,21,NULL,'PI1772076918207',NULL,NULL,'DEMAND045','2026-03-14',NULL,NULL,2,0,NULL,NULL,NULL,4,'2026-03-14 23:44:43','pending','demand',NULL),(212,46,NULL,'PI-1773122790077',NULL,NULL,'DEMAND9876','2026-03-14',NULL,NULL,1,0,NULL,NULL,NULL,4,'2026-03-14 23:45:45','pending','demand',NULL),(213,46,NULL,'SD-1773634739806',NULL,NULL,'TUTURQR','2026-03-15','BSDBD','2026-03-15',0,0,NULL,'VDSV3333333333','2026-03-16',4,'2026-03-16 09:48:59','pending','special_demand',NULL),(214,15,NULL,'ADD_DM-1773640269933',NULL,NULL,'DFFG4576','2026-03-16',NULL,NULL,3,0,NULL,NULL,NULL,4,'2026-03-16 11:21:17','pending','demand',NULL),(215,NULL,NULL,'SD-1773651783542',NULL,NULL,'TUTURQR','2026-03-15','BSDBD','2026-03-16',2,0,NULL,'VDSV3333333333','2026-03-16',4,'2026-03-16 14:33:03','pending','special_demand',NULL),(216,NULL,8,'SD-1773667617908',NULL,NULL,'TUTURQR','2026-03-15','BSDBD','2026-03-16',5,0,NULL,'VDSV3333333333','2026-03-16',4,'2026-03-16 18:56:57','pending','special_demand',NULL),(217,54,NULL,'PI-1773491341523',NULL,NULL,'DFFG4576','2026-03-16',NULL,NULL,4,0,NULL,NULL,NULL,4,'2026-03-16 19:00:41','pending','demand',NULL),(218,27,NULL,'PI-1773491298577',NULL,NULL,'DFFG4576','2026-03-16',NULL,NULL,1,0,NULL,NULL,NULL,4,'2026-03-16 19:01:08','pending','demand',NULL),(219,46,NULL,'PI-1773204298583',NULL,NULL,'DFFG4576','2026-03-16',NULL,NULL,1,0,NULL,NULL,NULL,4,'2026-03-16 19:02:13','pending','demand',NULL),(220,NULL,8,'SD-264',6,NULL,'TUTURQR','2026-03-15','CXDBFDH','2026-03-15',8,0,NULL,'VDSV3333333333','2026-03-17',4,'2026-03-17 08:33:47','partial','special_demand',NULL),(221,NULL,26,'SD-1773718635796',3,NULL,'TUTURQR','2026-03-16','REQUISIT NO.','2026-03-17',5,0,NULL,'MO17TH MARCH','2026-03-17',4,'2026-03-17 09:07:15','partial','special_demand',NULL),(222,62,NULL,'SD-267',3,NULL,'TUTURQR','2026-03-16','REQUISIT NO.','2026-03-17',3,0,NULL,'GNN','2026-03-17',4,'2026-03-17 09:09:45','complete','special_demand',NULL),(223,61,NULL,'SD-268',2,NULL,'NRETR','2026-03-03','BSDBD','2026-03-04',2,0,NULL,'BFDBFD8886','2026-03-04',4,'2026-03-17 09:45:26','complete','special_demand',NULL),(224,23,NULL,'SD-269',4,NULL,'TUTURQR','2026-03-16','REQUISIT NO.','2026-03-16',5,0,NULL,'MO12345','2026-03-17',4,'2026-03-17 09:54:50','partial','special_demand',NULL),(225,NULL,NULL,'TI-1773773294206',NULL,NULL,'D001','2026-03-18',NULL,NULL,1,0,NULL,NULL,NULL,4,'2026-03-18 10:49:15','pending','demand',NULL),(226,NULL,NULL,'SD-1773811231497',NULL,'FAXFGJY','INT2233','2026-03-18','REQ2363','2026-03-18',2,0,NULL,'MO2256','2026-03-18',4,'2026-03-18 10:50:31','pending','demand',NULL),(227,54,NULL,'PI-1773811473281',NULL,NULL,'FGH456','2026-03-18',NULL,NULL,1,0,NULL,NULL,NULL,4,'2026-03-18 10:54:45','pending','demand',NULL),(228,NULL,20,'ADD_SUR-1773640172414',NULL,NULL,'DFFG4576','2026-03-18',NULL,NULL,2,0,NULL,NULL,NULL,4,'2026-03-18 11:00:59','pending','demand',NULL),(229,54,NULL,'SD-445',3,NULL,'TUTURQR','2026-04-23','BSDBD','2026-04-24',3,0,NULL,'BFDBFD8886','2026-04-28',4,'2026-04-24 09:49:08','complete','special_demand','REMARKS'),(230,54,NULL,'PI-1776947487785',NULL,NULL,'DFFG4576','2026-04-24',NULL,NULL,1,0,NULL,NULL,NULL,4,'2026-04-24 20:03:05','pending','demand','REMARKS DEMAND'),(231,46,NULL,'PI-1777088897936',1,NULL,'DFFG4576','2026-04-25',NULL,NULL,1,0,NULL,NULL,NULL,4,'2026-04-25 09:19:07','complete','demand','REMARKS456'),(232,46,NULL,'PI-1776939350906',NULL,NULL,'12XSAGEW345SERE','2026-04-25',NULL,NULL,2,0,NULL,NULL,NULL,4,'2026-04-25 11:27:53','pending','demand',NULL);
/*!40000 ALTER TABLE `pending_issue` ENABLE KEYS */;
UNLOCK TABLES;

--
-- Table structure for table `permanent_transaction`
--

DROP TABLE IF EXISTS `permanent_transaction`;
/*!40101 SET @saved_cs_client     = @@character_set_client */;
/*!50503 SET character_set_client = utf8mb4 */;
CREATE TABLE `permanent_transaction` (
  `id` int NOT NULL AUTO_INCREMENT,
  `quantity` int DEFAULT NULL,
  `date` varchar(15) DEFAULT NULL,
  `servay_number` varchar(45) DEFAULT NULL,
  `voucher_no` varchar(45) DEFAULT NULL,
  `pending_id` int DEFAULT NULL,
  `status` varchar(45) DEFAULT NULL,
  `demand_no` varchar(45) DEFAULT NULL,
  `demand_date` varchar(15) DEFAULT NULL,
  `nac_no` varchar(45) DEFAULT NULL,
  `nac_date` varchar(15) DEFAULT NULL,
  `rate` varchar(10) DEFAULT NULL,
  `validity` varchar(10) DEFAULT NULL,
  `mo_no` varchar(45) DEFAULT NULL,
  `gate_pass_date` varchar(15) DEFAULT NULL,
  PRIMARY KEY (`id`),
  KEY `pending_id` (`pending_id`),
  CONSTRAINT `permanent_transaction_ibfk_1` FOREIGN KEY (`pending_id`) REFERENCES `pending` (`id`) ON DELETE SET NULL ON UPDATE CASCADE
) ENGINE=InnoDB AUTO_INCREMENT=18 DEFAULT CHARSET=utf8mb4 COLLATE=utf8mb4_0900_ai_ci;
/*!40101 SET character_set_client = @saved_cs_client */;

--
-- Dumping data for table `permanent_transaction`
--

LOCK TABLES `permanent_transaction` WRITE;
/*!40000 ALTER TABLE `permanent_transaction` DISABLE KEYS */;
INSERT INTO `permanent_transaction` VALUES (2,2,'20251026','456793','567890',19,'inventory','345345','20251027','123456','20251027','100','20',NULL,NULL),(3,3,'20251027','456312','678456',19,'inventory','5678567','20251027',NULL,NULL,NULL,NULL,'345345','20251027'),(4,1,'20251027','1234','456456',20,'inventory','45645','20251027',NULL,NULL,NULL,NULL,'4536456','20251027'),(5,1,'20251027','45645','678678',20,'inventory','2345345','20251027',NULL,NULL,NULL,NULL,'456456','20251027'),(15,3,'20251028',NULL,'456456',50,'inventory','456456','20251028','567234','20251028','100','120',NULL,NULL),(16,2,'20251028',NULL,'4564532',50,'stocked','65465','20251223',NULL,NULL,NULL,NULL,'fbfdb','20260201'),(17,1,'20251028',NULL,'768342',50,'surveyed',NULL,NULL,NULL,NULL,NULL,NULL,NULL,NULL);
/*!40000 ALTER TABLE `permanent_transaction` ENABLE KEYS */;
UNLOCK TABLES;

--
-- Table structure for table `procurement`
--

DROP TABLE IF EXISTS `procurement`;
/*!40101 SET @saved_cs_client     = @@character_set_client */;
/*!50503 SET character_set_client = utf8mb4 */;
CREATE TABLE `procurement` (
  `id` int NOT NULL AUTO_INCREMENT,
  `spare_id` int DEFAULT NULL,
  `tool_id` int DEFAULT NULL,
  `box_no` json DEFAULT NULL,
  `nac_qty` int NOT NULL,
  `nac_no` varchar(25) DEFAULT NULL,
  `nac_date` date DEFAULT NULL,
  `validity` int DEFAULT NULL,
  `rate_unit` decimal(10,2) DEFAULT NULL,
  `issue_date` date NOT NULL,
  `return_date` date DEFAULT NULL,
  `qty_received` int NOT NULL DEFAULT '0',
  `created_by` int NOT NULL,
  `created_at` datetime DEFAULT CURRENT_TIMESTAMP,
  `approved_by` int DEFAULT NULL,
  `approved_at` datetime DEFAULT NULL,
  `status` varchar(20) DEFAULT 'pending',
  `issue_id` int DEFAULT NULL,
  `transaction_id` varchar(50) DEFAULT NULL,
  PRIMARY KEY (`id`),
  KEY `fk_procurement_spare` (`spare_id`),
  KEY `fk_procurement_tool` (`tool_id`),
  KEY `fk_procurement_created_by` (`created_by`),
  KEY `fk_procurement_approved_by` (`approved_by`),
  KEY `fk_procurement_issue_id` (`issue_id`),
  CONSTRAINT `fk_procurement_approved_by` FOREIGN KEY (`approved_by`) REFERENCES `users` (`id`) ON DELETE SET NULL ON UPDATE CASCADE,
  CONSTRAINT `fk_procurement_created_by` FOREIGN KEY (`created_by`) REFERENCES `users` (`id`) ON DELETE RESTRICT ON UPDATE CASCADE,
  CONSTRAINT `fk_procurement_issue_id` FOREIGN KEY (`issue_id`) REFERENCES `pending_issue` (`id`) ON DELETE SET NULL ON UPDATE CASCADE,
  CONSTRAINT `fk_procurement_spare` FOREIGN KEY (`spare_id`) REFERENCES `spares` (`id`) ON DELETE SET NULL ON UPDATE CASCADE,
  CONSTRAINT `fk_procurement_tool` FOREIGN KEY (`tool_id`) REFERENCES `tools` (`id`) ON DELETE SET NULL ON UPDATE CASCADE
) ENGINE=InnoDB AUTO_INCREMENT=97 DEFAULT CHARSET=utf8mb4 COLLATE=utf8mb4_0900_ai_ci;
/*!40101 SET character_set_client = @saved_cs_client */;

--
-- Dumping data for table `procurement`
--

LOCK TABLES `procurement` WRITE;
/*!40000 ALTER TABLE `procurement` DISABLE KEYS */;
INSERT INTO `procurement` VALUES (45,2,NULL,'[{\"no\": \"Rabc01\", \"qn\": \"20\", \"qtyHeld\": 71, \"location\": \"new location 2026\"}, {\"no\": \"R0123\", \"qn\": \"23\", \"qtyHeld\": 19, \"location\": \"RACK-C\"}, {\"no\": \"R004\", \"qn\": \"2\", \"qtyHeld\": 8, \"location\": \"RACK-B\"}]',1,'5674','2026-02-10',11,11.00,'2026-02-10','2026-02-22',1,2,'2026-02-10 23:27:39',2,'2026-02-22 19:39:34','complete',152,NULL),(46,2,NULL,'[{\"no\": \"Rabc01\", \"qn\": \"20\", \"qtyHeld\": 70, \"location\": \"new location 2026\"}, {\"no\": \"R0123\", \"qn\": \"23\", \"qtyHeld\": 19, \"location\": \"RACK-C\"}, {\"no\": \"R004\", \"qn\": \"2\", \"qtyHeld\": 8, \"location\": \"RACK-B\"}]',2,'NAC0001','2026-02-11',100,100.25,'2026-02-10','2026-02-22',2,2,'2026-02-11 07:44:26',2,'2026-02-22 19:15:10','complete',150,NULL),(47,23,NULL,'[{\"no\": \"R001\", \"qn\": \"25\", \"qtyHeld\": 21, \"location\": \"RACK-A\"}, {\"no\": \"R002\", \"qn\": \"25\", \"qtyHeld\": 7, \"location\": \"FWD SPTA\"}]',1,'NAC111','2026-02-11',100,100.25,'2026-02-11','2026-02-11',1,2,'2026-02-11 08:28:11',2,'2026-02-11 15:44:44','complete',153,NULL),(48,23,NULL,'[{\"no\": \"R001\", \"qn\": \"25\", \"qtyHeld\": 19, \"location\": \"RACK-A\"}, {\"no\": \"R002\", \"qn\": \"25\", \"qtyHeld\": 2, \"location\": \"FWD SPTA\"}]',3,'NAC225','2026-02-11',125,125.00,'2026-02-11','2026-02-11',3,2,'2026-02-11 17:18:43',2,'2026-02-11 17:19:32','complete',154,NULL),(49,2,NULL,'[{\"no\": \"Rabc01\", \"qn\": \"20\", \"qtyHeld\": 65, \"location\": \"new location 2026\"}, {\"no\": \"R0123\", \"qn\": \"23\", \"qtyHeld\": 19, \"location\": \"RACK-C\"}, {\"no\": \"R004\", \"qn\": \"2\", \"qtyHeld\": 8, \"location\": \"RACK-B\"}]',2,'NAC0011','2026-02-11',12,125.55,'2026-02-10','2026-02-11',2,2,'2026-02-11 17:21:20',2,'2026-02-11 17:21:39','complete',150,NULL),(50,23,NULL,'[{\"no\": \"R001\", \"qn\": 30, \"baseQn\": 30, \"qtyHeld\": 29, \"location\": \"Reserved Room1\", \"incDecQty\": \"\"}, {\"no\": \"R002\", \"qn\": 30, \"baseQn\": 30, \"qtyHeld\": 12, \"location\": \"FWD SPTA\", \"incDecQty\": \"\"}]',5,'NAC001','2026-02-11',10,120.55,'2026-02-11','2026-02-16',5,2,'2026-02-11 17:34:34',2,'2026-02-16 16:07:32','complete',156,NULL),(51,23,NULL,'[{\"no\": \"R001\", \"qn\": \"25\", \"qtyHeld\": 8, \"location\": \"RACK-A\"}, {\"no\": \"R002\", \"qn\": \"25\", \"qtyHeld\": 5, \"location\": \"FWD SPTA\"}]',3,'NAC001','2026-02-11',10,1200.55,'2026-02-11','2026-02-11',3,2,'2026-02-11 17:37:48',2,'2026-02-11 17:38:35','complete',157,NULL),(52,23,NULL,'[{\"no\": \"R001\", \"qn\": \"29\", \"qtyHeld\": 25, \"location\": \"RACK-A\"}, {\"no\": \"R002\", \"qn\": \"30\", \"qtyHeld\": 5, \"location\": \"FWD SPTA\"}]',5,'NAC001','2026-02-12',12,10.00,'2026-02-12','2026-02-12',5,2,'2026-02-12 00:09:44',2,'2026-02-12 00:10:36','complete',158,NULL),(53,23,NULL,'[{\"no\": \"R001\", \"qn\": \"34\", \"qtyHeld\": 18, \"location\": \"RACK-A\"}, {\"no\": \"R002\", \"qn\": \"30\", \"qtyHeld\": 10, \"location\": \"FWD SPTA\"}]',3,'NAC001','2026-02-12',20,125.55,'2026-02-12','2026-02-12',3,2,'2026-02-12 00:30:49',2,'2026-02-12 00:31:34','complete',159,NULL),(54,NULL,5,'[{\"no\": \"R001\", \"qn\": \"40\", \"qtyHeld\": 20, \"location\": \"Reserved Room1\"}]',5,'1222','2026-02-16',12,122.00,'2026-02-16','2026-02-16',5,2,'2026-02-16 11:28:08',2,'2026-02-16 16:07:46','complete',162,NULL),(55,NULL,5,'[{\"no\": \"R001\", \"qn\": \"40\", \"qtyHeld\": 15, \"location\": \"Reserved Room1\"}]',5,'1222','2026-02-16',12,122.00,'2026-02-16','2026-02-16',5,2,'2026-02-16 11:28:26',2,'2026-02-16 11:28:39','complete',161,NULL),(56,23,NULL,'[{\"no\": \"R001\", \"qn\": 30, \"baseQn\": 30, \"qtyHeld\": 21, \"location\": \"Reserved Room1\", \"incDecQty\": \"\"}, {\"no\": \"R002\", \"qn\": 30, \"baseQn\": 30, \"qtyHeld\": 10, \"location\": \"FWD SPTA\", \"incDecQty\": \"\"}]',3,'1000','2026-02-16',10,20.55,'2026-02-11','2026-02-16',3,2,'2026-02-16 11:29:53',2,'2026-02-16 11:30:12','complete',156,NULL),(57,2,NULL,'[{\"no\": \"Rabc01\", \"qn\": \"20\", \"qtyHeld\": 69, \"location\": \"new location 2026\"}, {\"no\": \"R0123\", \"qn\": \"23\", \"qtyHeld\": 19, \"location\": \"RACK-C\"}, {\"no\": \"R004\", \"qn\": \"2\", \"qtyHeld\": 8, \"location\": \"RACK-B\"}]',2,'002','2026-02-16',12,250.55,'2026-02-16','2026-02-16',2,2,'2026-02-16 14:21:06',2,'2026-02-16 16:05:40','complete',166,NULL),(58,2,NULL,'[{\"no\": \"Rabc01\", \"qn\": \"20\", \"qtyHeld\": 67, \"location\": \"new location 2026\"}, {\"no\": \"R0123\", \"qn\": \"23\", \"qtyHeld\": 19, \"location\": \"RACK-C\"}, {\"no\": \"R004\", \"qn\": \"2\", \"qtyHeld\": 8, \"location\": \"RACK-B\"}]',1,'NAC121','2026-02-16',121,121.12,'2026-02-10','2026-02-16',1,2,'2026-02-16 14:54:01',2,'2026-02-16 16:05:07','complete',148,NULL),(59,2,NULL,'[{\"no\": \"Rabc01\", \"qn\": \"20\", \"qtyHeld\": 66, \"location\": \"new location 2026\"}, {\"no\": \"R0123\", \"qn\": \"23\", \"qtyHeld\": 19, \"location\": \"RACK-C\"}, {\"no\": \"R004\", \"qn\": \"2\", \"qtyHeld\": 8, \"location\": \"RACK-B\"}]',1,'nac221','2026-02-16',221,221.22,'2026-02-16','2026-02-16',1,2,'2026-02-16 14:55:12',2,'2026-02-16 16:05:00','complete',165,NULL),(60,23,NULL,'[{\"no\": \"R001\", \"qn\": 40, \"baseQn\": 30, \"qnMain\": \"30\", \"qtyHeld\": 32, \"location\": \"Reserved Room1\", \"incDecQty\": \"10\"}, {\"no\": \"R002\", \"qn\": 40, \"baseQn\": 30, \"qnMain\": \"20\", \"qtyHeld\": 12, \"location\": \"FWD SPTA\", \"incDecQty\": \"10\"}]',3,'hkvguug','2026-02-22',20,20.00,'2026-02-16','2026-02-22',3,2,'2026-02-22 19:46:18',2,'2026-02-22 19:56:21','complete',179,NULL),(61,23,NULL,'[{\"no\": \"R001\", \"qn\": 30, \"baseQn\": 30, \"qnMain\": 33, \"qtyHeld\": 34, \"location\": \"Reserved Room1\", \"incDecQty\": \"\", \"baseMaintainedQty\": 33}, {\"no\": \"R002\", \"qn\": 22, \"baseQn\": 22, \"qnMain\": 18, \"qtyHeld\": 12, \"location\": \"FWD SPTA\", \"incDecQty\": \"\", \"baseMaintainedQty\": 18}]',2,'548','2026-02-22',10,10.00,'2026-02-16','2026-02-24',2,2,'2026-02-22 20:47:28',2,'2026-02-24 22:30:09','complete',179,NULL),(62,NULL,5,'[{\"no\": \"R001\", \"qn\": \"40\", \"qnMain\": \"35\", \"qtyHeld\": 27, \"location\": \"Reserved Room1\"}]',2,'NAC005','2026-02-23',10,10.00,'2026-02-23','2026-02-23',2,2,'2026-02-23 12:00:22',2,'2026-02-23 12:03:16','complete',180,NULL),(63,23,NULL,NULL,5,'NAC24_2026','2026-02-24',12,125.00,'2026-02-20',NULL,0,2,'2026-02-24 23:15:50',NULL,NULL,'pending',178,NULL),(64,23,NULL,'[{\"no\": \"R001\", \"qn\": \"32\", \"baseQn\": 34, \"qnMain\": 40, \"qtyHeld\": 9, \"location\": \"Reserved Room1\", \"incDecQty\": \"3\", \"baseMaintainedQty\": 37}, {\"no\": \"R002\", \"qn\": 28, \"baseQn\": 26, \"qnMain\": \"14\", \"qtyHeld\": 10, \"location\": \"FWD SPTA\", \"incDecQty\": \"2\", \"baseMaintainedQty\": 22}]',5,'NAC_2026_24','2026-02-24',20,20.00,'2026-02-20','2026-03-04',3,2,'2026-02-24 23:17:36',2,'2026-03-04 12:03:38','partial',177,NULL),(65,2,NULL,NULL,3,'3htru','2026-02-25',20,20.00,'2026-02-25',NULL,0,2,'2026-02-25 08:54:46',NULL,NULL,'pending',183,NULL),(66,NULL,8,NULL,2,'xbrj','2026-02-25',10,10.00,'2026-02-04',NULL,0,2,'2026-02-25 08:55:23',NULL,NULL,'pending',182,NULL),(67,5,NULL,'[{\"no\": \"R001\", \"qn\": 45, \"baseQn\": 30, \"qnMain\": 40, \"qtyHeld\": 29, \"location\": \"Reserved Room1\", \"incDecQty\": \"15\", \"baseMaintainedQty\": 25}]',5,'10544','2026-02-25',10,10.00,'2026-02-04','2026-03-21',2,2,'2026-02-25 10:10:42',4,'2026-03-21 09:02:23','partial',186,NULL),(70,2,NULL,'[{\"no\": \"001\", \"qn\": 25, \"baseQn\": 20, \"qnMain\": 30, \"qtyHeld\": 39, \"location\": \"AER Workshop\", \"incDecQty\": \"5\", \"baseMaintainedQty\": 25}, {\"no\": \"002\", \"qn\": 25, \"baseQn\": 20, \"qnMain\": 30, \"qtyHeld\": 2, \"location\": \"FWD SPTA\", \"incDecQty\": \"5\", \"baseMaintainedQty\": 25}]',2,'MKII','2026-02-25',3,30.00,'2026-02-25','2026-03-04',2,2,'2026-02-25 11:09:40',2,'2026-03-04 12:01:33','complete',189,NULL),(71,23,NULL,'[{\"no\": \"R001\", \"qn\": 37, \"baseQn\": 34, \"qnMain\": 40, \"qtyHeld\": 6, \"location\": \"Reserved Room1\", \"incDecQty\": \"3\", \"baseMaintainedQty\": 37}, {\"no\": \"R002\", \"qn\": 28, \"baseQn\": 26, \"qnMain\": 24, \"qtyHeld\": 10, \"location\": \"FWD SPTA\", \"incDecQty\": \"2\", \"baseMaintainedQty\": 22}]',2,'5525','2026-02-25',20,20.00,'2026-02-27','2026-03-01',2,2,'2026-02-25 11:20:51',4,'2026-03-01 12:46:36','complete',192,NULL),(72,NULL,NULL,'[{\"no\": \"001\", \"qn\": 50, \"baseQn\": 35, \"qnMain\": 35, \"qtyHeld\": 22, \"location\": \"turex\", \"incDecQty\": \"15\", \"baseMaintainedQty\": 35}]',2,'5525','2026-02-25',20,20.00,'2026-02-04','2026-03-04',2,2,'2026-02-25 11:21:17',2,'2026-03-04 07:49:17','complete',190,NULL),(73,NULL,NULL,'[{\"no\": \"001\", \"qn\": 50, \"baseQn\": 35, \"qnMain\": 35, \"qtyHeld\": 20, \"location\": \"turex\", \"incDecQty\": \"15\", \"baseMaintainedQty\": 35}]',2,'NAC19FEB','2026-02-25',19,190.00,'2026-02-04','2026-03-03',2,2,'2026-02-25 12:35:07',4,'2026-03-03 17:24:57','complete',190,NULL),(74,60,NULL,'[{\"no\": \"R00126\", \"qn\": 12, \"baseQn\": 12, \"qnMain\": 17, \"qtyHeld\": 14, \"location\": \"FWD SPTA\", \"incDecQty\": \"\", \"baseMaintainedQty\": 17}, {\"no\": \"R0253\", \"qn\": 18, \"baseQn\": 18, \"qnMain\": 18, \"qtyHeld\": 15, \"location\": \"RACK-A\", \"incDecQty\": \"\", \"baseMaintainedQty\": 18}]',2,'nfjt','2026-02-25',5,50.00,'2026-02-12','2026-02-25',2,2,'2026-02-25 15:10:57',2,'2026-02-25 23:37:08','complete',193,NULL),(75,60,NULL,'[{\"no\": \"R00126\", \"qn\": 12, \"baseQn\": 12, \"qnMain\": 17, \"qtyHeld\": 5, \"location\": \"FWD SPTA\", \"incDecQty\": \"\", \"baseMaintainedQty\": 17}, {\"no\": \"R0253\", \"qn\": 18, \"baseQn\": 18, \"qnMain\": 18, \"qtyHeld\": 16, \"location\": \"RACK-A\", \"incDecQty\": \"\", \"baseMaintainedQty\": 18}]',1,' dgfNO','2026-02-26',20,20.00,'2026-02-12','2026-03-01',1,2,'2026-02-26 16:00:41',2,'2026-03-01 10:17:25','complete',193,NULL),(76,46,NULL,'[{\"no\": \"001\", \"qn\": 89, \"baseQn\": 87, \"qnMain\": 94, \"qtyHeld\": 37, \"location\": \"Reserved Room1\", \"incDecQty\": \"2\", \"maintainedQty\": \"\", \"baseMaintainedQty\": 92}]',2,'NAC2026','2026-02-26',25,250.00,'2026-02-26','2026-03-03',2,2,'2026-02-26 17:16:27',4,'2026-03-03 13:50:44','complete',195,NULL),(77,NULL,21,'[{\"no\": \"001\", \"qn\": 12, \"baseQn\": 12, \"qnMain\": 12, \"qtyHeld\": 11, \"location\": \"FWD SPTA\", \"incDecQty\": \"\", \"baseMaintainedQty\": 12}, {\"no\": \"002\", \"qn\": 18, \"baseQn\": 18, \"qnMain\": 18, \"qtyHeld\": 9, \"location\": \"AER Workshop\", \"incDecQty\": \"\", \"baseMaintainedQty\": 18}]',2,'NAC FAX','2026-02-26',30,35.00,'2026-02-21','2026-03-01',2,2,'2026-02-26 17:45:18',4,'2026-03-01 12:48:24','complete',196,NULL),(78,46,NULL,'[{\"no\": \"001\", \"qn\": 89, \"baseQn\": 87, \"qnMain\": 94, \"qtyHeld\": 37, \"location\": \"Reserved Room1\", \"incDecQty\": \"2\", \"maintainedQty\": \"\", \"baseMaintainedQty\": 92}]',1,'NAC 3rd march','2026-03-03',1,100.00,'2026-03-03','2026-03-03',1,4,'2026-03-03 15:17:42',4,'2026-03-03 15:18:02','complete',197,NULL),(79,46,NULL,'[{\"no\": \"001\", \"qn\": 89, \"baseQn\": 87, \"qnMain\": 94, \"qtyHeld\": 37, \"location\": \"Reserved Room1\", \"incDecQty\": \"2\", \"maintainedQty\": \"\", \"baseMaintainedQty\": 92}]',1,'htytu','2026-03-03',5,50.00,'2026-03-03','2026-03-03',1,4,'2026-03-03 17:13:52',4,'2026-03-03 17:16:06','complete',198,NULL),(80,65,NULL,NULL,1,'NAC 4th MARCH','2026-03-04',256,256.00,'2026-03-04',NULL,0,10,'2026-03-04 00:11:40',NULL,NULL,'pending',199,NULL),(81,65,NULL,'[{\"no\": \"00135\", \"qn\": 17, \"baseQn\": 17, \"qnMain\": 17, \"qtyHeld\": 18, \"location\": \"Reserved Room1\", \"incDecQty\": \"\", \"baseMaintainedQty\": 17}, {\"no\": \"00269\", \"qn\": 18, \"baseQn\": 18, \"qnMain\": 18, \"qtyHeld\": 11, \"location\": \"AER Workshop\", \"incDecQty\": \"\", \"baseMaintainedQty\": 18}]',4,'NAC 4th MARCH','2026-03-04',256,256.00,'2026-03-04','2026-03-06',4,10,'2026-03-04 00:13:28',2,'2026-03-06 18:08:38','complete',199,NULL),(82,NULL,NULL,'[{\"no\": \"001\", \"qn\": 50, \"baseQn\": 35, \"qnMain\": 35, \"qtyHeld\": 22, \"location\": \"turex\", \"incDecQty\": \"15\", \"baseMaintainedQty\": 35}]',1,'NAC 4th MArch','2026-03-04',10,100.00,'2026-03-04','2026-03-04',1,2,'2026-03-04 07:57:14',2,'2026-03-04 07:57:35','complete',200,'PI-1772590806425'),(83,46,NULL,'[{\"no\": \"001\", \"qn\": 89, \"baseQn\": 87, \"qnMain\": 94, \"qtyHeld\": 38, \"location\": \"Reserved Room1\", \"incDecQty\": \"2\", \"maintainedQty\": \"\", \"baseMaintainedQty\": 92}]',1,'4th march 2','2026-03-04',50,500.00,'2026-03-04','2026-03-04',1,2,'2026-03-04 08:00:46',2,'2026-03-04 08:04:04','complete',201,'PI1772086144554'),(84,27,NULL,'[{\"no\": \"001\", \"qn\": 18, \"baseQn\": 18, \"qnMain\": 23, \"qtyHeld\": 16, \"location\": \"RACK-A\", \"incDecQty\": \"\", \"baseMaintainedQty\": 23}, {\"no\": \"002\", \"qn\": 12, \"baseQn\": 12, \"qnMain\": 17, \"qtyHeld\": 20, \"location\": \"RACK-B\", \"incDecQty\": \"\", \"baseMaintainedQty\": 17}]',1,'NAC 4th march 333','2026-03-04',33,330.00,'2026-03-04','2026-03-04',1,2,'2026-03-04 08:18:09',2,'2026-03-04 08:18:23','reversed',203,'SD-1772592454787'),(85,2,NULL,NULL,1,'100','2026-03-06',100,100.00,'2026-02-16',NULL,0,2,'2026-03-06 18:14:33',NULL,NULL,'reversed',163,'PI1770007158289'),(86,2,NULL,NULL,1,'NAC250','2026-03-06',250,250.00,'2026-02-16',NULL,0,2,'2026-03-06 18:16:14',NULL,NULL,'reversed',164,'TMP-1769773933369'),(87,61,NULL,NULL,1,'VFDHGHK','2026-03-08',5,500.00,'2026-03-08',NULL,0,4,'2026-03-08 10:27:06',NULL,NULL,'reversed',204,'PI-1772690185872'),(88,61,NULL,NULL,1,'NAC123','2026-03-12',123,123.00,'2026-03-08',NULL,0,4,'2026-03-12 15:35:54',NULL,NULL,'reversed',204,'PI-1772690185872'),(89,61,NULL,NULL,1,'NAC 12TH','2026-03-12',125,250.00,'2026-03-08',NULL,0,4,'2026-03-12 17:42:56',NULL,NULL,'pending',204,'PI-1772690185872'),(90,54,NULL,NULL,1,'NAC123','2026-03-13',100,100.00,'2026-03-13',NULL,0,4,'2026-03-13 00:14:07',NULL,NULL,'pending',210,'PI-1773340902239'),(91,NULL,8,'[{\"no\": \"001\", \"qn\": 30, \"baseQn\": 30, \"qnMain\": \"38\", \"qtyHeld\": 102, \"location\": \"AER Workshop\", \"incDecQty\": \"\", \"baseMaintainedQty\": 38}]',2,'NAC456','2026-03-17',45,450.00,'2026-03-15','2026-03-17',2,4,'2026-03-17 08:34:11',4,'2026-03-17 08:34:26','complete',220,'SD-264'),(92,NULL,26,NULL,3,'NAC17TH MARCH','2026-03-17',17,175.00,'2026-03-16',NULL,0,4,'2026-03-17 09:07:46',NULL,NULL,'pending',221,'SD-1773718635796'),(93,62,NULL,NULL,2,'NAC18969','2026-03-17',189,1869.00,'2026-03-16',NULL,0,4,'2026-03-17 09:10:12',NULL,NULL,'pending',222,'SD-267'),(94,61,NULL,'[{\"no\": \"R200\", \"qn\": 20, \"baseQn\": 17, \"qnMain\": 20, \"qtyHeld\": 10, \"location\": \"FWD SPTA\", \"incDecQty\": \"3\", \"baseMaintainedQty\": 17}, {\"no\": \"R255\", \"qn\": 22, \"baseQn\": 18, \"qnMain\": 22, \"qtyHeld\": 15, \"location\": \"AER Workshop\", \"incDecQty\": \"4\", \"baseMaintainedQty\": 18}]',1,'NAC235','2026-03-17',25,250.00,'2026-03-03','2026-03-17',1,4,'2026-03-17 09:45:48',4,'2026-03-17 09:46:18','complete',223,'SD-268'),(95,23,NULL,'[{\"no\": \"R001\", \"qn\": \"32\", \"baseQn\": 34, \"qnMain\": 40, \"qtyHeld\": 14, \"location\": \"Reserved Room1\", \"incDecQty\": \"3\", \"baseMaintainedQty\": 37}, {\"no\": \"R002\", \"qn\": 28, \"baseQn\": 26, \"qnMain\": \"14\", \"qtyHeld\": 14, \"location\": \"FWD SPTA\", \"incDecQty\": \"2\", \"baseMaintainedQty\": 22}]',2,'NAC12345','2026-03-17',123,12345.00,'2026-03-16','2026-03-17',2,4,'2026-03-17 09:55:14',4,'2026-03-17 09:55:34','complete',224,'SD-269'),(96,46,NULL,'[{\"no\": \"001\", \"qn\": 98, \"baseQn\": 92, \"qnMain\": 151, \"qtyHeld\": 38, \"location\": \"Reserved Room1\", \"incDecQty\": \"6\", \"maintainedQty\": \"\", \"baseMaintainedQty\": 145}]',1,'NAC123','2026-04-25',10,100.00,'2026-04-25','2026-04-27',1,4,'2026-04-25 09:19:43',4,'2026-04-27 01:27:50','complete',231,'PI-1777088897936');
/*!40000 ALTER TABLE `procurement` ENABLE KEYS */;
UNLOCK TABLES;

--
-- Table structure for table `pts_inventory`
--

DROP TABLE IF EXISTS `pts_inventory`;
/*!40101 SET @saved_cs_client     = @@character_set_client */;
/*!50503 SET character_set_client = utf8mb4 */;
CREATE TABLE `pts_inventory` (
  `id` int NOT NULL AUTO_INCREMENT,
  `pts_demand_id` int NOT NULL,
  `spare_id` int DEFAULT NULL,
  `tool_id` int DEFAULT NULL,
  `box_no` varchar(100) DEFAULT NULL,
  `quantity` int NOT NULL DEFAULT '1',
  `status` enum('issued','replaced','surveyed') DEFAULT 'issued',
  `issued_date` date DEFAULT NULL,
  `replaced_date` date DEFAULT NULL,
  `surveyed_date` date DEFAULT NULL,
  `created_at` timestamp NULL DEFAULT CURRENT_TIMESTAMP,
  PRIMARY KEY (`id`),
  KEY `fk_pts_inventory_demand` (`pts_demand_id`),
  CONSTRAINT `fk_pts_inventory_demand` FOREIGN KEY (`pts_demand_id`) REFERENCES `pts_special_demand` (`id`) ON DELETE CASCADE
) ENGINE=InnoDB DEFAULT CHARSET=utf8mb4 COLLATE=utf8mb4_0900_ai_ci;
/*!40101 SET character_set_client = @saved_cs_client */;

--
-- Dumping data for table `pts_inventory`
--

LOCK TABLES `pts_inventory` WRITE;
/*!40000 ALTER TABLE `pts_inventory` DISABLE KEYS */;
/*!40000 ALTER TABLE `pts_inventory` ENABLE KEYS */;
UNLOCK TABLES;

--
-- Table structure for table `pts_special_demand`
--

DROP TABLE IF EXISTS `pts_special_demand`;
/*!40101 SET @saved_cs_client     = @@character_set_client */;
/*!50503 SET character_set_client = utf8mb4 */;
CREATE TABLE `pts_special_demand` (
  `id` int NOT NULL AUTO_INCREMENT,
  `spare_id` int DEFAULT NULL,
  `tool_id` int DEFAULT NULL,
  `quantity` int NOT NULL DEFAULT '0',
  `internal_demand_no` varchar(50) DEFAULT NULL,
  `internal_demand_date` date DEFAULT NULL,
  `requisition_no` varchar(50) DEFAULT NULL,
  `requisition_date` date DEFAULT NULL,
  `mo_demand_no` varchar(50) DEFAULT NULL,
  `mo_demand_date` date DEFAULT NULL,
  `created_by` int NOT NULL,
  `created_by_name` varchar(100) NOT NULL,
  `created_at` timestamp NULL DEFAULT CURRENT_TIMESTAMP,
  `status` enum('pending','completed','cancelled') DEFAULT 'pending',
  `transaction_id` varchar(100) DEFAULT NULL,
  PRIMARY KEY (`id`),
  KEY `idx_pts_spare_id` (`spare_id`),
  KEY `idx_pts_tool_id` (`tool_id`),
  KEY `idx_pts_status` (`status`)
) ENGINE=InnoDB AUTO_INCREMENT=5 DEFAULT CHARSET=utf8mb4 COLLATE=utf8mb4_0900_ai_ci;
/*!40101 SET character_set_client = @saved_cs_client */;

--
-- Dumping data for table `pts_special_demand`
--

LOCK TABLES `pts_special_demand` WRITE;
/*!40000 ALTER TABLE `pts_special_demand` DISABLE KEYS */;
INSERT INTO `pts_special_demand` VALUES (1,409,NULL,5,'GREGREG','2026-05-05','FGRE','2026-04-29','VDSV3333333333','2026-05-14',2,'OIC','2026-05-01 04:53:40','pending','PTS-1777611220545'),(2,358,NULL,5,'122','2026-04-30',NULL,NULL,NULL,NULL,2,'OIC','2026-05-01 05:03:46','pending','PTS-1777611826019'),(3,405,NULL,5,'INTERNAL001','2026-04-30',NULL,NULL,NULL,NULL,2,'OIC','2026-05-01 05:21:13','pending','PTS-1777612873287'),(4,425,NULL,5,'TUTURQR','2026-04-30',NULL,NULL,NULL,NULL,2,'OIC','2026-05-01 05:33:18','pending','PTS-1777613598763');
/*!40000 ALTER TABLE `pts_special_demand` ENABLE KEYS */;
UNLOCK TABLES;

--
-- Table structure for table `routine_spares`
--

DROP TABLE IF EXISTS `routine_spares`;
/*!40101 SET @saved_cs_client     = @@character_set_client */;
/*!50503 SET character_set_client = utf8mb4 */;
CREATE TABLE `routine_spares` (
  `id` int NOT NULL AUTO_INCREMENT,
  `routine_id` int NOT NULL,
  `spare_id` int NOT NULL,
  `quantity_required` int NOT NULL DEFAULT '1',
  `created_at` timestamp NOT NULL DEFAULT CURRENT_TIMESTAMP,
  PRIMARY KEY (`id`),
  UNIQUE KEY `unique_routine_spare` (`routine_id`,`spare_id`),
  KEY `routine_id` (`routine_id`),
  KEY `spare_id` (`spare_id`),
  CONSTRAINT `routine_spares_ibfk_1` FOREIGN KEY (`routine_id`) REFERENCES `routines` (`id`) ON DELETE CASCADE,
  CONSTRAINT `routine_spares_ibfk_2` FOREIGN KEY (`spare_id`) REFERENCES `spares` (`id`) ON DELETE CASCADE
) ENGINE=InnoDB AUTO_INCREMENT=14 DEFAULT CHARSET=utf8mb4 COLLATE=utf8mb4_0900_ai_ci;
/*!40101 SET character_set_client = @saved_cs_client */;

--
-- Dumping data for table `routine_spares`
--

LOCK TABLES `routine_spares` WRITE;
/*!40000 ALTER TABLE `routine_spares` DISABLE KEYS */;
INSERT INTO `routine_spares` VALUES (4,2,46,1,'2026-04-26 10:48:13'),(5,2,27,1,'2026-04-26 10:48:13'),(6,4,54,1,'2026-04-26 10:50:00'),(7,4,27,1,'2026-04-26 10:50:00'),(8,4,10,1,'2026-04-26 10:50:00'),(9,4,12,1,'2026-04-26 10:50:00'),(10,4,65,1,'2026-04-26 10:50:00'),(11,5,46,1,'2026-04-26 10:51:31'),(12,3,46,1,'2026-04-26 10:52:18'),(13,3,109,1,'2026-04-26 10:52:18');
/*!40000 ALTER TABLE `routine_spares` ENABLE KEYS */;
UNLOCK TABLES;

--
-- Table structure for table `routine_tools`
--

DROP TABLE IF EXISTS `routine_tools`;
/*!40101 SET @saved_cs_client     = @@character_set_client */;
/*!50503 SET character_set_client = utf8mb4 */;
CREATE TABLE `routine_tools` (
  `id` int NOT NULL AUTO_INCREMENT,
  `routine_id` int NOT NULL,
  `tool_id` int NOT NULL,
  `quantity_required` int NOT NULL DEFAULT '1',
  `created_at` timestamp NOT NULL DEFAULT CURRENT_TIMESTAMP,
  PRIMARY KEY (`id`),
  UNIQUE KEY `unique_routine_tool` (`routine_id`,`tool_id`),
  KEY `routine_id` (`routine_id`),
  KEY `tool_id` (`tool_id`),
  CONSTRAINT `routine_tools_ibfk_1` FOREIGN KEY (`routine_id`) REFERENCES `routines_check` (`id`) ON DELETE CASCADE,
  CONSTRAINT `routine_tools_ibfk_2` FOREIGN KEY (`tool_id`) REFERENCES `tools` (`id`) ON DELETE CASCADE
) ENGINE=InnoDB AUTO_INCREMENT=5 DEFAULT CHARSET=utf8mb4 COLLATE=utf8mb4_0900_ai_ci;
/*!40101 SET character_set_client = @saved_cs_client */;

--
-- Dumping data for table `routine_tools`
--

LOCK TABLES `routine_tools` WRITE;
/*!40000 ALTER TABLE `routine_tools` DISABLE KEYS */;
INSERT INTO `routine_tools` VALUES (1,1,4,1,'2026-04-26 11:50:46'),(4,2,38,1,'2026-04-26 12:03:26');
/*!40000 ALTER TABLE `routine_tools` ENABLE KEYS */;
UNLOCK TABLES;

--
-- Table structure for table `routines`
--

DROP TABLE IF EXISTS `routines`;
/*!40101 SET @saved_cs_client     = @@character_set_client */;
/*!50503 SET character_set_client = utf8mb4 */;
CREATE TABLE `routines` (
  `id` int NOT NULL AUTO_INCREMENT,
  `name` varchar(255) NOT NULL,
  `description` text,
  `equipment_system` varchar(255) NOT NULL,
  `department_id` int NOT NULL,
  `created_by` int DEFAULT NULL,
  `created_at` timestamp NOT NULL DEFAULT CURRENT_TIMESTAMP,
  `updated_at` timestamp NOT NULL DEFAULT CURRENT_TIMESTAMP ON UPDATE CURRENT_TIMESTAMP,
  PRIMARY KEY (`id`),
  UNIQUE KEY `unique_routine_per_equipment` (`name`,`equipment_system`,`department_id`),
  KEY `department_id` (`department_id`),
  KEY `created_by` (`created_by`),
  CONSTRAINT `routines_ibfk_1` FOREIGN KEY (`department_id`) REFERENCES `departments` (`id`) ON DELETE CASCADE,
  CONSTRAINT `routines_ibfk_2` FOREIGN KEY (`created_by`) REFERENCES `users` (`id`) ON DELETE SET NULL
) ENGINE=InnoDB AUTO_INCREMENT=6 DEFAULT CHARSET=utf8mb4 COLLATE=utf8mb4_0900_ai_ci;
/*!40101 SET character_set_client = @saved_cs_client */;

--
-- Dumping data for table `routines`
--

LOCK TABLES `routines` WRITE;
/*!40000 ALTER TABLE `routines` DISABLE KEYS */;
INSERT INTO `routines` VALUES (2,'Daily Routine Check',NULL,'CGT',1,4,'2026-04-26 10:33:44','2026-04-26 10:48:13'),(3,'Routine check for AD Hydraulic Pump',NULL,'BGT',1,4,'2026-04-26 10:43:10','2026-04-26 10:52:18'),(4,'Daily Routine Check done',NULL,'CGT',1,4,'2026-04-26 10:50:00','2026-04-26 10:50:00'),(5,'routine..',NULL,'CGT',1,4,'2026-04-26 10:51:31','2026-04-26 10:52:39');
/*!40000 ALTER TABLE `routines` ENABLE KEYS */;
UNLOCK TABLES;

--
-- Table structure for table `routines_check`
--

DROP TABLE IF EXISTS `routines_check`;
/*!40101 SET @saved_cs_client     = @@character_set_client */;
/*!50503 SET character_set_client = utf8mb4 */;
CREATE TABLE `routines_check` (
  `id` int NOT NULL AUTO_INCREMENT,
  `name` varchar(255) NOT NULL,
  `description` text,
  `equipment_system` varchar(255) NOT NULL,
  `department_id` int NOT NULL,
  `created_by` int DEFAULT NULL,
  `created_at` timestamp NOT NULL DEFAULT CURRENT_TIMESTAMP,
  `updated_at` timestamp NOT NULL DEFAULT CURRENT_TIMESTAMP ON UPDATE CURRENT_TIMESTAMP,
  PRIMARY KEY (`id`),
  UNIQUE KEY `unique_routine_per_equipment` (`name`,`equipment_system`,`department_id`),
  KEY `department_id` (`department_id`),
  CONSTRAINT `routines_check_ibfk_1` FOREIGN KEY (`department_id`) REFERENCES `departments` (`id`) ON DELETE CASCADE
) ENGINE=InnoDB AUTO_INCREMENT=3 DEFAULT CHARSET=utf8mb4 COLLATE=utf8mb4_0900_ai_ci;
/*!40101 SET character_set_client = @saved_cs_client */;

--
-- Dumping data for table `routines_check`
--

LOCK TABLES `routines_check` WRITE;
/*!40000 ALTER TABLE `routines_check` DISABLE KEYS */;
INSERT INTO `routines_check` VALUES (1,'Add routine tool',NULL,'BGT',1,4,'2026-04-26 11:50:46','2026-04-26 11:50:46'),(2,'a new routine for tools','routine added..','BGT',1,4,'2026-04-26 12:02:53','2026-04-26 12:03:26');
/*!40000 ALTER TABLE `routines_check` ENABLE KEYS */;
UNLOCK TABLES;

--
-- Table structure for table `spares`
--

DROP TABLE IF EXISTS `spares`;
/*!40101 SET @saved_cs_client     = @@character_set_client */;
/*!50503 SET character_set_client = utf8mb4 */;
CREATE TABLE `spares` (
  `id` int NOT NULL AUTO_INCREMENT,
  `description` varchar(64) DEFAULT NULL,
  `equipment_system` varchar(255) DEFAULT NULL,
  `denos` varchar(255) DEFAULT NULL,
  `critical_spare` tinyint(1) NOT NULL DEFAULT '0',
  `obs_authorised` varchar(255) DEFAULT NULL,
  `obs_maintained` varchar(255) DEFAULT NULL,
  `obs_authorised_new` int DEFAULT NULL,
  `obs_held` varchar(255) DEFAULT NULL,
  `b_d_authorised` varchar(255) DEFAULT NULL,
  `category` varchar(255) DEFAULT NULL,
  `box_no` text,
  `item_distribution` varchar(255) DEFAULT NULL,
  `storage_location` varchar(255) DEFAULT NULL,
  `item_code` varchar(255) DEFAULT NULL,
  `indian_pattern` varchar(255) DEFAULT NULL,
  `remarks` text,
  `department` int DEFAULT NULL,
  `image` varchar(32) DEFAULT NULL,
  `nac_date` varchar(63) DEFAULT NULL,
  `uid` varchar(15) DEFAULT NULL,
  `oem` varchar(254) DEFAULT NULL,
  `oem_old` varchar(250) DEFAULT NULL,
  `supplier` varchar(255) DEFAULT NULL,
  `old_supplier` json DEFAULT NULL,
  `sub_component` varchar(127) DEFAULT NULL,
  `price_unit` varchar(255) DEFAULT NULL,
  `substitute_name` varchar(127) DEFAULT NULL,
  `local_terminology` varchar(127) DEFAULT NULL,
  `days_untill_return` int DEFAULT '1',
  `images` json DEFAULT NULL,
  `oem_contact_person_id` int DEFAULT NULL,
  `oem_contact_person_details` json DEFAULT NULL,
  `supplier_contact_person_id` int DEFAULT NULL,
  `supplier_contact_person_details` json DEFAULT NULL,
  PRIMARY KEY (`id`),
  KEY `department` (`department`),
  CONSTRAINT `spares_ibfk_1` FOREIGN KEY (`department`) REFERENCES `departments` (`id`) ON DELETE SET NULL ON UPDATE CASCADE
) ENGINE=InnoDB AUTO_INCREMENT=115 DEFAULT CHARSET=utf8mb4 COLLATE=utf8mb4_0900_ai_ci;
/*!40101 SET character_set_client = @saved_cs_client */;

--
-- Dumping data for table `spares`
--

LOCK TABLES `spares` WRITE;
/*!40000 ALTER TABLE `spares` DISABLE KEYS */;
INSERT INTO `spares` VALUES (2,'Telephone 123','CGT','Nos',0,'50',NULL,NULL,'102','0','P','[{\"no\":\"001\",\"qn\":25,\"qtyHeld\":39,\"location\":\"AER Workshop\",\"qnMain\":30,\"baseQn\":20,\"baseMaintainedQty\":25,\"incDecQty\":\"5\"},{\"no\":\"002\",\"qn\":25,\"qtyHeld\":2,\"location\":\"FWD SPTA\",\"qnMain\":30,\"baseQn\":20,\"baseMaintainedQty\":25,\"incDecQty\":\"5\"}]',NULL,'FWD SPTA 2026','090088009-07','IN-TELE-STD-001','Operational',1,'image_1760940071913.jpg','20251020','1761367371154','BEL India1002',NULL,'Suplier 005','[\"SUDIPTO DUTTA\", \"SUDIPTO DUTTA\"]',NULL,NULL,'Naval Telephone Mk-II','Internal Communication Set',10,'[\"image_1760940071913.jpg\"]',NULL,NULL,NULL,NULL),(3,'TORQUE WRENCH','CGT','NOS',0,'17','5',NULL,'18','  BBFBV','C','[{\"boxNumber\":\"\",\"quantity\":\"\",\"qn\":\"17\",\"qtyHeld\":\"18\",\"no\":\"R001\",\"location\":\"Reserved Room1\",\"qnMain\":\"5\"}]',NULL,'FWD SPTA','090088009-07','HJLJLBBBBBNNMMLL',NULL,1,'null',NULL,'1768036090227','BEL India1002',NULL,'SUDIPTO DUTTA','[\"SUDIPTO DUTTA\"]',NULL,NULL,NULL,NULL,10,'[]',NULL,NULL,NULL,NULL),(4,'TORQUE WRENCH','CGT','NOS',0,'25',NULL,NULL,'12','12','R','[{\"boxNumber\":\"\",\"quantity\":\"\",\"qn\":\"10\",\"no\":\"R001\",\"qtyHeld\":\"5\",\"location\":\"AER WORKSHOP\",\"qnMain\":\"12\"},{\"no\":\"R002\",\"qn\":\"10\",\"qtyHeld\":\"3\",\"location\":\"  FWD SPTA\",\"qnMain\":\"0\"},{\"no\":\"R0032\",\"qn\":\"5\",\"qtyHeld\":\"4\",\"location\":\"acas\",\"qnMain\":\"0\"}]',NULL,'NEW LOCATION',NULL,'EM-867-67564MJOK',NULL,1,'null',NULL,'1768036114352',NULL,NULL,'SUDIPTO DUTTA','[\"SUDIPTO DUTTA\"]',NULL,NULL,NULL,NULL,10,'[]',NULL,NULL,NULL,NULL),(5,'TORQUE WRENCH','CGT','NOS',0,'45','40',NULL,'29','2','P','[{\"no\":\"R001\",\"qn\":45,\"qtyHeld\":29,\"location\":\"Reserved Room1\",\"qnMain\":40,\"baseQn\":30,\"baseMaintainedQty\":25,\"incDecQty\":\"15\"}]',NULL,'AER WORKSHOP',NULL,' F FDFDBFBGFB',NULL,1,'null',NULL,'1768036160556','xyz',NULL,'SUDIPTO DUTTA','[\"SUDIPTO DUTTA\"]',NULL,NULL,NULL,NULL,10,'[]',NULL,NULL,NULL,NULL),(6,'TORQUE WRENCH','CGT','NOS',1,'10',NULL,NULL,'10','30','R','[{\"boxNumber\":\"\",\"quantity\":\"\",\"no\":\"001\",\"qn\":\"5\",\"qtyHeld\":\"5\",\"location\":\"NEW LOCATION\",\"qnMain\":\"15\"},{\"no\":\"002\",\"qn\":\"5\",\"qtyHeld\":\"5\",\"location\":\"LOCATION 1\",\"qnMain\":\"15\"}]',NULL,NULL,NULL,NULL,NULL,1,'null',NULL,'1768037647686','xyz',NULL,'SUDIPTO DUTTA','[\"SUDIPTO DUTTA\"]',NULL,NULL,'SANJJHJF',NULL,10,'[]',NULL,NULL,NULL,NULL),(8,'TORQUE WRENCH','CGT','NOS',0,'10',NULL,NULL,'10',NULL,'R','[{\"boxNumber\":\"\",\"quantity\":\"\",\"no\":\"001\",\"qn\":\"5\",\"qtyHeld\":\"0\",\"location\":\"RACK-A\"},{\"no\":\"002\",\"qn\":\"2\",\"qtyHeld\":\"10\",\"location\":\"RACK-B\"},{\"no\":\"003\",\"qn\":\"3\",\"qtyHeld\":\"0\",\"location\":\"RACK-C\"}]',NULL,NULL,NULL,NULL,NULL,1,'null',NULL,'1768037763927',NULL,NULL,'SUDIPTO DUTTA','[\"SUDIPTO DUTTA\"]',NULL,NULL,'SANKUDGCU',NULL,10,'[\"null\"]',NULL,NULL,NULL,NULL),(9,'TORQUE WRENCH','CGT','NOS',0,'9',NULL,NULL,'5',NULL,'C','[{\"no\":\"001\",\"qn\":\"5\",\"qtyHeld\":\"3\",\"location\":\"FWD SPTA\"},{\"no\":\"002\",\"qn\":\"4\",\"qtyHeld\":\"2\",\"location\":\"RACK-A\"}]',NULL,NULL,NULL,NULL,NULL,1,'null',NULL,'1768038130343',NULL,NULL,'SUDIPTO DUTTA','[\"SUDIPTO DUTTA\"]',NULL,NULL,NULL,NULL,10,'[\"null\"]',NULL,NULL,NULL,NULL),(10,'TORQUE WRENCH','CGT','NOS',0,'102','93',NULL,'19','91','LP','[{\"no\":\"R001\",\"qn\":98,\"qtyHeld\":\"19\",\"location\":\"RACK-A\",\"baseQn\":102,\"baseMaintainedQty\":93,\"incDecQty\":\"4\",\"qnMain\":89}]',NULL,NULL,NULL,'CGCCJHJ',NULL,1,'null',NULL,'1768040311559','BEL India1002',NULL,'SUDIPTO DUTTA','[\"SUDIPTO DUTTA\"]',NULL,NULL,NULL,NULL,10,'[]',NULL,NULL,NULL,NULL),(11,'TORQUE WRENCH','CGT','NOS',0,'90',NULL,NULL,'7',NULL,'P','[{\"no\":\"001\",\"qn\":90,\"qnMain\":85,\"qtyHeld\":\"80\",\"location\":\"RACK-A\",\"baseQn\":85,\"baseMaintainedQty\":80,\"incDecQty\":\"5\"}]',NULL,NULL,NULL,NULL,NULL,1,NULL,NULL,'1768191133731',NULL,NULL,'SUDIPTO DUTTA','[\"SUDIPTO DUTTA\"]',NULL,NULL,NULL,NULL,10,'[]',NULL,NULL,NULL,NULL),(12,'TORQUE WRENCH','CGT','NOS',0,'60','71',NULL,'10','71','LP','[{\"no\":\"001\",\"qn\":60,\"qnMain\":60,\"qtyHeld\":\"12\",\"location\":\"FWD SPTA\",\"baseQn\":35,\"baseMaintainedQty\":35,\"incDecQty\":\"25\"}]',NULL,NULL,NULL,'XZDBFDJGTF',NULL,1,'null',NULL,'1768191226599','xyz',NULL,'SUDIPTO DUTTA','[\"SUDIPTO DUTTA\"]','TITYO7','500','jygkuyl','ykuyyu',10,'[]',NULL,NULL,NULL,NULL),(13,'TORQUE WRENCH','CGT','NOS',0,'10',NULL,NULL,'100','50','P','[{\"no\":\"R100\",\"qn\":\"10\",\"qtyHeld\":\"100\",\"location\":\"FWD SPTA\",\"qnMain\":\"50\"}]',NULL,NULL,NULL,'YUIU',NULL,1,NULL,NULL,'1768219172565','BEL India1002',NULL,'SUDIPTO DUTTA','[\"SUDIPTO DUTTA\"]','TKTYUR','350','dhdhdh','fbfdfdh',10,'[]',NULL,NULL,NULL,NULL),(14,'TORQUE WRENCH','CGT','NOS',0,'45','5',NULL,'5',NULL,'R','[{\"no\":\"R001258\",\"qn\":45,\"qtyHeld\":\"5\",\"location\":\"FWD SPTA\",\"baseQn\":40,\"baseMaintainedQty\":0,\"incDecQty\":\"5\",\"qnMain\":5}]',NULL,NULL,NULL,'ZVFDJTJK',NULL,1,NULL,NULL,'1768227364420','oem 2026',NULL,'SUDIPTO DUTTA','[\"SUDIPTO DUTTA\"]','ZBFDJ','3589',NULL,NULL,10,'[]',NULL,NULL,NULL,NULL),(15,'THROTTLE COCK UNIT 1','CGT','NOS',0,'50',NULL,NULL,'99','0','P','[{\"no\":\"Rabc01\",\"qn\":\"50\",\"qtyHeld\":99,\"location\":\"AER Workshop\"}]',NULL,NULL,'090088009-09','INTELESTD','EQWEQWEQWEQW',1,'null',NULL,'1770142597893','BEL India',NULL,'SUDIPTO DUTTA','[\"SUDIPTO DUTTA\"]',NULL,NULL,'3123213123','31232131',10,'[\"images_0_1771322662642.jpg\", \"images_1_1771322676529.webp\"]',NULL,NULL,NULL,NULL),(16,'TELEPHONE 123','CGT','NOS',0,'10','10',NULL,'25','10','P','[{\"no\":\"R001\",\"qn\":\"10\",\"qtyHeld\":\"25\",\"location\":\"RACK-B\",\"qnMain\":\"10\"}]',NULL,NULL,'090088009-09','IN-TELE-STD-001','ZBFFD',1,NULL,NULL,'1770198606338','BEL India1002',NULL,'SUDIPTO DUTTA','[\"SUDIPTO DUTTA\"]',NULL,NULL,'gfgfjy','trjtyj',10,'[]',NULL,NULL,NULL,NULL),(17,'TELEPHONE33','CGT','NOS',0,'50','10',NULL,'35','  BBFBV','P','[{\"no\":\"R001\",\"qn\":\"25\",\"qtyHeld\":\"15\",\"location\":\"FWD SPTA\",\"qnMain\":\"5\"},{\"no\":\"R002\",\"qn\":\"25\",\"qtyHeld\":\"20\",\"location\":\"RACK-A\",\"qnMain\":\"5\"}]',NULL,NULL,'090088009-09','IN-TELE-STD-001',NULL,1,NULL,NULL,'1770198909697','xyz',NULL,'SUDIPTO DUTTA','[\"SUDIPTO DUTTA\"]',NULL,NULL,'11253','1424353',10,'[]',NULL,NULL,NULL,NULL),(21,'HYDRAULIC PUMP MANUAL','BGT','NOS',0,'55','25',NULL,'43','25','P','[{\"no\":\"R001\",\"qn\":\"30\",\"qtyHeld\":33,\"location\":\"AER Workshop\",\"qnMain\":\"10\"},{\"no\":\"R002\",\"qn\":\"25\",\"qtyHeld\":\"10\",\"location\":\"FWD SPTA\",\"qnMain\":\"15\"}]',NULL,NULL,'090088009-09','IN-TELE-STD-001','REMARKS',1,'null',NULL,'1770207470224','BEL India1002',NULL,'SUDIPTO DUTTA','[\"SUDIPTO DUTTA\"]',NULL,NULL,'1233','1233',10,'[]',NULL,NULL,NULL,NULL),(22,'NEW ITEM DESC','DGG','NOS',1,'20','25',NULL,'82','25','P','[{\"no\":\"R001\",\"qn\":10,\"qtyHeld\":\"32\",\"location\":\"FWD SPTA\",\"qnMain\":\"15\",\"baseQn\":10,\"baseMaintainedQty\":-5,\"incDecQty\":\"\"},{\"no\":\"R002\",\"qn\":10,\"qtyHeld\":\"50\",\"location\":\"AER Workshop\",\"qnMain\":\"10\",\"baseQn\":10,\"baseMaintainedQty\":0,\"incDecQty\":\"\"}]',NULL,NULL,'090088009-09','IN-TELE-STD-001',NULL,1,'null',NULL,'1770207844730','BEL India1002',NULL,'SUDIPTO DUTTA','[\"SUDIPTO DUTTA\"]',NULL,NULL,'1233','21132',10,'[]',NULL,NULL,NULL,NULL),(23,'AD HYDRAULIC PUMP','BGT','NOS',0,'60','54',NULL,'38','51','P','[{\"no\":\"R001\",\"qn\":\"32\",\"qtyHeld\":\"18\",\"location\":\"Reserved Room1\",\"baseQn\":34,\"incDecQty\":\"3\",\"qnMain\":40,\"baseMaintainedQty\":37},{\"no\":\"R002\",\"qn\":28,\"qtyHeld\":\"20\",\"location\":\"FWD SPTA\",\"baseQn\":26,\"incDecQty\":\"2\",\"qnMain\":\"14\",\"baseMaintainedQty\":22}]',NULL,NULL,'090088009-09','IN-TELE-STD-001',NULL,1,'null',NULL,'1770209083645','BEL India1002','001','supplier 2026','[\"SUDIPTO DUTTA\", \"SUDIPTO DUTTA\", \"xyz\", \"Test Oem\", \"NEW SUPPLIER111\"]',NULL,NULL,'123','1233',10,'[\"images_0_1772511851644.webp\", \"images_1_1772511851655.webp\"]',NULL,NULL,NULL,NULL),(24,'TORQUE WRENCH','CGT','NOS',0,'10',NULL,NULL,'12','2','P','[{\"no\":\"001\",\"qn\":\"10\",\"qtyHeld\":\"12\",\"location\":\"Reserved Room1\"}]',NULL,NULL,'090088009-07','IN-TELE-STD-001',NULL,1,NULL,NULL,'1770870970117',NULL,NULL,'SUDIPTO DUTTA','[\"SUDIPTO DUTTA\"]',NULL,NULL,'12333','13555',10,'[]',NULL,NULL,NULL,NULL),(27,'AD HYDRAULIC PUMP001','CGT','NOS',0,'35','45',NULL,'32','30','LP','[{\"no\":\"001\",\"qn\":21,\"qtyHeld\":\"14\",\"location\":\"RACK-A\",\"qnMain\":26,\"baseQn\":18,\"baseMaintainedQty\":23,\"incDecQty\":\"3\"},{\"no\":\"002\",\"qn\":14,\"qtyHeld\":\"18\",\"location\":\"RACK-B\",\"qnMain\":19,\"baseQn\":12,\"baseMaintainedQty\":17,\"incDecQty\":\"2\"}]',NULL,NULL,'090088009-07','IN-TELE-STD-001',NULL,1,NULL,NULL,'1771298748313','BEL India1002',NULL,'SUDIPTO DUTTA','[\"SUDIPTO DUTTA\"]',NULL,NULL,'ABC','DEF',1,'[\"images_0_1773831014695.jpg\"]',NULL,NULL,NULL,NULL),(46,'A SPARE','BGT','NOS',1,'98','151',NULL,'38','75','R','[{\"no\":\"001\",\"qn\":98,\"qnMain\":151,\"qtyHeld\":38,\"location\":\"Reserved Room1\",\"baseQn\":92,\"incDecQty\":\"6\",\"maintainedQty\":\"\",\"baseMaintainedQty\":145}]',NULL,NULL,'5665J56','G54H545H5J',NULL,1,'null',NULL,'1771761375858','BEL India1002',NULL,'Suplier 005','[\"SUDIPTO DUTTA\", \"SUDIPTO DUTTA\"]','DBFDH','25','6j76u6jk','5j65j76j',1,'[\"images_0_1777167364022.jpg\", \"images_1_1777167364040.png\"]',NULL,NULL,NULL,NULL),(54,'A STOCK 125','BGT','NOS',0,'55','45',NULL,'8','2','LP','[{\"no\":\"R152\",\"qn\":55,\"qnMain\":\"45\",\"qtyHeld\":\"8\",\"location\":\"RACK ABC\",\"baseQn\":50,\"baseMaintainedQty\":35,\"incDecQty\":\"5\"}]',NULL,NULL,'090088009-07','IN-TELE-STD-001',NULL,1,'null',NULL,'1771985198320','NEW OEM',NULL,'New Supplier',NULL,'DDSD','250','ru6ti76i67','htru6ri7',1,'[]',NULL,NULL,NULL,NULL),(60,'SPARE 25_2026','CGT','NOS',0,'42','35',NULL,'21','2','P','[{\"no\":\"R00126\",\"qn\":17,\"qnMain\":22,\"qtyHeld\":5,\"location\":\"FWD SPTA\",\"baseQn\":12,\"baseMaintainedQty\":17,\"incDecQty\":\"5\"},{\"no\":\"R0253\",\"qn\":25,\"qnMain\":25,\"qtyHeld\":16,\"location\":\"RACK-A\",\"baseQn\":18,\"baseMaintainedQty\":18,\"incDecQty\":\"7\"}]',NULL,NULL,'090088009-07','IN-TELE-STD-001',NULL,1,NULL,NULL,'1772011298088','NEW OEM',NULL,'Suplier IMS','[\"NEW SUPPLIER111\", \"Supplier 2025\"]','DDSD','25','vhyjyt','xh6u67u',1,'[]',NULL,NULL,NULL,NULL),(61,'D787 NO','CGT','NOS',0,'40','40',NULL,'27','2','P','[{\"no\":\"R200\",\"qn\":22,\"qnMain\":22,\"qtyHeld\":10,\"location\":\"FWD SPTA\",\"baseQn\":17,\"baseMaintainedQty\":17,\"incDecQty\":\"1\"},{\"no\":\"R255\",\"qn\":18,\"qnMain\":18,\"qtyHeld\":17,\"location\":\"AER Workshop\",\"baseQn\":18,\"baseMaintainedQty\":18,\"incDecQty\":\"2\"}]',NULL,NULL,'090088009-07','KUUYO',NULL,1,NULL,NULL,'1772159233242','gfng222',NULL,'supplier 2026',NULL,'DDSD','30','fdjykuy','mukil',1,'[]',NULL,NULL,NULL,NULL),(62,'D787 YES','BGT','NOS BB',0,'35','35',NULL,'26','2','P','[{\"no\":\"R001\",\"qn\":35,\"qnMain\":35,\"qtyHeld\":26,\"location\":\"FWD SPTA\",\"baseQn\":35,\"baseMaintainedQty\":35,\"incDecQty\":\"\"}]',NULL,NULL,'090088009-07','IN-TELE-STD-001',NULL,1,NULL,NULL,'1772159360569','gfng222',NULL,'Test Oem',NULL,'DDSD','255','bgfjytk','htykyuk',1,'[]',NULL,NULL,NULL,NULL),(63,'SEA TANK SPARE','BGT','NOS',1,'38','30',NULL,'35','2','P','[{\"no\":\"R0015\",\"qn\":20,\"qnMain\":20,\"qtyHeld\":\"20\",\"location\":\"RACK ABC\",\"baseQn\":18,\"baseMaintainedQty\":18,\"incDecQty\":\"0\"},{\"no\":\"R0025\",\"qn\":18,\"qnMain\":\"10\",\"qtyHeld\":\"15\",\"location\":\"RACK-B\",\"baseQn\":17,\"baseMaintainedQty\":12,\"incDecQty\":\"2\"}]',NULL,NULL,'090088009-07','IN-TELE-STD-001',NULL,1,NULL,NULL,'1772272227802',NULL,NULL,NULL,NULL,'YTKK','250','jjty','kykuk',1,'[]',NULL,NULL,NULL,NULL),(64,'HYDRAULIC PUMP ASSEMBLY','HYDRAULIC SYSTEM','HP-220X',0,'15','13',NULL,'6','12','P','[{\"location\":\"RACK-A\",\"no\":\"R00258\",\"qn\":8,\"qnMain\":7,\"qtyHeld\":\"3\",\"baseQn\":8,\"baseMaintainedQty\":7,\"incDecQty\":\"\"},{\"no\":\"R0029\",\"qn\":7,\"qnMain\":6,\"qtyHeld\":\"3\",\"location\":\"RACK-B\",\"baseQn\":7,\"baseMaintainedQty\":6,\"incDecQty\":\"\"}]',NULL,NULL,'BX-14','CENTRAL WAREHOUSE',NULL,1,NULL,NULL,'1772279748409',NULL,NULL,NULL,NULL,'PUMP MOTOR',NULL,'HYDRAULIC PUMP MODEL X','Main Pressure Pump',1,'[]',NULL,NULL,NULL,NULL),(65,'WRENCH 989968','HYDRAULIC SYSTEM','NOS BB',0,'35','35',NULL,'29','75','LP','[{\"no\":\"00135\",\"qn\":17,\"qnMain\":17,\"qtyHeld\":18,\"location\":\"Reserved Room1\",\"baseQn\":17,\"baseMaintainedQty\":17,\"incDecQty\":\"\"},{\"no\":\"00269\",\"qn\":18,\"qnMain\":18,\"qtyHeld\":11,\"location\":\"AER Workshop\",\"baseQn\":18,\"baseMaintainedQty\":18,\"incDecQty\":\"\"}]',NULL,NULL,'090088009-07','IN-TELE-STD-001',NULL,1,NULL,NULL,'1772563027826','BEL INDIA 2',NULL,'SUDIPTO DUTTA',NULL,'DDSD','356','ftrutyu','tytiyiyu',1,'[]',NULL,NULL,NULL,NULL),(107,'A ZZZSPARE ','BGT','GKGU',0,'24','24',NULL,'15','IGLTOUOT','P','[{\"incDecQty\":\"\",\"baseQn\":12,\"baseMaintainedQty\":12,\"no\":\"01225\",\"location\":\"AER Workshop\",\"qn\":12,\"qnMain\":12,\"qtyHeld\":\"10\"},{\"no\":\"012455\",\"qn\":12,\"qnMain\":12,\"qtyHeld\":\"5\",\"location\":\"RACK-C\",\"incDecQty\":\"\",\"baseQn\":12,\"baseMaintainedQty\":12}]',NULL,NULL,'KGIUG','HLKKGUK','HVKL;',1,NULL,NULL,'1775180985286','NEW OEM',NULL,'Suplier 005',NULL,'JJJKKJ','FYFJYIK','HLIYO8O8','FFIYYI',1,'[]',NULL,NULL,NULL,NULL),(108,'A SPARE DESC2','HYDRAULIC SYSTEM','DSGRY',0,'5','10',NULL,'10',NULL,'P','[{\"no\":\"0142556\",\"incDecQty\":\"\",\"baseQn\":5,\"baseMaintainedQty\":5,\"location\":\"AER Workshop\",\"qn\":\"2\",\"qnMain\":5,\"qtyHeld\":\"5\"},{\"no\":\"0142255\",\"qn\":\"3\",\"qnMain\":\"5\",\"qtyHeld\":\"5\",\"location\":\"RACK-C\",\"incDecQty\":\"\",\"baseQn\":5,\"baseMaintainedQty\":5}]',NULL,NULL,'TE4RTE5EY','GRYRY','9Y797Y9',1,NULL,NULL,'1775181375889','BEL INDIA 2',NULL,'Test Oem',NULL,'TYTIY7IYIY','245','U6U6I7I','U65U67I76I',1,'[]',NULL,NULL,NULL,NULL),(109,'A SPARE DESC','CGT','BOX',0,'5','5',NULL,'10',NULL,'P','[{\"incDecQty\":\"\",\"baseQn\":5,\"baseMaintainedQty\":5,\"no\":\"0123\",\"location\":\"AER Workshop\",\"qn\":5,\"qnMain\":5,\"qtyHeld\":\"10\"}]',NULL,NULL,'XGTRU7T8','UT6U76876','TUYTI7',1,NULL,NULL,'1775182168100','BEL INDIA 2',NULL,'Suplier 005',NULL,'1437','890','FHTFYI','GSZCZBGFJY',1,'[]',NULL,NULL,NULL,NULL),(110,'ZSPARE','CGT',NULL,0,'15','15',NULL,'5',NULL,'P','[{\"incDecQty\":\"\",\"baseQn\":15,\"baseMaintainedQty\":15,\"no\":\"2699\",\"location\":\"AER Workshop\",\"qn\":15,\"qnMain\":15,\"qtyHeld\":\"5\"}]',NULL,NULL,NULL,NULL,NULL,1,NULL,NULL,'1775197537473',NULL,NULL,NULL,NULL,NULL,NULL,NULL,NULL,1,'[]',NULL,NULL,NULL,NULL),(111,'W AQRWTYU W','CGT','PKTS',0,'14','14',NULL,'10','REYTRUTRU','P','[{\"incDecQty\":\"\",\"baseQn\":7,\"baseMaintainedQty\":7,\"no\":\"114535\",\"location\":\"FWD SPTA\",\"qn\":7,\"qnMain\":7,\"qtyHeld\":\"5\"},{\"no\":\"145686\",\"qn\":7,\"baseQn\":7,\"incDecQty\":\"\",\"qtyHeld\":\"5\",\"location\":\"AER Workshop\",\"qnMain\":7,\"baseMaintainedQty\":7}]',NULL,NULL,'TRUTRUT','TURQRTER',NULL,1,NULL,NULL,'1775316513664',NULL,NULL,NULL,NULL,'JTYYTI','YYTYTI','TYYTU','GUTYUYT',1,'[]',NULL,NULL,NULL,NULL),(113,'AD HYDRAULIC PUMP','CGT','LTRS',0,'89','92',NULL,'12',NULL,'R','[{\"no\":\"01233\",\"qn\":\"89\",\"qnMain\":\"100\",\"qtyHeld\":\"12\",\"location\":\"RACK-B\"},{\"no\":\"01233\",\"qn\":\"0\",\"qnMain\":\"-8\",\"qtyHeld\":\"0\",\"location\":\"RACK-C\"}]',NULL,NULL,NULL,NULL,NULL,1,NULL,NULL,'1777162187741',NULL,NULL,NULL,NULL,NULL,NULL,NULL,NULL,1,'[]',NULL,NULL,NULL,NULL);
/*!40000 ALTER TABLE `spares` ENABLE KEYS */;
UNLOCK TABLES;

--
-- Table structure for table `special_demand`
--

DROP TABLE IF EXISTS `special_demand`;
/*!40101 SET @saved_cs_client     = @@character_set_client */;
/*!50503 SET character_set_client = utf8mb4 */;
CREATE TABLE `special_demand` (
  `id` int NOT NULL AUTO_INCREMENT,
  `spare_id` int DEFAULT NULL,
  `tool_id` int DEFAULT NULL,
  `obs_authorised` int NOT NULL,
  `obs_increase_qty` int NOT NULL,
  `quote_authority` varchar(255) DEFAULT NULL,
  `internal_demand_no` varchar(50) DEFAULT NULL,
  `internal_demand_date` date DEFAULT NULL,
  `requisition_no` varchar(50) DEFAULT NULL,
  `requisition_date` date DEFAULT NULL,
  `mo_demand_no` varchar(50) DEFAULT NULL,
  `mo_demand_date` date DEFAULT NULL,
  `created_by` int NOT NULL,
  `created_by_name` varchar(100) NOT NULL,
  `created_at` timestamp NULL DEFAULT CURRENT_TIMESTAMP,
  `approved_by` int DEFAULT NULL,
  `approved_at` date DEFAULT NULL,
  `obs_maintained` int NOT NULL DEFAULT '0',
  `obs_held` int NOT NULL DEFAULT '0',
  `maintained_qty` int NOT NULL DEFAULT '0',
  `qty_held` int NOT NULL DEFAULT '0',
  `special_demand_type` enum('PTS','OPDEM','STORDEM') DEFAULT NULL,
  PRIMARY KEY (`id`),
  KEY `fk_approved_by` (`approved_by`),
  CONSTRAINT `fk_approved_by` FOREIGN KEY (`approved_by`) REFERENCES `users` (`id`)
) ENGINE=InnoDB AUTO_INCREMENT=470 DEFAULT CHARSET=utf8mb4 COLLATE=utf8mb4_0900_ai_ci;
/*!40101 SET character_set_client = @saved_cs_client */;

--
-- Dumping data for table `special_demand`
--

LOCK TABLES `special_demand` WRITE;
/*!40000 ALTER TABLE `special_demand` DISABLE KEYS */;
INSERT INTO `special_demand` VALUES (1,12,NULL,1,25,'Quote001','INT-DMD-2025-001','2025-01-24','REQ-7789','2025-01-23','MO-4567','2025-01-22',101,'Sudipto Dutta','2026-01-24 13:14:16',NULL,NULL,0,0,0,0,'PTS'),(2,12,NULL,1,25,'Quote002','INT-DMD-2025-001','2025-01-24','REQ-7789','2025-01-23','MO-4567','2025-01-22',2,'Avijit Paul','2026-01-24 17:29:27',NULL,NULL,0,0,0,0,'PTS'),(9,2,NULL,25,10,'Quote003','bfn333','2026-01-26','fnd33333','2026-01-26','ghj33333','2026-01-27',2,'Avijit Paul','2026-01-25 02:38:08',NULL,NULL,0,0,0,0,'PTS'),(15,2,NULL,50,5,'Quote004','sdvsdv22','2026-01-26','dfdsv22','2026-01-26','dvfdv','2026-01-26',2,'Avijit Paul','2026-01-26 11:15:07',NULL,NULL,0,0,0,0,'PTS'),(16,2,NULL,70,25,'005','ffdfd','2026-01-26','gfgtf','2026-01-26','fdfdgd','2026-01-26',2,'Avijit Paul','2026-01-26 11:22:23',NULL,NULL,0,0,0,0,'PTS'),(17,2,NULL,75,30,'ABC001','fbfd33339999999999','2026-01-26','bfdf333399999999','2026-01-14','bfdbfd8886','2026-01-26',2,'Avijit Paul','2026-01-26 11:38:44',NULL,NULL,0,0,0,0,'PTS'),(18,2,NULL,55,10,'Quote001','gngfn','2026-01-26','fbfd','2026-01-13','dbf','2026-01-26',2,'Avijit Paul','2026-01-26 16:28:09',NULL,NULL,0,0,0,0,'PTS'),(19,2,NULL,50,5,'QUOTE 15555','345','2026-01-14','345','2026-01-14','ghj6','2026-02-24',2,'Avijit Paul','2026-01-26 17:01:52',NULL,NULL,0,0,0,0,'PTS'),(32,2,NULL,50,5,'Quote002','NRETR','2026-02-03','JTRJTR','2026-02-03','TSAS','2026-02-03',2,'Avijit Paul','2026-02-03 06:04:41',NULL,NULL,0,0,0,0,'PTS'),(33,2,NULL,55,5,'Quote002','TUTURQR','2026-02-03','RDTUJT','2026-02-04','MO111','2026-02-03',2,'Avijit Paul','2026-02-03 06:05:02',NULL,NULL,0,0,0,0,'PTS'),(34,2,NULL,50,5,'Quote002','YJKU','2026-02-10','YJKU','2026-02-03','YJKU','2026-02-03',2,'Avijit Paul','2026-02-03 11:13:10',NULL,NULL,0,0,0,0,'PTS'),(35,2,NULL,50,5,'Quote002','rdh','2026-02-03','rehtrj','2026-02-03','ghj','2026-02-10',2,'Avijit Paul','2026-02-03 12:10:53',NULL,NULL,0,0,0,0,'PTS'),(36,2,NULL,50,5,'Quote002','herj5rk','2026-02-03','herjtr','2026-02-03','gfkytk','2026-02-03',2,'Avijit Paul','2026-02-03 12:17:47',NULL,NULL,0,0,0,0,'PTS'),(37,15,NULL,50,50,'Quote002','ACB1','2026-02-03','ABC2','2026-02-04','ABC3','2026-02-03',2,'Avijit Paul','2026-02-03 18:17:52',NULL,NULL,0,0,0,0,'PTS'),(38,15,NULL,50,50,NULL,'Demand No.','2026-02-04','Requisit No.','2026-02-04','MO001','2026-02-04',2,'Avijit Paul','2026-02-03 18:22:12',NULL,NULL,0,0,0,0,'PTS'),(39,15,NULL,50,50,'QUOTE 15555','Demand No.','2026-02-04','Requisit No.','2026-02-04','Mo No.','2026-02-05',2,'Avijit Paul','2026-02-03 18:22:51',NULL,NULL,0,0,0,0,'PTS'),(40,15,NULL,50,50,'Quote001','Internal','2026-02-04','Requsisition','2026-02-04','MO','2026-02-04',2,'Avijit Paul','2026-02-03 18:23:27',NULL,NULL,0,0,0,0,'PTS'),(41,18,NULL,60,5,'Quote001','D002','2026-02-05','R002','2026-02-04','MO002','2026-02-05',2,'Avijit Paul','2026-02-04 10:01:07',NULL,NULL,0,0,0,0,'PTS'),(42,20,NULL,55,5,'QUOTE 15555','DFG4566','2026-02-04','GHJ567','2026-02-04','HJG345','2026-02-04',2,'Avijit Paul','2026-02-04 11:37:39',NULL,NULL,0,0,0,0,'PTS'),(43,16,NULL,15,5,'Quote001','OMGHN456','2026-02-03','8UERGOP','2026-02-04','BDGF783243','2026-02-05',2,'Avijit Paul','2026-02-04 11:41:20',NULL,NULL,0,0,0,0,'PTS'),(44,20,NULL,55,5,'QUOTE 15555','ERWT345','2026-02-04','GFHD678','2026-02-06','CBNV456','2026-02-08',2,'Avijit Paul','2026-02-04 11:54:19',NULL,NULL,0,0,0,0,'PTS'),(45,23,NULL,55,5,'Quote002','D1000233','2026-02-04','R100000233','2026-02-04','MO100023','2026-02-04',2,'Avijit Paul','2026-02-04 12:51:43',NULL,NULL,0,0,0,0,'PTS'),(46,23,NULL,55,5,'Quote002','001','2026-02-07','002','2026-02-08','003','2026-02-07',2,'Avijit Paul','2026-02-06 06:51:54',NULL,NULL,0,0,0,0,'PTS'),(47,23,NULL,55,5,'Quote002','RETTY','2026-02-07','RETTY2','2026-02-08','RETTY3','2026-02-09',2,'Avijit Paul','2026-02-06 07:16:18',NULL,NULL,0,0,0,0,'PTS'),(48,23,NULL,55,5,NULL,'001','2026-02-06','002','2026-02-06','003','2026-02-06',2,'Avijit Paul','2026-02-06 07:29:36',NULL,NULL,0,0,0,0,'PTS'),(49,23,NULL,55,5,'Quote002','0]-0]','2026-02-06','bsdbd','2026-02-06','vdsv3333333333','2026-02-06',2,'Avijit Paul','2026-02-06 07:37:28',NULL,NULL,0,0,0,0,'PTS'),(50,23,NULL,55,5,'QUOTE 15555','NRETR','2026-02-16','bsdbd','2026-02-16','bfdbfd8886','2026-02-16',2,'Avijit Paul','2026-02-11 02:19:56',NULL,NULL,0,0,0,0,'PTS'),(51,23,NULL,55,5,'Quote002','NRETR','2026-02-16','bsdbd','2026-02-16','bfdbfd8886','2026-02-16',2,'Avijit Paul','2026-02-11 11:39:19',NULL,NULL,0,0,0,0,'PTS'),(52,23,NULL,55,5,'Quote002','TUTURQR','2026-02-20','bsdbd','2026-02-20','gnn','2026-02-20',2,'Avijit Paul','2026-02-11 17:14:06',NULL,NULL,0,0,0,0,'PTS'),(53,23,NULL,55,5,'Quote002','TUTURQR','2026-02-20','bsdbd','2026-02-20','vdsv3333333333','2026-02-20',2,'Avijit Paul','2026-02-11 17:17:22',NULL,NULL,0,0,0,0,'PTS'),(54,23,NULL,55,5,'Quote002','NRETR','2026-02-20','bsdbd','2026-02-20','hgmh','2026-02-20',2,'Avijit Paul','2026-02-11 17:31:23',NULL,NULL,0,0,0,0,'PTS'),(55,23,NULL,55,5,'QUOTE 15555','TUTURQR','2026-02-28','bsdbd','2026-02-28','vdsv3333333333','2026-02-28',2,'Avijit Paul','2026-02-11 17:32:52',NULL,NULL,0,0,0,0,'PTS'),(56,23,NULL,55,5,'Quote002','NRETR','2026-02-28','bsdbd','2026-02-28','vdsv3333333333','2026-02-28',2,'Avijit Paul','2026-02-11 17:37:20',NULL,NULL,0,0,0,0,'PTS'),(57,23,NULL,59,4,'Quote002',NULL,NULL,NULL,NULL,NULL,NULL,2,'Avijit Paul','2026-02-11 17:38:23',NULL,NULL,0,0,0,0,'PTS'),(58,23,NULL,64,5,'Quote002',NULL,NULL,NULL,NULL,NULL,NULL,2,'Avijit Paul','2026-02-11 18:58:40',NULL,NULL,0,0,0,0,'PTS'),(59,NULL,1,35,5,'QUOTE 15555',NULL,NULL,NULL,NULL,NULL,NULL,2,'Avijit Paul','2026-02-12 04:13:07',NULL,NULL,0,0,0,0,'PTS'),(60,NULL,5,15,5,'Quote002',NULL,NULL,NULL,NULL,NULL,NULL,2,'Avijit Paul','2026-02-12 05:13:47',NULL,NULL,0,0,0,0,'PTS'),(61,23,NULL,69,5,'QUOTE 15555',NULL,NULL,NULL,NULL,NULL,NULL,2,'Avijit Paul','2026-02-12 05:32:41',NULL,NULL,0,0,0,0,'PTS'),(62,23,NULL,64,5,'QUOTE 15555',NULL,NULL,NULL,NULL,NULL,NULL,2,'Avijit Paul','2026-02-12 05:33:40',NULL,NULL,0,0,0,0,'PTS'),(63,NULL,5,20,5,'QUOTE 15555',NULL,NULL,NULL,NULL,NULL,NULL,2,'Avijit Paul','2026-02-12 05:38:07',NULL,NULL,0,0,0,0,'PTS'),(64,NULL,5,15,5,'QUOTE 15555',NULL,NULL,NULL,NULL,NULL,NULL,2,'Avijit Paul','2026-02-12 05:38:19',NULL,NULL,0,0,0,0,'PTS'),(65,NULL,5,10,5,'QUOTE 15555',NULL,NULL,NULL,NULL,NULL,NULL,2,'Avijit Paul','2026-02-12 05:38:58',NULL,NULL,0,0,0,0,'PTS'),(66,NULL,5,20,10,'QUOTE 15555',NULL,NULL,NULL,NULL,NULL,NULL,2,'Avijit Paul','2026-02-12 05:39:30',NULL,NULL,0,0,0,0,'PTS'),(67,NULL,5,25,5,'Quote Authority 001','001','2026-02-12','100','2026-02-25',NULL,NULL,2,'Avijit Paul','2026-02-12 06:12:01',NULL,NULL,0,0,0,0,'PTS'),(68,23,NULL,69,5,'Quote1001','htrhth001','2026-02-12','bsdbd001','2026-02-15',NULL,NULL,2,'Avijit Paul','2026-02-12 06:51:06',NULL,NULL,0,0,0,0,'PTS'),(69,NULL,5,35,5,'QUOTE001QUOTE001','INTERNAL200','2026-02-12',NULL,NULL,NULL,NULL,2,'Avijit Paul','2026-02-12 06:56:30',NULL,NULL,0,0,0,0,'PTS'),(70,23,NULL,64,5,'Quote 1221','IN004','2026-02-18','REQ004','2026-02-19',NULL,NULL,2,'Avijit Paul','2026-02-13 03:20:45',NULL,NULL,0,0,0,0,'PTS'),(71,23,NULL,60,4,NULL,'IN003','2026-02-14','REQ003','2026-02-14',NULL,NULL,2,'Avijit Paul','2026-02-13 03:23:28',NULL,NULL,0,0,0,0,'PTS'),(72,NULL,5,40,5,'Quote 1221','IN002','2026-02-15','REQ002','2026-02-15',NULL,NULL,2,'Avijit Paul','2026-02-13 03:46:20',NULL,NULL,0,0,0,0,'PTS'),(73,21,NULL,55,5,'QUOTE 15555','IN001','2026-02-14','REQ001','2026-02-14',NULL,NULL,2,'Avijit Paul','2026-02-13 03:48:44',NULL,NULL,0,0,0,0,'PTS'),(74,23,NULL,70,10,'Quote001','NRETR','2026-02-04','bsdbd','2026-02-11',NULL,NULL,2,'Avijit Paul','2026-02-14 13:23:13',NULL,NULL,0,0,0,0,'PTS'),(75,23,NULL,75,5,'Quote002','TUTURQR','2026-02-04',NULL,NULL,NULL,NULL,2,'Avijit Paul','2026-02-15 06:30:44',NULL,NULL,0,0,0,0,'PTS'),(76,23,NULL,60,15,'Quote002',NULL,NULL,NULL,NULL,NULL,NULL,2,'Avijit Paul','2026-02-15 10:42:21',NULL,NULL,0,0,0,0,'PTS'),(158,48,NULL,40,5,'grheth','NRETR','2026-02-03','bsdbd','2026-02-04',NULL,NULL,2,'Avijit Paul','2026-02-24 15:52:24',NULL,NULL,0,0,0,0,'PTS'),(159,NULL,12,40,10,'Today2026-24-02','yliu;','2026-02-24','yyouo','2026-02-24',NULL,NULL,2,'Avijit Paul','2026-02-24 16:06:21',NULL,NULL,0,0,0,0,'PTS'),(160,NULL,12,45,5,'xzbdsb','bfdnfd','2026-02-17',NULL,NULL,NULL,NULL,2,'Avijit Paul','2026-02-24 16:27:29',NULL,NULL,0,0,0,0,'PTS'),(161,48,NULL,50,10,'bfdnfd',NULL,NULL,NULL,NULL,NULL,NULL,2,'Avijit Paul','2026-02-24 16:28:34',NULL,NULL,0,0,0,0,'PTS'),(162,48,NULL,55,5,'tkyk',NULL,NULL,NULL,NULL,NULL,NULL,2,'Avijit Paul','2026-02-24 16:35:25',NULL,NULL,0,0,0,0,'PTS'),(163,48,NULL,65,10,'dbfd','DDMMYY','2026-02-10','DDMMYYYY','2026-02-24',NULL,NULL,2,'Avijit Paul','2026-02-24 16:54:42',NULL,NULL,0,0,0,0,'PTS'),(166,NULL,12,50,5,'bmghk','TUTURQR','2026-02-04','bsdbd','2026-02-05','MO_TORQUE','2026-02-19',2,'Avijit Paul','2026-02-24 17:11:02',NULL,NULL,0,0,0,0,'PTS'),(167,47,NULL,55,5,'tkytk','NRETR','2026-02-04','bsdbd','2026-02-12','MO1999','2026-02-20',2,'Avijit Paul','2026-02-24 17:25:20',NULL,NULL,0,0,0,0,'PTS'),(168,5,NULL,45,5,'24Today','NRETR','2026-02-04','bsdbd','2026-02-12','MO2026_28','2026-02-28',2,'Avijit Paul','2026-02-24 17:42:38',NULL,NULL,0,0,0,0,'PTS'),(169,47,NULL,60,5,'deshtiYYYY','YYYY','2026-02-24','RR2026','2026-02-25','MO2026','2026-02-20',2,'Avijit Paul','2026-02-24 18:06:52',NULL,NULL,0,0,0,0,'PTS'),(170,12,NULL,60,10,'gfmhm','mhgf7788','2026-02-25','bsdbd','2026-02-25','MO1222','2026-02-04',2,'Avijit Paul','2026-02-24 19:36:06',NULL,NULL,0,0,0,0,'PTS'),(171,NULL,8,30,10,'abjcedsgof','NRETR','2026-02-04','bsdbd','2026-02-04','MO2026_25','2026-02-04',2,'Avijit Paul','2026-02-25 01:50:18',NULL,NULL,0,0,0,0,'PTS'),(172,NULL,15,35,5,'eh65i67i','sbhtrii','2026-02-25','bsdbd','2026-02-04','MO2025','2026-02-19',2,'Avijit Paul','2026-02-25 02:49:00',NULL,NULL,0,0,0,0,'PTS'),(173,NULL,17,35,5,'xbtrjtyi','INT2025','2026-02-25',NULL,NULL,NULL,NULL,2,'Avijit Paul','2026-02-25 06:02:19',NULL,NULL,0,0,0,0,'PTS'),(174,60,NULL,30,5,'Quote 25_2026',NULL,NULL,NULL,NULL,NULL,NULL,2,'Avijit Paul','2026-02-25 09:23:58',NULL,NULL,0,0,0,0,'PTS'),(175,60,NULL,25,5,NULL,NULL,NULL,NULL,NULL,NULL,NULL,2,'Avijit Paul','2026-02-25 09:24:28',NULL,NULL,0,0,0,0,'PTS'),(176,60,NULL,30,5,'Quote 2025_26_14:54','INT_14:54','2026-02-12','REQ_14:54','2026-02-18','MO_14:54','2026-02-18',2,'Avijit Paul','2026-02-25 09:25:33',NULL,NULL,0,0,0,0,'PTS'),(177,NULL,18,35,5,'QWertyuy','Qwerty 14:58','2026-02-18','Qwerty REQ 14:58','2026-02-25',NULL,NULL,2,'Avijit Paul','2026-02-25 09:29:16',NULL,NULL,0,0,0,0,'PTS'),(178,46,NULL,80,5,'trhtj',NULL,NULL,NULL,NULL,NULL,NULL,2,'Avijit Paul','2026-02-25 18:49:22',NULL,NULL,0,0,0,0,'PTS'),(179,46,NULL,85,5,'juyo87o','7898p','2026-02-18','bsdbd','2026-02-04','vdsv3333333333','2026-02-05',2,'Avijit Paul','2026-02-25 18:49:39',NULL,NULL,0,0,0,0,'PTS'),(180,46,NULL,90,5,'Quote0025','In_26_2026','2026-02-26','Req_26_2026','2026-02-26','MO_2026_26','2026-02-27',2,'Avijit Paul','2026-02-26 11:38:00',NULL,NULL,0,0,0,0,'PTS'),(181,46,NULL,85,5,NULL,NULL,NULL,NULL,NULL,NULL,NULL,2,'Avijit Paul','2026-02-26 11:39:01',NULL,NULL,0,0,0,0,'PTS'),(182,46,NULL,80,5,NULL,NULL,NULL,NULL,NULL,NULL,NULL,2,'Avijit Paul','2026-02-26 11:39:45',NULL,NULL,0,0,0,0,'PTS'),(183,NULL,18,40,5,'ngjyt',NULL,NULL,NULL,NULL,NULL,NULL,2,'Avijit Paul','2026-02-26 12:02:52',NULL,NULL,0,0,0,0,'PTS'),(184,NULL,20,17,5,'xsgth','Fax_signal 2026','2026-02-27',NULL,NULL,NULL,NULL,2,'Avijit Paul','2026-02-26 12:09:08',NULL,NULL,0,0,0,0,'PTS'),(185,NULL,21,30,5,'FAX TOOL','FAX TOOL 26','2026-02-21','REQ FAX','2026-02-12','MO FAX','2026-02-14',2,'Avijit Paul','2026-02-26 12:12:54',NULL,NULL,0,0,0,0,'PTS'),(186,46,NULL,82,2,'FAX req',NULL,NULL,NULL,NULL,NULL,NULL,4,'Sudipto Dutta ','2026-02-28 05:01:56',NULL,NULL,0,0,0,0,'PTS'),(187,46,NULL,83,1,'FAX 2',NULL,NULL,NULL,NULL,NULL,NULL,4,'Sudipto Dutta ','2026-02-28 05:02:18',NULL,NULL,0,0,0,0,'PTS'),(188,46,NULL,88,5,NULL,NULL,NULL,NULL,NULL,NULL,NULL,2,'Avijit Paul','2026-02-28 05:11:42',NULL,NULL,0,0,0,0,'PTS'),(189,54,NULL,35,5,NULL,NULL,NULL,NULL,NULL,NULL,NULL,2,'Avijit Paul','2026-02-28 05:25:43',NULL,NULL,0,0,0,0,'PTS'),(190,54,NULL,35,5,NULL,NULL,NULL,NULL,NULL,NULL,NULL,2,'Avijit Paul','2026-02-28 05:26:04',NULL,NULL,0,0,0,0,'PTS'),(191,54,NULL,40,10,'fgry',NULL,NULL,NULL,NULL,NULL,NULL,2,'Avijit Paul','2026-02-28 05:40:35',NULL,NULL,0,0,0,0,'PTS'),(192,54,NULL,45,5,'htru6u',NULL,NULL,NULL,NULL,NULL,NULL,2,'Avijit Paul','2026-02-28 05:41:01',NULL,NULL,0,0,0,0,'PTS'),(193,54,NULL,40,5,NULL,NULL,NULL,NULL,NULL,NULL,NULL,2,'Avijit Paul','2026-02-28 05:41:17',NULL,NULL,0,0,0,0,'PTS'),(194,54,NULL,45,5,'Updated',NULL,NULL,NULL,NULL,NULL,NULL,2,'Avijit Paul','2026-02-28 06:03:48',NULL,NULL,0,0,0,0,'PTS'),(195,54,NULL,40,5,NULL,NULL,NULL,NULL,NULL,NULL,NULL,2,'Avijit Paul','2026-02-28 06:04:01',NULL,NULL,0,0,0,0,'PTS'),(196,54,NULL,45,5,'jyti7i',NULL,NULL,NULL,NULL,NULL,NULL,2,'Avijit Paul','2026-02-28 06:04:15',NULL,NULL,0,0,0,0,'PTS'),(197,54,NULL,47,2,'Updated obs',NULL,NULL,NULL,NULL,NULL,NULL,2,'Avijit Paul','2026-02-28 06:14:59',NULL,NULL,0,0,0,0,'PTS'),(198,54,NULL,50,3,'updated value',NULL,NULL,NULL,NULL,NULL,NULL,2,'Avijit Paul','2026-02-28 06:15:24',NULL,NULL,0,0,0,0,'PTS'),(199,54,NULL,52,2,'uu7',NULL,NULL,NULL,NULL,NULL,NULL,2,'Avijit Paul','2026-02-28 06:18:08',NULL,NULL,0,0,0,0,'PTS'),(200,54,NULL,55,3,'yi7i7',NULL,NULL,NULL,NULL,NULL,NULL,2,'Avijit Paul','2026-02-28 06:18:24',NULL,NULL,0,0,0,0,'PTS'),(201,54,NULL,57,2,'76588',NULL,NULL,NULL,NULL,NULL,NULL,2,'Avijit Paul','2026-02-28 06:18:37',NULL,NULL,0,0,0,0,'PTS'),(202,54,NULL,59,2,'kuoy',NULL,NULL,NULL,NULL,NULL,NULL,2,'Avijit Paul','2026-02-28 06:20:01',NULL,NULL,0,0,0,0,'PTS'),(203,54,NULL,60,1,'o9p',NULL,NULL,NULL,NULL,NULL,NULL,2,'Avijit Paul','2026-02-28 06:20:18',NULL,NULL,0,0,0,0,'PTS'),(204,23,NULL,54,2,'vnty76o',NULL,NULL,NULL,NULL,NULL,NULL,2,'Avijit Paul','2026-02-28 06:25:03',NULL,NULL,0,0,0,0,'PTS'),(205,23,NULL,57,3,'jtyiuyi',NULL,NULL,NULL,NULL,NULL,NULL,2,'Avijit Paul','2026-02-28 06:25:46',NULL,NULL,0,0,0,0,'PTS'),(206,54,NULL,62,2,'hj',NULL,NULL,NULL,NULL,NULL,NULL,2,'Avijit Paul','2026-02-28 06:33:35',NULL,NULL,0,0,0,0,'PTS'),(207,54,NULL,65,3,'rht',NULL,NULL,NULL,NULL,NULL,NULL,2,'Avijit Paul','2026-02-28 06:33:54',NULL,NULL,0,0,0,0,'PTS'),(208,54,NULL,67,2,'h,jhl',NULL,NULL,NULL,NULL,NULL,NULL,2,'Avijit Paul','2026-02-28 06:36:28',NULL,NULL,0,0,0,0,'PTS'),(209,54,NULL,50,17,NULL,NULL,NULL,NULL,NULL,NULL,NULL,2,'Avijit Paul','2026-02-28 06:38:29',NULL,NULL,0,0,0,0,'PTS'),(210,46,NULL,88,5,NULL,NULL,NULL,NULL,NULL,NULL,NULL,2,'Avijit Paul','2026-02-28 06:40:14',NULL,NULL,0,0,0,0,'PTS'),(211,46,NULL,78,5,NULL,NULL,NULL,NULL,NULL,NULL,NULL,2,'Avijit Paul','2026-02-28 07:27:41',NULL,NULL,0,0,0,0,'PTS'),(212,46,NULL,83,5,'htrutu',NULL,NULL,NULL,NULL,NULL,NULL,2,'Avijit Paul','2026-02-28 07:27:59',NULL,NULL,0,0,0,0,'PTS'),(213,46,NULL,85,2,'rhu6u',NULL,NULL,NULL,NULL,NULL,NULL,2,'Avijit Paul','2026-02-28 07:28:25',NULL,NULL,0,0,0,0,'PTS'),(214,46,NULL,87,2,'gjtyj',NULL,NULL,NULL,NULL,NULL,NULL,2,'Avijit Paul','2026-02-28 07:33:22',NULL,NULL,0,0,0,0,'PTS'),(215,46,NULL,89,2,'jyktu',NULL,NULL,NULL,NULL,NULL,NULL,2,'Avijit Paul','2026-02-28 07:44:19',NULL,NULL,0,0,0,0,'PTS'),(216,61,NULL,35,5,'gjfj',NULL,NULL,NULL,NULL,NULL,NULL,2,'Avijit Paul','2026-02-28 07:45:49',NULL,NULL,0,0,0,0,'PTS'),(217,61,NULL,37,2,'jyk',NULL,NULL,NULL,NULL,NULL,NULL,2,'Avijit Paul','2026-02-28 07:46:14',NULL,NULL,0,0,0,0,'PTS'),(218,61,NULL,42,5,'fdjytj',NULL,NULL,NULL,NULL,NULL,NULL,2,'Avijit Paul','2026-02-28 08:13:04',NULL,NULL,0,0,0,0,'PTS'),(219,NULL,24,35,5,'Sea Tank increase','Sea tank demand no','2026-02-28','Sea tank req no','2026-02-28',NULL,NULL,2,'Avijit Paul','2026-02-28 09:28:22',NULL,NULL,0,0,0,0,'PTS'),(220,23,NULL,60,5,'fhtj',NULL,NULL,NULL,NULL,NULL,NULL,2,'Avijit Paul','2026-02-28 09:48:03',NULL,NULL,0,0,0,0,'PTS'),(221,23,NULL,65,5,'gfnjy',NULL,NULL,NULL,NULL,NULL,NULL,2,'Avijit Paul','2026-02-28 09:48:45',NULL,NULL,0,0,0,0,'PTS'),(222,63,NULL,35,5,'hrjyj',NULL,NULL,NULL,NULL,NULL,NULL,2,'Avijit Paul','2026-02-28 09:50:48',NULL,NULL,0,0,0,0,'PTS'),(223,63,NULL,38,3,'yytk','trtk','2026-02-19','tktyk','2026-02-11',NULL,NULL,2,'Avijit Paul','2026-02-28 09:51:19',NULL,NULL,0,0,0,0,'PTS'),(224,NULL,23,35,5,'r5u68',NULL,NULL,NULL,NULL,NULL,NULL,2,'Avijit Paul','2026-02-28 09:59:36',NULL,NULL,0,0,0,0,'PTS'),(225,NULL,25,35,5,'Sea tank tool added','sea tank 1005','2026-02-12',NULL,NULL,NULL,NULL,2,'Avijit Paul','2026-02-28 10:13:19',NULL,NULL,0,0,0,0,'PTS'),(226,NULL,25,40,5,'rrhtru6','TUTURQR','2026-03-10',NULL,NULL,NULL,NULL,2,'Avijit Paul','2026-02-28 10:13:38',NULL,NULL,0,0,0,0,'PTS'),(227,27,NULL,25,5,'gjgfj','NRETR','2026-03-10',NULL,NULL,NULL,NULL,2,'Avijit Paul','2026-02-28 11:26:09',NULL,NULL,0,0,0,0,'PTS'),(228,NULL,27,35,5,'D787 inc','NRETR','2026-03-10','FDNGF','2026-03-10',NULL,NULL,2,'Avijit Paul','2026-02-28 11:44:44',NULL,NULL,0,0,0,0,'PTS'),(229,NULL,26,38,8,'STOCK INC','TUTURQR','2026-03-10','REQUISIT NO.','2026-03-11',NULL,NULL,4,'Sudipto Dutta ','2026-02-28 11:50:26',NULL,NULL,0,0,0,0,'PTS'),(230,64,NULL,15,5,'hyd pump inc','IN pump 001','2026-02-19',NULL,NULL,NULL,NULL,4,'Sudipto Dutta ','2026-02-28 11:56:41',NULL,NULL,0,0,0,0,'PTS'),(231,NULL,26,43,5,'fjytuy','TUTURQR','2026-03-10','BSDBD','2026-03-10',NULL,NULL,7,'John Doe','2026-03-01 19:12:52',NULL,NULL,0,0,0,0,'PTS'),(232,NULL,25,45,5,'ngfgfj','NRETR','2026-03-10',NULL,NULL,NULL,NULL,7,'John Doe','2026-03-01 19:13:37',NULL,NULL,0,0,0,0,'PTS'),(233,60,NULL,42,12,'bkjnmb','TUTURQR','2026-03-10',NULL,NULL,NULL,NULL,2,'Avijit Paul','2026-03-04 18:23:23',NULL,NULL,0,0,0,0,'PTS'),(237,54,NULL,31,-2,NULL,NULL,NULL,NULL,NULL,NULL,NULL,4,'Sudipto Dutta ','2026-03-12 05:04:38',NULL,NULL,0,0,0,0,'PTS'),(238,NULL,12,52,2,'QUOTE 12TH MARCH','INT 12TH ','2026-03-12',NULL,NULL,NULL,NULL,4,'Sudipto Dutta ','2026-03-12 05:14:40',NULL,NULL,0,0,0,0,'PTS'),(239,NULL,5,28,-12,NULL,'NRETR','2026-03-12','BSDBD','2026-03-12','VDSV3333333333','2026-03-12',4,'Sudipto Dutta ','2026-03-12 05:18:29',NULL,NULL,0,0,0,0,'PTS'),(247,NULL,7,30,0,NULL,'TUTURQR','2026-03-17',NULL,NULL,NULL,NULL,4,'Sudipto Dutta ','2026-03-16 02:18:49',NULL,NULL,0,0,0,0,'OPDEM'),(248,54,NULL,25,0,NULL,'TUTURQR','2026-03-15','REQUISIT NO.','2026-03-15',NULL,NULL,4,'Sudipto Dutta ','2026-03-16 02:21:30',NULL,NULL,0,0,0,0,'STORDEM'),(249,54,NULL,36,5,'16TH MARCH','INT 16TH MARCH','2026-03-16',NULL,NULL,NULL,NULL,4,'Sudipto Dutta ','2026-03-16 02:23:37',NULL,NULL,0,0,0,0,NULL),(252,54,NULL,41,5,'VBGF',NULL,NULL,NULL,NULL,NULL,NULL,4,'Sudipto Dutta ','2026-03-16 02:45:45',NULL,NULL,0,0,0,0,NULL),(253,54,NULL,26,-15,NULL,NULL,NULL,NULL,NULL,NULL,NULL,4,'Sudipto Dutta ','2026-03-16 02:47:44',NULL,NULL,0,0,0,0,NULL),(258,NULL,12,54,2,NULL,'TUTURQR','2026-03-15','BSDBD','2026-03-16','VDSV3333333333','2026-03-16',4,'Sudipto Dutta ','2026-03-16 08:59:17',NULL,NULL,0,0,0,0,'OPDEM'),(259,NULL,8,35,5,NULL,'TUTURQR','2026-03-15','BSDBD','2026-03-16','VDSV3333333333','2026-03-16',4,'Sudipto Dutta ','2026-03-16 09:20:21',NULL,NULL,0,0,0,0,'STORDEM'),(260,NULL,22,15,3,NULL,'TUTURQR','2026-03-15',NULL,NULL,NULL,NULL,4,'Sudipto Dutta ','2026-03-16 11:32:54',NULL,NULL,0,0,0,0,'PTS'),(261,46,NULL,91,2,'CBFGF',NULL,NULL,NULL,NULL,NULL,NULL,4,'Sudipto Dutta ','2026-03-16 12:22:59',NULL,NULL,0,0,0,0,NULL),(262,46,NULL,94,3,'GHJGH',NULL,NULL,NULL,NULL,NULL,NULL,4,'Sudipto Dutta ','2026-03-16 12:29:52',NULL,NULL,0,0,0,0,NULL),(263,54,NULL,35,9,'TTUTU',NULL,NULL,NULL,NULL,NULL,NULL,4,'Sudipto Dutta ','2026-03-16 13:04:41',NULL,NULL,0,0,0,0,NULL),(264,NULL,8,38,8,NULL,'TUTURQR','2026-03-15','CXDBFDH','2026-03-15','VDSV3333333333','2026-03-17',4,'Sudipto Dutta ','2026-03-16 17:59:45',NULL,NULL,0,0,0,0,'STORDEM'),(265,NULL,26,48,5,NULL,'TUTURQR','2026-03-16','BSDBD','2026-03-16','BFDBFD8886','2026-03-16',4,'Sudipto Dutta ','2026-03-17 03:35:54',NULL,NULL,0,0,0,0,'STORDEM'),(266,NULL,26,48,5,NULL,'TUTURQR','2026-03-16','REQUISIT NO.','2026-03-17','MO17TH MARCH','2026-03-17',4,'Sudipto Dutta ','2026-03-17 03:36:50',NULL,NULL,0,0,0,0,'STORDEM'),(267,62,NULL,38,3,NULL,'TUTURQR','2026-03-16','REQUISIT NO.','2026-03-17','GNN','2026-03-17',4,'Sudipto Dutta ','2026-03-17 03:39:32',NULL,NULL,0,0,0,0,'OPDEM'),(268,61,NULL,37,2,NULL,'NRETR','2026-03-03','BSDBD','2026-03-04','BFDBFD8886','2026-03-04',4,'Sudipto Dutta ','2026-03-17 04:14:51',NULL,NULL,0,0,0,0,'PTS'),(269,23,NULL,65,5,NULL,'TUTURQR','2026-03-16','REQUISIT NO.','2026-03-16','MO12345','2026-03-17',4,'Sudipto Dutta ','2026-03-17 04:24:27',NULL,NULL,0,0,0,0,'PTS'),(270,NULL,5,35,7,NULL,NULL,NULL,NULL,NULL,NULL,NULL,4,'Sudipto Dutta ','2026-03-17 18:20:27',NULL,NULL,0,0,0,0,'OPDEM'),(271,NULL,5,28,0,NULL,NULL,NULL,NULL,NULL,NULL,NULL,4,'Sudipto Dutta ','2026-03-17 20:21:13',NULL,NULL,0,0,0,0,'OPDEM'),(272,NULL,23,37,2,NULL,'TUTURQR','2026-03-17',NULL,NULL,NULL,NULL,4,'Sudipto Dutta ','2026-03-18 02:46:44',NULL,NULL,0,0,0,0,'OPDEM'),(273,NULL,5,30,2,NULL,'TUTURQR','2026-03-09','CXDBFDH','2026-03-17',NULL,NULL,4,'Sudipto Dutta ','2026-03-18 02:53:43',NULL,NULL,0,0,0,0,'OPDEM'),(274,NULL,38,80,80,'CGJY',NULL,NULL,NULL,NULL,NULL,NULL,4,'Sudipto Dutta ','2026-03-21 04:06:56',NULL,NULL,0,0,0,0,NULL),(275,10,NULL,102,2,'DSGTRUYI',NULL,NULL,NULL,NULL,NULL,NULL,4,'Sudipto Dutta ','2026-03-24 10:04:42',NULL,NULL,0,0,0,0,NULL),(276,10,NULL,104,2,'YUO880',NULL,NULL,NULL,NULL,NULL,NULL,4,'Sudipto Dutta ','2026-03-24 10:05:02',NULL,NULL,0,0,0,0,NULL),(277,10,NULL,106,2,'UU8U980',NULL,NULL,NULL,NULL,NULL,NULL,4,'Sudipto Dutta ','2026-03-24 10:05:43',NULL,NULL,0,0,0,0,NULL),(278,10,NULL,98,-8,NULL,NULL,NULL,NULL,NULL,NULL,NULL,4,'Sudipto Dutta ','2026-03-24 10:06:16',NULL,NULL,0,0,0,0,NULL),(279,14,NULL,45,5,'IYUOUIPUI',NULL,NULL,NULL,NULL,NULL,NULL,4,'Sudipto Dutta ','2026-03-24 10:06:48',NULL,NULL,0,0,0,0,NULL),(280,14,NULL,50,5,'PUU9II9I',NULL,NULL,NULL,NULL,NULL,NULL,4,'Sudipto Dutta ','2026-03-24 10:07:17',NULL,NULL,0,0,0,0,NULL),(281,14,NULL,40,-10,NULL,NULL,NULL,NULL,NULL,NULL,NULL,4,'Sudipto Dutta ','2026-03-24 10:07:43',NULL,NULL,0,0,0,0,NULL),(282,14,NULL,45,5,'TJTYJYTY',NULL,NULL,NULL,NULL,NULL,NULL,4,'Sudipto Dutta ','2026-03-24 10:08:01',NULL,NULL,0,0,0,0,NULL),(283,NULL,11,90,5,'56986869',NULL,NULL,NULL,NULL,NULL,NULL,4,'Sudipto Dutta ','2026-03-24 12:29:37',NULL,NULL,0,0,0,0,NULL),(284,NULL,11,85,-5,NULL,NULL,NULL,NULL,NULL,NULL,NULL,4,'Sudipto Dutta ','2026-03-24 12:29:53',NULL,NULL,0,0,0,0,NULL),(285,NULL,11,90,5,'YIUYOO8',NULL,NULL,NULL,NULL,NULL,NULL,4,'Sudipto Dutta ','2026-03-24 12:30:11',NULL,NULL,0,0,0,0,NULL),(286,NULL,11,95,5,'TUYTIYO',NULL,NULL,NULL,NULL,NULL,NULL,4,'Sudipto Dutta ','2026-03-24 12:30:34',NULL,NULL,0,0,0,0,NULL),(287,NULL,11,100,5,'FDNYJTY',NULL,NULL,NULL,NULL,NULL,NULL,4,'Sudipto Dutta ','2026-03-24 12:33:38',NULL,NULL,0,0,0,0,NULL),(288,NULL,11,80,-20,NULL,NULL,NULL,NULL,NULL,NULL,NULL,4,'Sudipto Dutta ','2026-03-24 12:34:13',NULL,NULL,0,0,0,0,NULL),(289,46,NULL,99,5,'FHTJYTU',NULL,NULL,NULL,NULL,NULL,NULL,4,'Sudipto Dutta ','2026-03-24 12:36:16',NULL,NULL,0,0,0,0,NULL),(290,54,NULL,35,4,'YU67679',NULL,NULL,NULL,NULL,NULL,NULL,4,'Sudipto Dutta ','2026-03-24 12:37:19',NULL,NULL,0,0,0,0,NULL),(291,54,NULL,40,5,'ZVDGHRD',NULL,NULL,NULL,NULL,NULL,NULL,4,'Sudipto Dutta ','2026-03-24 12:39:38',NULL,NULL,0,0,0,0,NULL),(292,46,NULL,104,0,NULL,NULL,NULL,NULL,NULL,NULL,NULL,4,'Sudipto Dutta ','2026-03-24 13:28:26',NULL,NULL,0,0,0,0,NULL),(293,46,NULL,109,0,NULL,NULL,NULL,NULL,NULL,NULL,NULL,4,'Sudipto Dutta ','2026-03-24 13:28:51',NULL,NULL,0,0,0,0,NULL),(294,NULL,40,30,0,NULL,NULL,NULL,NULL,NULL,NULL,NULL,4,'Sudipto Dutta ','2026-03-24 13:36:37',NULL,NULL,0,0,0,0,NULL),(295,NULL,40,35,0,NULL,NULL,NULL,NULL,NULL,NULL,NULL,4,'Sudipto Dutta ','2026-03-24 13:36:54',NULL,NULL,0,0,0,0,NULL),(296,NULL,40,35,0,NULL,NULL,NULL,NULL,NULL,NULL,NULL,4,'Sudipto Dutta ','2026-03-24 13:38:21',NULL,NULL,0,0,0,0,NULL),(297,NULL,40,40,0,NULL,NULL,NULL,NULL,NULL,NULL,NULL,4,'Sudipto Dutta ','2026-03-24 13:38:34',NULL,NULL,0,0,0,0,NULL),(298,NULL,40,45,0,NULL,NULL,NULL,NULL,NULL,NULL,NULL,4,'Sudipto Dutta ','2026-03-24 13:42:41',NULL,NULL,0,0,0,0,NULL),(299,NULL,40,50,0,NULL,NULL,NULL,NULL,NULL,NULL,NULL,4,'Sudipto Dutta ','2026-03-24 16:33:29',NULL,NULL,0,0,0,0,NULL),(300,NULL,40,35,0,NULL,NULL,NULL,NULL,NULL,NULL,NULL,4,'Sudipto Dutta ','2026-03-24 16:35:44',NULL,NULL,0,0,0,0,NULL),(301,NULL,5,30,0,NULL,NULL,NULL,NULL,NULL,NULL,NULL,4,'Sudipto Dutta ','2026-03-24 16:37:01',NULL,NULL,0,0,0,0,NULL),(302,NULL,5,35,0,NULL,NULL,NULL,NULL,NULL,NULL,NULL,4,'Sudipto Dutta ','2026-03-24 16:37:18',NULL,NULL,0,0,0,0,NULL),(303,NULL,5,35,0,NULL,NULL,NULL,NULL,NULL,NULL,NULL,4,'Sudipto Dutta ','2026-03-24 16:40:58',NULL,NULL,0,0,0,0,NULL),(304,NULL,5,30,0,NULL,NULL,NULL,NULL,NULL,NULL,NULL,4,'Sudipto Dutta ','2026-03-24 16:42:21',NULL,NULL,0,0,0,0,NULL),(305,NULL,5,40,0,NULL,NULL,NULL,NULL,NULL,NULL,NULL,4,'Sudipto Dutta ','2026-03-24 16:44:14',NULL,NULL,0,0,0,0,NULL),(306,NULL,40,45,0,NULL,NULL,NULL,NULL,NULL,NULL,NULL,4,'Sudipto Dutta ','2026-03-24 16:57:22',NULL,NULL,0,0,0,0,NULL),(307,NULL,40,50,0,NULL,NULL,NULL,NULL,NULL,NULL,NULL,4,'Sudipto Dutta ','2026-03-24 16:57:50',NULL,NULL,0,0,0,0,NULL),(308,NULL,40,40,0,NULL,NULL,NULL,NULL,NULL,NULL,NULL,4,'Sudipto Dutta ','2026-03-24 16:58:40',NULL,NULL,0,0,0,0,NULL),(309,NULL,40,32,0,NULL,NULL,NULL,NULL,NULL,NULL,NULL,4,'Sudipto Dutta ','2026-03-24 16:59:46',NULL,NULL,0,0,0,0,NULL),(310,NULL,5,35,0,NULL,NULL,NULL,NULL,NULL,NULL,NULL,4,'Sudipto Dutta ','2026-03-24 17:00:08',NULL,NULL,0,0,0,0,NULL),(311,NULL,5,30,0,NULL,NULL,NULL,NULL,NULL,NULL,NULL,4,'Sudipto Dutta ','2026-03-24 17:00:28',NULL,NULL,0,0,0,0,NULL),(312,NULL,5,30,0,NULL,NULL,NULL,NULL,NULL,NULL,NULL,4,'Sudipto Dutta ','2026-03-24 17:01:09',NULL,NULL,0,0,0,0,NULL),(313,NULL,5,35,0,NULL,NULL,NULL,NULL,NULL,NULL,NULL,4,'Sudipto Dutta ','2026-03-24 17:23:03',NULL,NULL,0,0,0,0,NULL),(314,NULL,5,35,0,NULL,NULL,NULL,NULL,NULL,NULL,NULL,4,'Sudipto Dutta ','2026-03-24 17:24:51',NULL,NULL,0,0,0,0,NULL),(315,NULL,5,40,0,NULL,NULL,NULL,NULL,NULL,NULL,NULL,4,'Sudipto Dutta ','2026-03-24 17:25:45',NULL,NULL,0,0,0,0,NULL),(316,NULL,5,45,0,NULL,NULL,NULL,NULL,NULL,NULL,NULL,4,'Sudipto Dutta ','2026-03-24 17:26:26',NULL,NULL,0,0,0,0,NULL),(317,NULL,5,50,0,NULL,NULL,NULL,NULL,NULL,NULL,NULL,4,'Sudipto Dutta ','2026-03-24 17:26:47',NULL,NULL,0,0,0,0,NULL),(318,NULL,41,94,0,NULL,NULL,NULL,NULL,NULL,NULL,NULL,4,'Sudipto Dutta ','2026-03-24 17:28:48',NULL,NULL,0,0,0,0,NULL),(319,NULL,41,99,0,NULL,NULL,NULL,NULL,NULL,NULL,NULL,4,'Sudipto Dutta ','2026-03-24 17:29:28',NULL,NULL,0,0,0,0,NULL),(320,NULL,41,99,0,NULL,NULL,NULL,NULL,NULL,NULL,NULL,4,'Sudipto Dutta ','2026-03-24 17:32:10',NULL,NULL,0,0,0,0,NULL),(321,NULL,5,50,0,NULL,NULL,NULL,NULL,NULL,NULL,NULL,4,'Sudipto Dutta ','2026-03-24 18:28:34',NULL,NULL,0,0,0,0,NULL),(322,NULL,41,100,0,NULL,NULL,NULL,NULL,NULL,NULL,NULL,4,'Sudipto Dutta ','2026-03-25 02:36:09',NULL,NULL,0,0,0,0,NULL),(323,NULL,41,90,0,NULL,NULL,NULL,NULL,NULL,NULL,NULL,4,'Sudipto Dutta ','2026-03-25 02:37:26',NULL,NULL,0,0,0,0,NULL),(324,NULL,41,95,0,NULL,NULL,NULL,NULL,NULL,NULL,NULL,4,'Sudipto Dutta ','2026-03-25 02:39:20',NULL,NULL,0,0,0,0,NULL),(325,NULL,23,30,0,NULL,NULL,NULL,NULL,NULL,NULL,NULL,4,'Sudipto Dutta ','2026-03-25 02:42:25',NULL,NULL,0,0,0,0,NULL),(326,NULL,22,22,0,NULL,NULL,NULL,NULL,NULL,NULL,NULL,4,'Sudipto Dutta ','2026-03-25 02:42:53',NULL,NULL,0,0,0,0,NULL),(327,NULL,23,35,0,NULL,NULL,NULL,NULL,NULL,NULL,NULL,4,'Sudipto Dutta ','2026-03-25 02:43:09',NULL,NULL,0,0,0,0,NULL),(328,NULL,22,27,0,NULL,NULL,NULL,NULL,NULL,NULL,NULL,4,'Sudipto Dutta ','2026-03-25 02:43:33',NULL,NULL,0,0,0,0,NULL),(329,NULL,23,25,0,NULL,NULL,NULL,NULL,NULL,NULL,NULL,4,'Sudipto Dutta ','2026-03-25 02:45:32',NULL,NULL,0,0,0,0,NULL),(330,NULL,22,20,0,NULL,NULL,NULL,NULL,NULL,NULL,NULL,4,'Sudipto Dutta ','2026-03-25 02:45:59',NULL,NULL,0,0,0,0,NULL),(331,NULL,22,25,0,NULL,NULL,NULL,NULL,NULL,NULL,NULL,4,'Sudipto Dutta ','2026-03-25 03:40:27',NULL,NULL,0,0,0,0,NULL),(332,NULL,22,30,0,NULL,NULL,NULL,NULL,NULL,NULL,NULL,4,'Sudipto Dutta ','2026-03-25 03:40:52',NULL,NULL,0,0,0,0,NULL),(333,NULL,22,35,0,NULL,NULL,NULL,NULL,NULL,NULL,NULL,4,'Sudipto Dutta ','2026-03-25 04:53:55',NULL,NULL,0,0,0,0,NULL),(334,NULL,22,37,0,NULL,NULL,NULL,NULL,NULL,NULL,NULL,4,'Sudipto Dutta ','2026-03-25 04:54:24',NULL,NULL,0,0,0,0,NULL),(335,NULL,11,95,0,NULL,NULL,NULL,NULL,NULL,NULL,NULL,4,'Sudipto Dutta ','2026-03-25 05:12:25',NULL,NULL,0,0,0,0,NULL),(336,NULL,5,55,0,NULL,NULL,NULL,NULL,NULL,NULL,NULL,4,'Sudipto Dutta ','2026-03-25 05:13:12',NULL,NULL,0,0,0,0,NULL),(337,NULL,5,60,0,NULL,NULL,NULL,NULL,NULL,NULL,NULL,4,'Sudipto Dutta ','2026-03-25 05:18:46',NULL,NULL,0,0,0,0,NULL),(338,NULL,21,35,0,NULL,NULL,NULL,NULL,NULL,NULL,NULL,4,'Sudipto Dutta ','2026-03-25 05:21:43',NULL,NULL,0,0,0,0,NULL),(339,NULL,23,26,0,NULL,NULL,NULL,NULL,NULL,NULL,NULL,4,'Sudipto Dutta ','2026-03-25 05:33:51',NULL,NULL,0,0,0,0,NULL),(340,NULL,23,29,0,NULL,NULL,NULL,NULL,NULL,NULL,NULL,4,'Sudipto Dutta ','2026-03-25 07:42:37',NULL,NULL,0,0,0,0,NULL),(341,NULL,22,40,0,NULL,NULL,NULL,NULL,NULL,NULL,NULL,4,'Sudipto Dutta ','2026-03-25 07:44:03',NULL,NULL,0,0,0,0,NULL),(342,54,NULL,45,0,NULL,NULL,NULL,NULL,NULL,NULL,NULL,4,'Sudipto Dutta ','2026-03-25 07:48:54',NULL,NULL,0,0,0,0,NULL),(343,54,NULL,55,0,NULL,NULL,NULL,NULL,NULL,NULL,NULL,4,'Sudipto Dutta ','2026-03-25 07:50:47',NULL,NULL,0,0,0,0,NULL),(344,46,NULL,115,0,NULL,NULL,NULL,NULL,NULL,NULL,NULL,4,'Sudipto Dutta ','2026-03-25 11:16:31',NULL,NULL,0,0,0,0,NULL),(345,46,NULL,110,0,NULL,NULL,NULL,NULL,NULL,NULL,NULL,4,'Sudipto Dutta ','2026-03-25 11:17:30',NULL,NULL,0,0,0,0,NULL),(346,46,NULL,108,0,NULL,NULL,NULL,NULL,NULL,NULL,NULL,4,'Sudipto Dutta ','2026-03-25 11:27:27',NULL,NULL,0,0,0,0,NULL),(347,NULL,40,37,0,NULL,NULL,NULL,NULL,NULL,NULL,NULL,4,'Sudipto Dutta ','2026-03-25 11:29:16',NULL,NULL,0,0,0,0,NULL),(348,27,NULL,35,0,NULL,NULL,NULL,NULL,NULL,NULL,NULL,4,'Sudipto Dutta ','2026-03-25 11:36:27',NULL,NULL,0,0,0,0,NULL),(349,NULL,11,98,0,NULL,NULL,NULL,NULL,NULL,NULL,NULL,4,'Sudipto Dutta ','2026-03-25 11:44:04',NULL,NULL,0,0,0,0,NULL),(350,NULL,11,99,0,NULL,NULL,NULL,NULL,NULL,NULL,NULL,4,'Sudipto Dutta ','2026-03-25 11:45:23',NULL,NULL,0,0,0,0,NULL),(351,NULL,11,98,0,NULL,NULL,NULL,NULL,NULL,NULL,NULL,4,'Sudipto Dutta ','2026-03-25 11:45:56',NULL,NULL,0,0,0,0,NULL),(352,NULL,11,102,0,NULL,NULL,NULL,NULL,NULL,NULL,NULL,4,'Sudipto Dutta ','2026-03-25 11:46:38',NULL,NULL,0,0,0,0,NULL),(353,NULL,5,60,0,NULL,NULL,NULL,NULL,NULL,NULL,NULL,4,'Sudipto Dutta ','2026-03-25 11:47:59',NULL,NULL,0,0,0,0,NULL),(354,NULL,7,31,0,NULL,NULL,NULL,NULL,NULL,NULL,NULL,4,'Sudipto Dutta ','2026-03-25 12:07:03',NULL,NULL,0,0,0,0,NULL),(355,NULL,7,31,0,NULL,NULL,NULL,NULL,NULL,NULL,NULL,4,'Sudipto Dutta ','2026-03-25 12:08:10',NULL,NULL,0,0,0,0,NULL),(356,46,NULL,100,0,NULL,NULL,NULL,NULL,NULL,NULL,NULL,4,'Sudipto Dutta ','2026-03-25 14:42:31',NULL,NULL,0,0,0,0,NULL),(357,46,NULL,98,0,NULL,NULL,NULL,NULL,NULL,NULL,NULL,4,'Sudipto Dutta ','2026-03-25 14:44:34',NULL,NULL,0,0,0,0,NULL),(358,46,NULL,98,0,NULL,NULL,NULL,NULL,NULL,NULL,NULL,4,'Sudipto Dutta ','2026-03-25 14:48:36',NULL,NULL,0,0,0,0,NULL),(359,NULL,40,37,0,NULL,NULL,NULL,NULL,NULL,NULL,NULL,4,'Sudipto Dutta ','2026-03-25 15:12:33',NULL,NULL,0,0,0,0,NULL),(360,NULL,20,27,0,NULL,NULL,NULL,NULL,NULL,NULL,NULL,4,'Sudipto Dutta ','2026-03-25 15:20:08',NULL,NULL,0,0,0,0,NULL),(361,NULL,11,104,0,NULL,NULL,NULL,NULL,NULL,NULL,NULL,4,'Sudipto Dutta ','2026-03-26 01:54:11',NULL,NULL,0,0,0,0,NULL),(362,NULL,11,106,0,NULL,NULL,NULL,NULL,NULL,NULL,NULL,4,'Sudipto Dutta ','2026-03-26 02:18:02',NULL,NULL,0,0,0,0,NULL),(363,NULL,21,37,0,NULL,NULL,NULL,NULL,NULL,NULL,NULL,4,'Sudipto Dutta ','2026-03-26 02:19:26',NULL,NULL,0,0,0,0,NULL),(364,NULL,5,75,0,NULL,NULL,NULL,NULL,NULL,NULL,NULL,4,'Sudipto Dutta ','2026-03-26 02:44:30',NULL,NULL,0,0,0,0,NULL),(365,NULL,23,34,0,NULL,NULL,NULL,NULL,NULL,NULL,NULL,4,'Sudipto Dutta ','2026-03-26 02:47:56',NULL,NULL,0,0,0,0,NULL),(366,61,NULL,37,0,NULL,NULL,NULL,NULL,NULL,NULL,NULL,4,'Sudipto Dutta ','2026-03-26 02:52:27',NULL,NULL,0,0,0,0,NULL),(367,61,NULL,40,0,NULL,NULL,NULL,NULL,NULL,NULL,NULL,4,'Sudipto Dutta ','2026-03-26 11:29:05',NULL,NULL,0,0,0,0,NULL),(368,NULL,42,10,0,NULL,NULL,NULL,NULL,NULL,NULL,NULL,4,'Sudipto Dutta ','2026-03-31 03:20:55',NULL,NULL,0,0,0,0,NULL),(369,NULL,43,10,0,NULL,NULL,NULL,NULL,NULL,NULL,NULL,4,'Sudipto Dutta ','2026-03-31 03:23:42',NULL,NULL,0,0,0,0,NULL),(370,NULL,45,5,0,NULL,NULL,NULL,NULL,NULL,NULL,NULL,4,'Sudipto Dutta ','2026-03-31 03:26:48',NULL,NULL,0,0,0,0,NULL),(371,NULL,45,5,0,NULL,NULL,NULL,NULL,NULL,NULL,NULL,4,'Sudipto Dutta ','2026-03-31 03:27:30',NULL,NULL,0,0,0,0,NULL),(372,NULL,46,20,0,NULL,NULL,NULL,NULL,NULL,NULL,NULL,4,'Sudipto Dutta ','2026-03-31 03:30:03',NULL,NULL,0,0,0,0,NULL),(373,NULL,47,10,0,NULL,NULL,NULL,NULL,NULL,NULL,NULL,4,'Sudipto Dutta ','2026-03-31 03:31:47',NULL,NULL,0,0,0,0,NULL),(374,NULL,49,20,0,NULL,NULL,NULL,NULL,NULL,NULL,NULL,4,'Sudipto Dutta ','2026-03-31 03:52:03',NULL,NULL,0,0,0,0,NULL),(375,NULL,50,10,0,NULL,NULL,NULL,NULL,NULL,NULL,NULL,4,'Sudipto Dutta ','2026-03-31 03:52:56',NULL,NULL,0,0,0,0,NULL),(376,NULL,50,10,0,NULL,NULL,NULL,NULL,NULL,NULL,NULL,4,'Sudipto Dutta ','2026-03-31 03:53:15',NULL,NULL,0,0,0,0,NULL),(377,NULL,50,15,0,NULL,NULL,NULL,NULL,NULL,NULL,NULL,4,'Sudipto Dutta ','2026-03-31 03:54:17',NULL,NULL,0,0,0,0,NULL),(378,NULL,51,10,0,NULL,NULL,NULL,NULL,NULL,NULL,NULL,4,'Sudipto Dutta ','2026-04-01 03:45:41',NULL,NULL,0,0,0,0,NULL),(379,NULL,51,12,0,NULL,NULL,NULL,NULL,NULL,NULL,NULL,4,'Sudipto Dutta ','2026-04-02 05:47:06',NULL,NULL,0,0,0,0,NULL),(380,NULL,52,20,0,NULL,NULL,NULL,NULL,NULL,NULL,NULL,4,'Sudipto Dutta ','2026-04-02 05:59:29',NULL,NULL,0,0,0,0,NULL),(381,NULL,52,20,0,NULL,NULL,NULL,NULL,NULL,NULL,NULL,4,'Sudipto Dutta ','2026-04-02 06:00:06',NULL,NULL,0,0,0,0,NULL),(382,NULL,52,20,0,NULL,NULL,NULL,NULL,NULL,NULL,NULL,4,'Sudipto Dutta ','2026-04-02 06:00:16',NULL,NULL,0,0,0,0,NULL),(383,NULL,53,7,0,NULL,NULL,NULL,NULL,NULL,NULL,NULL,4,'Sudipto Dutta ','2026-04-02 12:47:38',NULL,NULL,0,0,0,0,NULL),(384,NULL,54,11,0,NULL,NULL,NULL,NULL,NULL,NULL,NULL,4,'Sudipto Dutta ','2026-04-02 12:49:59',NULL,NULL,0,0,0,0,NULL),(385,NULL,54,11,0,NULL,NULL,NULL,NULL,NULL,NULL,NULL,4,'Sudipto Dutta ','2026-04-02 12:51:26',NULL,NULL,0,0,0,0,NULL),(386,NULL,54,11,0,NULL,NULL,NULL,NULL,NULL,NULL,NULL,4,'Sudipto Dutta ','2026-04-02 12:51:42',NULL,NULL,0,0,0,0,NULL),(387,NULL,55,2,0,NULL,NULL,NULL,NULL,NULL,NULL,NULL,4,'Sudipto Dutta ','2026-04-02 12:52:53',NULL,NULL,0,0,0,0,NULL),(388,NULL,55,2,0,NULL,NULL,NULL,NULL,NULL,NULL,NULL,4,'Sudipto Dutta ','2026-04-02 12:53:06',NULL,NULL,0,0,0,0,NULL),(389,NULL,55,2,0,NULL,NULL,NULL,NULL,NULL,NULL,NULL,4,'Sudipto Dutta ','2026-04-02 12:53:34',NULL,NULL,0,0,0,0,NULL),(390,NULL,55,2,0,NULL,NULL,NULL,NULL,NULL,NULL,NULL,4,'Sudipto Dutta ','2026-04-02 12:54:58',NULL,NULL,0,0,0,0,NULL),(391,NULL,55,2,0,NULL,NULL,NULL,NULL,NULL,NULL,NULL,4,'Sudipto Dutta ','2026-04-02 12:57:05',NULL,NULL,0,0,0,0,NULL),(392,NULL,55,2,0,NULL,NULL,NULL,NULL,NULL,NULL,NULL,4,'Sudipto Dutta ','2026-04-02 12:57:23',NULL,NULL,0,0,0,0,NULL),(393,NULL,55,2,0,NULL,NULL,NULL,NULL,NULL,NULL,NULL,4,'Sudipto Dutta ','2026-04-02 12:58:14',NULL,NULL,0,0,0,0,NULL),(394,NULL,55,2,0,NULL,NULL,NULL,NULL,NULL,NULL,NULL,4,'Sudipto Dutta ','2026-04-02 12:58:27',NULL,NULL,0,0,0,0,NULL),(395,NULL,55,2,0,NULL,NULL,NULL,NULL,NULL,NULL,NULL,4,'Sudipto Dutta ','2026-04-02 12:59:45',NULL,NULL,0,0,0,0,NULL),(396,NULL,17,37,0,NULL,NULL,NULL,NULL,NULL,NULL,NULL,4,'Sudipto Dutta ','2026-04-02 13:01:14',NULL,NULL,0,0,0,0,NULL),(397,101,NULL,10,0,NULL,NULL,NULL,NULL,NULL,NULL,NULL,4,'Sudipto Dutta ','2026-04-03 01:10:41',NULL,NULL,0,0,0,0,NULL),(398,101,NULL,10,0,NULL,NULL,NULL,NULL,NULL,NULL,NULL,4,'Sudipto Dutta ','2026-04-03 01:12:11',NULL,NULL,0,0,0,0,NULL),(399,101,NULL,10,0,NULL,NULL,NULL,NULL,NULL,NULL,NULL,4,'Sudipto Dutta ','2026-04-03 01:13:47',NULL,NULL,0,0,0,0,NULL),(400,103,NULL,10,0,NULL,NULL,NULL,NULL,NULL,NULL,NULL,4,'Sudipto Dutta ','2026-04-03 01:15:05',NULL,NULL,0,0,0,0,NULL),(401,103,NULL,15,0,NULL,NULL,NULL,NULL,NULL,NULL,NULL,4,'Sudipto Dutta ','2026-04-03 01:18:30',NULL,NULL,0,0,0,0,NULL),(402,104,NULL,5,0,NULL,NULL,NULL,NULL,NULL,NULL,NULL,4,'Sudipto Dutta ','2026-04-03 01:20:50',NULL,NULL,0,0,0,0,NULL),(403,104,NULL,5,0,NULL,NULL,NULL,NULL,NULL,NULL,NULL,4,'Sudipto Dutta ','2026-04-03 01:21:08',NULL,NULL,0,0,0,0,NULL),(404,104,NULL,5,0,NULL,NULL,NULL,NULL,NULL,NULL,NULL,4,'Sudipto Dutta ','2026-04-03 01:24:02',NULL,NULL,0,0,0,0,NULL),(405,104,NULL,5,0,NULL,NULL,NULL,NULL,NULL,NULL,NULL,4,'Sudipto Dutta ','2026-04-03 01:24:24',NULL,NULL,0,0,0,0,NULL),(406,104,NULL,5,0,NULL,NULL,NULL,NULL,NULL,NULL,NULL,4,'Sudipto Dutta ','2026-04-03 01:26:59',NULL,NULL,0,0,0,0,NULL),(407,107,NULL,10,10,NULL,NULL,NULL,NULL,NULL,NULL,NULL,4,'Sudipto Dutta ','2026-04-03 01:51:05',NULL,NULL,0,0,0,0,NULL),(408,107,NULL,20,20,NULL,NULL,NULL,NULL,NULL,NULL,NULL,4,'Sudipto Dutta ','2026-04-03 01:54:14',NULL,NULL,0,0,0,0,NULL),(409,107,NULL,20,20,NULL,NULL,NULL,NULL,NULL,NULL,NULL,4,'Sudipto Dutta ','2026-04-03 01:54:59',NULL,NULL,0,0,0,0,NULL),(410,107,NULL,20,20,NULL,NULL,NULL,NULL,NULL,NULL,NULL,4,'Sudipto Dutta ','2026-04-03 01:55:44',NULL,NULL,0,0,0,0,NULL),(411,108,NULL,5,5,NULL,NULL,NULL,NULL,NULL,NULL,NULL,4,'Sudipto Dutta ','2026-04-03 01:58:08',NULL,NULL,0,0,0,0,NULL),(412,108,NULL,5,5,NULL,NULL,NULL,NULL,NULL,NULL,NULL,4,'Sudipto Dutta ','2026-04-03 01:58:19',NULL,NULL,0,0,0,0,NULL),(413,109,NULL,5,5,NULL,NULL,NULL,NULL,NULL,NULL,NULL,4,'Sudipto Dutta ','2026-04-03 02:11:39',NULL,NULL,0,0,0,0,NULL),(414,109,NULL,5,5,NULL,NULL,NULL,NULL,NULL,NULL,NULL,4,'Sudipto Dutta ','2026-04-03 02:11:47',NULL,NULL,0,0,0,0,NULL),(415,NULL,56,5,5,NULL,NULL,NULL,NULL,NULL,NULL,NULL,4,'Sudipto Dutta ','2026-04-03 02:23:29',NULL,NULL,0,0,0,0,NULL),(416,NULL,56,8,8,NULL,NULL,NULL,NULL,NULL,NULL,NULL,4,'Sudipto Dutta ','2026-04-03 02:27:58',NULL,NULL,0,0,0,0,NULL),(417,NULL,57,5,5,NULL,NULL,NULL,NULL,NULL,NULL,NULL,4,'Sudipto Dutta ','2026-04-03 02:34:08',NULL,NULL,0,0,0,0,NULL),(418,NULL,57,10,10,NULL,NULL,NULL,NULL,NULL,NULL,NULL,4,'Sudipto Dutta ','2026-04-03 02:34:55',NULL,NULL,0,0,0,0,NULL),(419,NULL,57,10,10,NULL,NULL,NULL,NULL,NULL,NULL,NULL,4,'Sudipto Dutta ','2026-04-03 02:48:24',NULL,NULL,0,0,0,0,NULL),(420,NULL,57,10,10,NULL,NULL,NULL,NULL,NULL,NULL,NULL,4,'Sudipto Dutta ','2026-04-03 02:48:47',NULL,NULL,0,0,0,0,NULL),(421,110,NULL,5,5,NULL,NULL,NULL,NULL,NULL,NULL,NULL,4,'Sudipto Dutta ','2026-04-03 06:27:37',NULL,NULL,0,0,0,0,NULL),(422,110,NULL,10,10,NULL,NULL,NULL,NULL,NULL,NULL,NULL,4,'Sudipto Dutta ','2026-04-03 06:29:41',NULL,NULL,0,0,0,0,NULL),(423,110,NULL,15,15,NULL,NULL,NULL,NULL,NULL,NULL,NULL,4,'Sudipto Dutta ','2026-04-03 06:33:21',NULL,NULL,0,0,0,0,NULL),(424,111,NULL,14,14,NULL,NULL,NULL,NULL,NULL,NULL,NULL,4,'Sudipto Dutta ','2026-04-04 15:29:53',NULL,NULL,0,0,0,0,NULL),(425,111,NULL,14,14,NULL,NULL,NULL,NULL,NULL,NULL,NULL,4,'Sudipto Dutta ','2026-04-04 15:30:19',NULL,NULL,0,0,0,0,NULL),(426,109,NULL,5,5,NULL,NULL,NULL,NULL,NULL,NULL,NULL,4,'Sudipto Dutta ','2026-04-14 04:43:39',NULL,NULL,0,0,0,0,NULL),(427,109,NULL,5,5,NULL,NULL,NULL,NULL,NULL,NULL,NULL,4,'Sudipto Dutta ','2026-04-14 04:43:52',NULL,NULL,0,0,0,0,NULL),(428,109,NULL,5,5,NULL,NULL,NULL,NULL,NULL,NULL,NULL,4,'Sudipto Dutta ','2026-04-14 04:44:00',NULL,NULL,0,0,0,0,NULL),(429,109,NULL,5,5,NULL,NULL,NULL,NULL,NULL,NULL,NULL,4,'Sudipto Dutta ','2026-04-14 04:44:06',NULL,NULL,0,0,0,0,NULL),(430,109,NULL,5,5,NULL,NULL,NULL,NULL,NULL,NULL,NULL,4,'Sudipto Dutta ','2026-04-15 11:12:46',NULL,NULL,0,0,0,0,NULL),(431,NULL,56,8,8,NULL,NULL,NULL,NULL,NULL,NULL,NULL,4,'Sudipto Dutta ','2026-04-15 11:21:18',NULL,NULL,0,0,0,0,NULL),(432,NULL,57,10,10,NULL,NULL,NULL,NULL,NULL,NULL,NULL,4,'Sudipto Dutta ','2026-04-15 11:21:36',NULL,NULL,0,0,0,0,NULL),(433,NULL,38,80,80,NULL,NULL,NULL,NULL,NULL,NULL,NULL,4,'Sudipto Dutta ','2026-04-15 11:21:45',NULL,NULL,0,0,0,0,NULL),(434,65,NULL,35,35,NULL,NULL,NULL,NULL,NULL,NULL,NULL,4,'Sudipto Dutta ','2026-04-15 11:46:40',NULL,NULL,0,0,0,0,NULL),(435,111,NULL,14,14,NULL,NULL,NULL,NULL,NULL,NULL,NULL,4,'Sudipto Dutta ','2026-04-15 11:47:10',NULL,NULL,0,0,0,0,NULL),(436,65,NULL,35,35,NULL,NULL,NULL,NULL,NULL,NULL,NULL,4,'Sudipto Dutta ','2026-04-15 11:47:45',NULL,NULL,0,0,0,0,NULL),(437,65,NULL,35,35,NULL,NULL,NULL,NULL,NULL,NULL,NULL,4,'Sudipto Dutta ','2026-04-15 11:47:59',NULL,NULL,0,0,0,0,NULL),(438,NULL,38,80,80,NULL,NULL,NULL,NULL,NULL,NULL,NULL,4,'Sudipto Dutta ','2026-04-15 12:07:45',NULL,NULL,0,0,0,0,NULL),(439,109,NULL,5,5,NULL,NULL,NULL,NULL,NULL,NULL,NULL,4,'Sudipto Dutta ','2026-04-15 12:43:31',NULL,NULL,0,0,0,0,NULL),(440,NULL,17,37,37,NULL,NULL,NULL,NULL,NULL,NULL,NULL,4,'Sudipto Dutta ','2026-04-22 14:04:30',NULL,NULL,0,0,0,0,NULL),(441,17,NULL,50,50,NULL,NULL,NULL,NULL,NULL,NULL,NULL,4,'Sudipto Dutta ','2026-04-22 14:05:48',NULL,NULL,0,0,0,0,NULL),(442,110,NULL,15,15,NULL,NULL,NULL,NULL,NULL,NULL,NULL,4,'Sudipto Dutta ','2026-04-22 14:06:14',NULL,NULL,0,0,0,0,NULL),(443,109,NULL,5,5,NULL,NULL,NULL,NULL,NULL,NULL,NULL,4,'Sudipto Dutta ','2026-04-22 14:06:49',NULL,NULL,0,0,0,0,NULL),(444,109,NULL,5,5,NULL,'TUTURQR','2026-04-29','REQUISIT NO.','2026-04-28',NULL,NULL,4,'Sudipto Dutta ','2026-04-22 14:06:57',NULL,NULL,0,0,0,0,NULL),(445,54,NULL,58,3,NULL,'TUTURQR','2026-04-23','BSDBD','2026-04-24','BFDBFD8886','2026-04-28',4,'Sudipto Dutta ','2026-04-24 04:07:44',NULL,NULL,0,0,0,0,'PTS'),(446,107,NULL,24,24,NULL,NULL,NULL,NULL,NULL,NULL,NULL,4,'Sudipto Dutta ','2026-04-24 05:20:37',NULL,NULL,0,0,0,0,NULL),(447,46,NULL,98,98,NULL,NULL,NULL,NULL,NULL,NULL,NULL,4,'Sudipto Dutta ','2026-04-26 01:36:04',NULL,NULL,0,0,0,0,NULL),(448,NULL,56,8,8,NULL,NULL,NULL,NULL,NULL,NULL,NULL,4,'Sudipto Dutta ','2026-04-26 01:37:55',NULL,NULL,0,0,0,0,NULL),(449,NULL,56,8,8,NULL,NULL,NULL,NULL,NULL,NULL,NULL,4,'Sudipto Dutta ','2026-04-26 01:39:42',NULL,NULL,0,0,0,0,NULL),(450,NULL,56,8,8,NULL,NULL,NULL,NULL,NULL,NULL,NULL,4,'Sudipto Dutta ','2026-04-26 01:40:51',NULL,NULL,0,0,0,0,NULL),(451,109,NULL,5,5,NULL,NULL,NULL,NULL,NULL,NULL,NULL,4,'Sudipto Dutta ','2026-04-26 01:51:06',NULL,NULL,0,0,0,0,NULL),(452,109,NULL,5,5,NULL,NULL,NULL,NULL,NULL,NULL,NULL,4,'Sudipto Dutta ','2026-04-26 01:56:42',NULL,NULL,0,0,0,0,NULL),(453,114,NULL,50,50,NULL,NULL,NULL,NULL,NULL,NULL,NULL,4,'Sudipto Dutta ','2026-04-26 02:10:09',NULL,NULL,0,0,0,0,NULL),(454,109,NULL,5,5,NULL,NULL,NULL,NULL,NULL,NULL,NULL,4,'Sudipto Dutta ','2026-04-26 02:15:36',NULL,NULL,0,0,0,0,NULL),(455,108,NULL,5,5,NULL,NULL,NULL,NULL,NULL,NULL,NULL,4,'Sudipto Dutta ','2026-04-26 02:15:55',NULL,NULL,0,0,0,0,NULL),(456,107,NULL,24,24,NULL,NULL,NULL,NULL,NULL,NULL,NULL,4,'Sudipto Dutta ','2026-04-26 02:16:07',NULL,NULL,0,0,0,0,NULL),(457,NULL,56,8,8,NULL,NULL,NULL,NULL,NULL,NULL,NULL,4,'Sudipto Dutta ','2026-04-26 02:21:48',NULL,NULL,0,0,0,0,NULL),(458,109,NULL,5,5,NULL,NULL,NULL,NULL,NULL,NULL,NULL,4,'Sudipto Dutta ','2026-04-26 02:51:53',NULL,NULL,0,0,0,0,NULL),(459,46,NULL,98,98,NULL,NULL,NULL,NULL,NULL,NULL,NULL,4,'Sudipto Dutta ','2026-04-26 19:27:27',NULL,NULL,0,0,0,0,NULL),(460,46,NULL,98,98,NULL,NULL,NULL,NULL,NULL,NULL,NULL,4,'Sudipto Dutta ','2026-04-26 19:27:37',NULL,NULL,0,0,0,0,NULL),(461,46,NULL,98,98,NULL,NULL,NULL,NULL,NULL,NULL,NULL,4,'Sudipto Dutta ','2026-04-26 19:31:08',NULL,NULL,0,0,0,0,NULL),(462,46,NULL,98,98,NULL,NULL,NULL,NULL,NULL,NULL,NULL,4,'Sudipto Dutta ','2026-04-26 19:33:57',NULL,NULL,0,0,0,0,NULL),(463,46,NULL,98,98,NULL,NULL,NULL,NULL,NULL,NULL,NULL,4,'Sudipto Dutta ','2026-04-26 19:34:06',NULL,NULL,0,0,0,0,NULL),(464,46,NULL,98,98,NULL,NULL,NULL,NULL,NULL,NULL,NULL,4,'Sudipto Dutta ','2026-04-26 19:34:29',NULL,NULL,0,0,0,0,NULL),(465,46,NULL,98,98,NULL,NULL,NULL,NULL,NULL,NULL,NULL,4,'Sudipto Dutta ','2026-04-26 19:56:45',NULL,NULL,0,0,0,0,NULL),(466,46,NULL,98,98,NULL,NULL,NULL,NULL,NULL,NULL,NULL,4,'Sudipto Dutta ','2026-04-26 20:13:14',NULL,NULL,0,0,0,0,NULL),(467,46,NULL,98,98,NULL,NULL,NULL,NULL,NULL,NULL,NULL,4,'Sudipto Dutta ','2026-04-26 20:34:17',NULL,NULL,0,0,0,0,NULL),(468,46,NULL,98,98,NULL,NULL,NULL,NULL,NULL,NULL,NULL,4,'Sudipto Dutta ','2026-04-26 20:36:29',NULL,NULL,0,0,0,0,NULL),(469,46,NULL,98,98,NULL,NULL,NULL,NULL,NULL,NULL,NULL,4,'Sudipto Dutta ','2026-04-26 20:37:55',NULL,NULL,0,0,0,0,NULL);
/*!40000 ALTER TABLE `special_demand` ENABLE KEYS */;
UNLOCK TABLES;

--
-- Table structure for table `stock_update`
--

DROP TABLE IF EXISTS `stock_update`;
/*!40101 SET @saved_cs_client     = @@character_set_client */;
/*!50503 SET character_set_client = utf8mb4 */;
CREATE TABLE `stock_update` (
  `id` int NOT NULL AUTO_INCREMENT,
  `spare_id` int DEFAULT NULL,
  `tool_id` int DEFAULT NULL,
  `box_no` json DEFAULT NULL,
  `stocked_in_qty` int NOT NULL,
  `mo_no` varchar(25) DEFAULT NULL,
  `mo_date` date DEFAULT NULL,
  `issue_date` date NOT NULL,
  `return_date` date DEFAULT NULL,
  `qty_received` int NOT NULL DEFAULT '0',
  `created_by` int NOT NULL,
  `created_at` datetime DEFAULT CURRENT_TIMESTAMP,
  `approved_by` int DEFAULT NULL,
  `approved_at` datetime DEFAULT NULL,
  `status` varchar(20) DEFAULT 'pending',
  `issued_id` int DEFAULT NULL,
  `transaction_id` varchar(50) DEFAULT NULL,
  PRIMARY KEY (`id`),
  KEY `fk_stock_update_spare` (`spare_id`),
  KEY `fk_stock_update_tool` (`tool_id`),
  KEY `fk_stock_update_created_by` (`created_by`),
  KEY `fk_stock_update_approved_by` (`approved_by`),
  CONSTRAINT `fk_stock_update_approved_by` FOREIGN KEY (`approved_by`) REFERENCES `users` (`id`) ON DELETE SET NULL ON UPDATE CASCADE,
  CONSTRAINT `fk_stock_update_created_by` FOREIGN KEY (`created_by`) REFERENCES `users` (`id`) ON DELETE RESTRICT ON UPDATE CASCADE,
  CONSTRAINT `fk_stock_update_spare` FOREIGN KEY (`spare_id`) REFERENCES `spares` (`id`) ON DELETE SET NULL ON UPDATE CASCADE,
  CONSTRAINT `fk_stock_update_tool` FOREIGN KEY (`tool_id`) REFERENCES `tools` (`id`) ON DELETE SET NULL ON UPDATE CASCADE
) ENGINE=InnoDB AUTO_INCREMENT=49 DEFAULT CHARSET=utf8mb4 COLLATE=utf8mb4_0900_ai_ci;
/*!40101 SET character_set_client = @saved_cs_client */;

--
-- Dumping data for table `stock_update`
--

LOCK TABLES `stock_update` WRITE;
/*!40000 ALTER TABLE `stock_update` DISABLE KEYS */;
INSERT INTO `stock_update` VALUES (9,2,NULL,'[{\"no\": \"Rabc01\", \"qn\": \"20\", \"qtyHeld\": 47, \"location\": \"new location 2026\"}, {\"no\": \"R0123\", \"qn\": \"23\", \"qtyHeld\": 18, \"location\": \"RACK-C\"}, {\"no\": \"R004\", \"qn\": \"2\", \"qtyHeld\": 8, \"location\": \"RACK-B\"}]',3,'MO225','2026-02-10','2026-02-10','2026-02-10',3,2,'2026-02-10 16:41:22',2,'2026-02-10 22:35:14','complete',NULL,NULL),(10,2,NULL,'[{\"no\": \"Rabc01\", \"qn\": \"20\", \"qtyHeld\": 53, \"location\": \"new location 2026\"}, {\"no\": \"R0123\", \"qn\": \"23\", \"qtyHeld\": 18, \"location\": \"RACK-C\"}, {\"no\": \"R004\", \"qn\": \"2\", \"qtyHeld\": 8, \"location\": \"RACK-B\"}]',2,'MO000','2026-02-10','2026-02-10','2026-02-10',2,2,'2026-02-10 22:41:48',2,'2026-02-10 22:44:14','complete',NULL,NULL),(11,2,NULL,'[{\"no\": \"Rabc01\", \"qn\": \"20\", \"qtyHeld\": 64, \"location\": \"new location 2026\"}, {\"no\": \"R0123\", \"qn\": \"23\", \"qtyHeld\": 18, \"location\": \"RACK-C\"}, {\"no\": \"R004\", \"qn\": \"2\", \"qtyHeld\": 8, \"location\": \"RACK-B\"}]',1,'Mo125','2026-02-11','2026-02-10','2026-02-11',1,2,'2026-02-11 00:51:10',2,'2026-02-11 15:45:13','complete',149,NULL),(12,2,NULL,'[{\"no\": \"Rabc01\", \"qn\": \"20\", \"qtyHeld\": 63, \"location\": \"new location 2026\"}, {\"no\": \"R0123\", \"qn\": \"23\", \"qtyHeld\": 18, \"location\": \"RACK-C\"}, {\"no\": \"R004\", \"qn\": \"2\", \"qtyHeld\": 8, \"location\": \"RACK-B\"}]',1,'MO228','2026-02-11','2026-02-10','2026-02-11',1,2,'2026-02-11 07:45:36',2,'2026-02-11 15:44:57','complete',149,NULL),(13,23,NULL,'[{\"no\": \"R001\", \"qn\": \"29\", \"qtyHeld\": 29, \"location\": \"RACK-A\"}, {\"no\": \"R002\", \"qn\": \"30\", \"qtyHeld\": 5, \"location\": \"FWD SPTA\"}]',2,'MO1000','2026-02-11','2026-02-11','2026-02-12',2,2,'2026-02-11 08:29:29',2,'2026-02-12 00:11:51','complete',153,NULL),(14,23,NULL,'[{\"no\": \"R001\", \"qn\": \"25\", \"qtyHeld\": 21, \"location\": \"RACK-A\"}, {\"no\": \"R002\", \"qn\": \"25\", \"qtyHeld\": 2, \"location\": \"FWD SPTA\"}]',2,'MO0000','2026-02-11','2026-02-11','2026-02-11',2,2,'2026-02-11 17:20:04',2,'2026-02-11 17:20:49','complete',154,NULL),(15,23,NULL,'[{\"no\": \"R001\", \"qn\": \"25\", \"qtyHeld\": 10, \"location\": \"RACK-A\"}, {\"no\": \"R002\", \"qn\": \"25\", \"qtyHeld\": 5, \"location\": \"FWD SPTA\"}]',2,'MO001','2026-02-11','2026-02-11','2026-02-11',2,2,'2026-02-11 17:39:07',2,'2026-02-11 17:39:40','complete',157,NULL),(16,23,NULL,'[{\"no\": \"R001\", \"qn\": \"29\", \"qtyHeld\": 28, \"location\": \"RACK-A\"}, {\"no\": \"R002\", \"qn\": \"30\", \"qtyHeld\": 5, \"location\": \"FWD SPTA\"}]',3,'MO255','2026-02-12','2026-02-12','2026-02-12',3,2,'2026-02-12 00:11:05',2,'2026-02-12 00:11:30','complete',158,NULL),(17,23,NULL,'[{\"no\": \"R001\", \"qn\": \"34\", \"qtyHeld\": 20, \"location\": \"RACK-A\"}, {\"no\": \"R002\", \"qn\": \"30\", \"qtyHeld\": 10, \"location\": \"FWD SPTA\"}]',2,'MO001','2026-02-12','2026-02-12','2026-02-12',2,2,'2026-02-12 00:32:08',2,'2026-02-12 00:32:47','complete',159,NULL),(18,NULL,5,'[{\"no\": \"R001\", \"qn\": \"40\", \"baseQn\": 30, \"qnMain\": 25, \"qtyHeld\": 14, \"location\": \"Reserved Room1\", \"incDecQty\": \"\", \"baseMaintainedQty\": 25}]',3,'MO1002','2026-02-18','2026-02-12','2026-03-06',1,2,'2026-02-12 14:08:45',2,'2026-03-06 18:09:37','partial',160,NULL),(19,NULL,5,'[{\"no\": \"R001\", \"qn\": \"40\", \"baseQn\": 30, \"qnMain\": 25, \"qtyHeld\": 13, \"location\": \"Reserved Room1\", \"incDecQty\": \"\", \"baseMaintainedQty\": 25}]',2,'MO1002','2026-02-18','2026-02-12','2026-03-03',2,2,'2026-02-12 14:08:58',4,'2026-03-03 18:10:28','complete',160,NULL),(20,23,NULL,'[{\"no\": \"R001\", \"qn\": 30, \"baseQn\": 30, \"qtyHeld\": 24, \"location\": \"Reserved Room1\", \"incDecQty\": \"\"}, {\"no\": \"R002\", \"qn\": 30, \"baseQn\": 30, \"qtyHeld\": 12, \"location\": \"FWD SPTA\", \"incDecQty\": \"\"}]',5,'Mo005','2026-02-16','2026-02-11','2026-02-16',5,2,'2026-02-16 11:30:56',2,'2026-02-16 11:31:09','complete',155,NULL),(21,2,NULL,NULL,1,'MO121','2026-02-16','2026-02-10',NULL,0,2,'2026-02-16 14:54:18',NULL,NULL,'pending',148,NULL),(22,2,NULL,'[{\"no\": \"001\", \"qn\": 25, \"baseQn\": 20, \"qnMain\": 30, \"qtyHeld\": 38, \"location\": \"AER Workshop\", \"incDecQty\": \"5\", \"baseMaintainedQty\": 25}, {\"no\": \"002\", \"qn\": 25, \"baseQn\": 20, \"qnMain\": 30, \"qtyHeld\": 2, \"location\": \"FWD SPTA\", \"incDecQty\": \"5\", \"baseMaintainedQty\": 25}]',2,'MO256','2026-02-27','2026-02-25','2026-03-03',2,2,'2026-02-25 11:10:56',4,'2026-03-03 18:05:45','complete',189,NULL),(23,NULL,NULL,'[{\"no\": \"001\", \"qn\": 50, \"baseQn\": 35, \"qnMain\": 35, \"qtyHeld\": 19, \"location\": \"turex\", \"incDecQty\": \"15\", \"baseMaintainedQty\": 35}]',1,'MO955','2026-02-25','2026-02-04','2026-03-03',1,2,'2026-02-25 12:06:31',4,'2026-03-03 17:23:50','complete',190,NULL),(24,23,NULL,'[{\"no\": \"R001\", \"qn\": 37, \"baseQn\": 34, \"qnMain\": 40, \"qtyHeld\": 6, \"location\": \"Reserved Room1\", \"incDecQty\": \"3\", \"baseMaintainedQty\": 37}, {\"no\": \"R002\", \"qn\": 28, \"baseQn\": 26, \"qnMain\": 24, \"qtyHeld\": 5, \"location\": \"FWD SPTA\", \"incDecQty\": \"2\", \"baseMaintainedQty\": 22}]',1,'MO955','2026-02-25','2026-02-27','2026-02-28',1,2,'2026-02-25 12:35:43',4,'2026-02-28 17:34:44','complete',192,NULL),(26,60,NULL,'[{\"no\": \"R00126\", \"qn\": 12, \"baseQn\": 12, \"qnMain\": 17, \"qtyHeld\": 12, \"location\": \"FWD SPTA\", \"incDecQty\": \"\", \"baseMaintainedQty\": 17}, {\"no\": \"R0253\", \"qn\": 18, \"baseQn\": 18, \"qnMain\": 18, \"qtyHeld\": 15, \"location\": \"RACK-A\", \"incDecQty\": \"\", \"baseMaintainedQty\": 18}]',2,'MO_14_58 25_2026','2026-02-25','2026-02-12','2026-02-25',2,2,'2026-02-25 15:11:33',2,'2026-02-25 15:11:55','complete',193,NULL),(27,NULL,21,'[{\"no\": \"001\", \"qn\": 12, \"baseQn\": 12, \"qnMain\": 12, \"qtyHeld\": 14, \"location\": \"FWD SPTA\", \"incDecQty\": \"\", \"baseMaintainedQty\": 12}, {\"no\": \"002\", \"qn\": 18, \"baseQn\": 18, \"qnMain\": 18, \"qtyHeld\": 8, \"location\": \"AER Workshop\", \"incDecQty\": \"\", \"baseMaintainedQty\": 18}]',2,'MO 3rd march','2026-03-03','2026-02-21','2026-03-03',2,2,'2026-03-03 18:08:40',4,'2026-03-03 18:09:47','complete',196,NULL),(28,NULL,21,'[{\"no\": \"001\", \"qn\": 12, \"baseQn\": 12, \"qnMain\": 12, \"qtyHeld\": 14, \"location\": \"FWD SPTA\", \"incDecQty\": \"\", \"baseMaintainedQty\": 12}, {\"no\": \"002\", \"qn\": 18, \"baseQn\": 18, \"qnMain\": 18, \"qtyHeld\": 9, \"location\": \"AER Workshop\", \"incDecQty\": \"\", \"baseMaintainedQty\": 18}]',1,'mo 4th march 2','2026-03-04','2026-02-21','2026-03-04',1,2,'2026-03-04 08:01:18',2,'2026-03-04 08:01:40','complete',196,'SD-1772108090799'),(29,46,NULL,'[{\"no\": \"001\", \"qn\": 89, \"baseQn\": 87, \"qnMain\": 94, \"qtyHeld\": 38, \"location\": \"Reserved Room1\", \"incDecQty\": \"2\", \"maintainedQty\": \"\", \"baseMaintainedQty\": 92}]',1,'5555','2026-03-04','2026-03-04','2026-03-04',1,2,'2026-03-04 08:12:37',2,'2026-03-04 08:13:40','complete',202,'PI-1772592113614'),(30,2,NULL,NULL,2,'MO100','2026-03-06','2026-02-16',NULL,0,2,'2026-03-06 18:15:23',NULL,NULL,'reversed',164,'TMP-1769773933369'),(31,27,NULL,NULL,1,'MO889','2026-03-08','2026-03-04',NULL,0,2,'2026-03-08 10:27:33',NULL,NULL,'reversed',203,'SD-1772592454787'),(32,61,NULL,'[{\"no\": \"R200\", \"qn\": 20, \"baseQn\": 17, \"qnMain\": 20, \"qtyHeld\": \"10\", \"location\": \"FWD SPTA\", \"incDecQty\": \"3\", \"baseMaintainedQty\": 17}, {\"no\": \"R255\", \"qn\": 22, \"baseQn\": 18, \"qnMain\": 22, \"qtyHeld\": \"10\", \"location\": \"AER Workshop\", \"incDecQty\": \"4\", \"baseMaintainedQty\": 18}]',1,NULL,NULL,'2026-03-09',NULL,0,4,'2026-03-09 10:00:05',NULL,NULL,'pending',NULL,'PI-1772690185872'),(33,NULL,7,'[{\"no\": \"R001\", \"qn\": \"15\", \"qnMain\": \"10\", \"qtyHeld\": \"10\", \"location\": \"FWD SPTA\"}, {\"no\": \"R002\", \"qn\": \"15\", \"qnMain\": \"10\", \"qtyHeld\": \"10\", \"location\": \"AER Workshop\"}]',2,NULL,NULL,'2026-03-09',NULL,0,4,'2026-03-09 10:12:00',NULL,NULL,'pending',NULL,'PI1772082122183'),(34,NULL,7,'[{\"no\": \"R001\", \"qn\": \"15\", \"qnMain\": \"10\", \"qtyHeld\": 9, \"location\": \"FWD SPTA\"}, {\"no\": \"R002\", \"qn\": \"15\", \"qnMain\": \"10\", \"qtyHeld\": 9, \"location\": \"AER Workshop\"}]',2,NULL,NULL,'2026-03-09','2026-03-09',2,4,'2026-03-09 10:26:59',4,'2026-03-09 10:28:09','complete',NULL,'PI-1773031422383'),(35,46,NULL,'[{\"no\": \"001\", \"qn\": 89, \"baseQn\": 87, \"qnMain\": 94, \"qtyHeld\": 45, \"location\": \"Reserved Room1\", \"incDecQty\": \"2\", \"maintainedQty\": \"\", \"baseMaintainedQty\": 92}]',2,NULL,NULL,'2026-03-10','2026-03-10',2,4,'2026-03-10 10:47:04',4,'2026-03-10 10:47:41','complete',NULL,'PI1772084831857'),(36,46,NULL,'[{\"no\": \"001\", \"qn\": 89, \"baseQn\": 87, \"qnMain\": 94, \"qtyHeld\": 45, \"location\": \"Reserved Room1\", \"incDecQty\": \"2\", \"maintainedQty\": \"\", \"baseMaintainedQty\": 92}]',1,NULL,NULL,'2026-03-11','2026-03-11',1,4,'2026-03-11 10:16:31',4,'2026-03-11 10:20:05','complete',NULL,'PI-1773204298583'),(37,62,NULL,NULL,2,'MO2568','2026-03-12','2026-03-10',NULL,0,4,'2026-03-12 15:33:49',NULL,NULL,'reversed',207,'SD-1773128028054'),(38,61,NULL,NULL,1,'MO9856','2026-03-12','2026-03-08',NULL,0,4,'2026-03-12 15:34:52',NULL,NULL,'reversed',204,'PI-1772690185872'),(39,46,NULL,'[]',1,NULL,NULL,'2026-03-13',NULL,0,4,'2026-03-13 00:09:28',NULL,NULL,'pending',NULL,'ADD_SUR-1773340746229'),(40,NULL,8,NULL,2,'MO256','2026-03-17','2026-03-15',NULL,0,4,'2026-03-17 09:06:19',NULL,NULL,'pending',220,'SD-264'),(41,62,NULL,'[{\"no\": \"R001\", \"qn\": 35, \"baseQn\": 35, \"qnMain\": 35, \"qtyHeld\": 26, \"location\": \"FWD SPTA\", \"incDecQty\": \"\", \"baseMaintainedQty\": 35}]',1,'MO1896','2026-03-17','2026-03-16','2026-03-17',1,4,'2026-03-17 09:12:12',4,'2026-03-17 09:12:26','complete',222,'SD-267'),(42,61,NULL,'[{\"no\": \"R200\", \"qn\": 20, \"baseQn\": 17, \"qnMain\": 20, \"qtyHeld\": 10, \"location\": \"FWD SPTA\", \"incDecQty\": \"3\", \"baseMaintainedQty\": 17}, {\"no\": \"R255\", \"qn\": 22, \"baseQn\": 18, \"qnMain\": 22, \"qtyHeld\": 17, \"location\": \"AER Workshop\", \"incDecQty\": \"4\", \"baseMaintainedQty\": 18}]',1,'MO123','2026-03-17','2026-03-03','2026-03-17',1,4,'2026-03-17 09:45:58',4,'2026-03-17 09:47:29','complete',223,'SD-268'),(43,23,NULL,'[{\"no\": \"R001\", \"qn\": \"32\", \"baseQn\": 34, \"qnMain\": 40, \"qtyHeld\": 14, \"location\": \"Reserved Room1\", \"incDecQty\": \"3\", \"baseMaintainedQty\": 37}, {\"no\": \"R002\", \"qn\": 28, \"baseQn\": 26, \"qnMain\": \"14\", \"qtyHeld\": 18, \"location\": \"FWD SPTA\", \"incDecQty\": \"2\", \"baseMaintainedQty\": 22}]',2,'MO12345','2026-03-17','2026-03-16','2026-03-17',2,4,'2026-03-17 09:56:10',4,'2026-03-17 09:56:26','complete',224,'SD-269'),(44,2,NULL,NULL,1,'MO12546','2026-03-18','2026-02-10',NULL,0,2,'2026-03-18 01:11:53',NULL,NULL,'pending',149,'TMP-1769773933369'),(45,NULL,8,NULL,2,'MO 18TH MARCH','2026-03-18','2026-03-15',NULL,0,4,'2026-03-18 01:12:35',NULL,NULL,'pending',220,'SD-264'),(46,46,NULL,'[{\"no\": \"001\", \"qn\": 98, \"baseQn\": 92, \"qnMain\": 151, \"qtyHeld\": 41, \"location\": \"Reserved Room1\", \"incDecQty\": \"6\", \"maintainedQty\": \"\", \"baseMaintainedQty\": 145}]',1,NULL,NULL,'2026-04-04','2026-04-04',1,4,'2026-04-04 22:12:21',4,'2026-04-04 22:14:11','complete',NULL,'PI1774868203628'),(47,54,NULL,NULL,3,'MOFREG','2026-04-24','2026-04-23',NULL,0,4,'2026-04-24 20:08:44',NULL,NULL,'pending',229,'SD-445'),(48,NULL,38,'[]',3,NULL,NULL,'2026-04-25',NULL,0,4,'2026-04-25 18:05:15',NULL,NULL,'pending',NULL,'ADD_SUR-1777084711234');
/*!40000 ALTER TABLE `stock_update` ENABLE KEYS */;
UNLOCK TABLES;

--
-- Table structure for table `succession_board`
--

DROP TABLE IF EXISTS `succession_board`;
/*!40101 SET @saved_cs_client     = @@character_set_client */;
/*!50503 SET character_set_client = utf8mb4 */;
CREATE TABLE `succession_board` (
  `id` int NOT NULL AUTO_INCREMENT,
  `position` enum('officer_incharge','storekeeper','asst_storekeeper') NOT NULL,
  `name` varchar(255) NOT NULL,
  `rank` varchar(100) NOT NULL,
  `service_no` varchar(50) NOT NULL,
  `contact` varchar(20) DEFAULT NULL,
  `from_date` date NOT NULL,
  `to_date` date DEFAULT NULL,
  `department_id` int NOT NULL,
  `created_by` int DEFAULT NULL,
  `created_at` timestamp NOT NULL DEFAULT CURRENT_TIMESTAMP,
  `updated_at` timestamp NOT NULL DEFAULT CURRENT_TIMESTAMP ON UPDATE CURRENT_TIMESTAMP,
  PRIMARY KEY (`id`),
  KEY `department_id` (`department_id`),
  KEY `created_by` (`created_by`),
  CONSTRAINT `succession_board_ibfk_1` FOREIGN KEY (`department_id`) REFERENCES `departments` (`id`) ON DELETE CASCADE,
  CONSTRAINT `succession_board_ibfk_2` FOREIGN KEY (`created_by`) REFERENCES `users` (`id`) ON DELETE SET NULL
) ENGINE=InnoDB AUTO_INCREMENT=5 DEFAULT CHARSET=utf8mb4 COLLATE=utf8mb4_0900_ai_ci;
/*!40101 SET character_set_client = @saved_cs_client */;

--
-- Dumping data for table `succession_board`
--

LOCK TABLES `succession_board` WRITE;
/*!40000 ALTER TABLE `succession_board` DISABLE KEYS */;
INSERT INTO `succession_board` VALUES (1,'officer_incharge','SUDIPTO DUTTA','RANK 100','123456','','2026-04-26',NULL,1,4,'2026-04-30 11:46:19','2026-05-03 04:04:38'),(2,'storekeeper','ABCD','T4REY5EY','547988998','4997978891','2026-04-26',NULL,1,4,'2026-04-30 11:48:38','2026-05-03 04:04:34'),(3,'asst_storekeeper','PQRS','GYGKUYIUO','GYKUYUIO','45694663201','2026-04-26','2026-04-30',1,4,'2026-04-30 11:49:00','2026-04-30 12:12:19'),(4,'asst_storekeeper','PQRS','RANK001','123456',NULL,'2026-04-30',NULL,1,4,'2026-04-30 12:12:35','2026-04-30 12:12:35');
/*!40000 ALTER TABLE `succession_board` ENABLE KEYS */;
UNLOCK TABLES;

--
-- Table structure for table `supplier`
--

DROP TABLE IF EXISTS `supplier`;
/*!40101 SET @saved_cs_client     = @@character_set_client */;
/*!50503 SET character_set_client = utf8mb4 */;
CREATE TABLE `supplier` (
  `id` int NOT NULL AUTO_INCREMENT,
  `name` varchar(100) NOT NULL,
  `address` text,
  `contacts` json DEFAULT NULL,
  `details` json DEFAULT NULL,
  PRIMARY KEY (`id`)
) ENGINE=InnoDB AUTO_INCREMENT=18 DEFAULT CHARSET=utf8mb4 COLLATE=utf8mb4_0900_ai_ci;
/*!40101 SET character_set_client = @saved_cs_client */;

--
-- Dumping data for table `supplier`
--

LOCK TABLES `supplier` WRITE;
/*!40000 ALTER TABLE `supplier` DISABLE KEYS */;
INSERT INTO `supplier` VALUES (2,'New Supplier','P-203, BLOCK-A, BANGUR AVENUE','[\"9876543210\", \"8723456724\"]','[{\"name\": \"SUDIPTO DUTTA\", \"phone\": \"07449550732\", \"prefix\": \"Mr\", \"designation\": \"bfbfdb\"}, {\"name\": \"SUDIPTO DUTTA\", \"phone\": \"07449550732\", \"prefix\": \"Mr\", \"designation\": \"dsh\"}]'),(3,'SUDIPTO DUTTA','P-203, BLOCK-A, BANGUR AVENUE','[\"978999996\"]','[{\"name\": \"SUDIPTO DUTTA\", \"phone\": \"07449550732\", \"prefix\": \"Mr\", \"designation\": \"ABCCQ\"}, {\"name\": \"xyz\", \"phone\": \"07449550732\", \"prefix\": \"Mr\", \"designation\": \"xyzz\"}]'),(4,'xyz','cbx','[\"bxfdb\", \"07449550732\"]','[{\"name\": \"dbds\", \"phone\": \"dbdb\", \"prefix\": \"Mr\", \"designation\": \"dbfdb\"}, {\"name\": \"rrv\", \"phone\": \"07449550732\", \"prefix\": \"Mr\", \"designation\": \"brbr\"}]'),(9,'supplier 2026','dfe','[\"dvfd\"]','[{\"name\": \"vdv\", \"phone\": \"dssd\", \"prefix\": \"Mr\", \"designation\": \"dsvd\"}]'),(10,'Test Oem','fbf','[\"9876543210\"]','[{\"name\": \"fdbfdb\", \"phone\": \"bfb\", \"prefix\": \"Mr\", \"designation\": \"fdbf\"}]'),(11,'NEW SUPPLIER','P-203, BLOCK-A, BANGUR AVENUE','[\"07449550732\"]','[{\"name\": \"SUDIPTO DUTTA\", \"phone\": \"465566555\", \"prefix\": \"Mr\", \"designation\": \"ABC\"}]'),(13,'Suplier 005','P-203, BLOCK-A, BANGUR AVENUE','[\"07449550732\"]','[{\"name\": \"SUDIPTO DUTTA\", \"phone\": \"Y\", \"prefix\": \"Mr\", \"designation\": \"X\"}]'),(14,'Supplier 2025','P-203, BLOCK-A, BANGUR AVENUE','[\"07449550732\"]','[{\"name\": \"SUDIPTO DUTTA\", \"phone\": \"yxz\", \"prefix\": \"Mr\", \"designation\": \"x\"}]'),(15,'Supplier 2026','P-203, BLOCK-A, BANGUR AVENUE','[\"07449550732\"]','[{\"name\": \"SUDIPTO DUTTA\", \"phone\": \"bc\", \"prefix\": \"Mr\", \"designation\": \"a\"}]'),(16,'dgf125','P-203, BLOCK-A, BANGUR AVENUE','[\"07449550732\"]','[{\"name\": \"SUDIPTO DUTTA\", \"phone\": \"ef\", \"prefix\": \"Mr\", \"designation\": \"d\"}]'),(17,'Suplier IMS','P-203, BLOCK-A, BANGUR AVENUE','[\"07449550732\"]','[{\"name\": \"SUDIPTO DUTTA\", \"phone\": \"FWT\", \"prefix\": \"Mr\", \"designation\": \"AEO\"}]');
/*!40000 ALTER TABLE `supplier` ENABLE KEYS */;
UNLOCK TABLES;

--
-- Table structure for table `survey`
--

DROP TABLE IF EXISTS `survey`;
/*!40101 SET @saved_cs_client     = @@character_set_client */;
/*!50503 SET character_set_client = utf8mb4 */;
CREATE TABLE `survey` (
  `id` int NOT NULL AUTO_INCREMENT,
  `transaction_id` varchar(25) NOT NULL,
  `spare_id` int DEFAULT NULL,
  `tool_id` int DEFAULT NULL,
  `issue_to` varchar(25) NOT NULL,
  `withdrawl_qty` int DEFAULT '0',
  `survey_quantity` int DEFAULT '0',
  `withdrawl_date` timestamp NOT NULL DEFAULT CURRENT_TIMESTAMP,
  `box_no` json NOT NULL,
  `service_no` varchar(50) NOT NULL,
  `name` varchar(50) DEFAULT NULL,
  `remarks_survey` varchar(255) DEFAULT NULL,
  `status` varchar(10) DEFAULT 'pending',
  `created_by` int NOT NULL,
  `created_at` timestamp NOT NULL DEFAULT CURRENT_TIMESTAMP,
  PRIMARY KEY (`id`),
  KEY `spare_id` (`spare_id`),
  KEY `tool_id` (`tool_id`),
  KEY `created_by` (`created_by`),
  CONSTRAINT `survey_ibfk_1` FOREIGN KEY (`spare_id`) REFERENCES `spares` (`id`),
  CONSTRAINT `survey_ibfk_2` FOREIGN KEY (`tool_id`) REFERENCES `tools` (`id`),
  CONSTRAINT `survey_ibfk_3` FOREIGN KEY (`created_by`) REFERENCES `users` (`id`)
) ENGINE=InnoDB AUTO_INCREMENT=159 DEFAULT CHARSET=utf8mb4 COLLATE=utf8mb4_0900_ai_ci;
/*!40101 SET character_set_client = @saved_cs_client */;

--
-- Dumping data for table `survey`
--

LOCK TABLES `survey` WRITE;
/*!40000 ALTER TABLE `survey` DISABLE KEYS */;
INSERT INTO `survey` VALUES (1,'PI1769705238984',2,NULL,'AER',2,2,'2026-01-28 18:30:00','[{\"no\": \"Rabc01\", \"qn\": \"20\", \"qtyHeld\": \"6\", \"location\": \"new location 2026\"}, {\"no\": \"R0123\", \"qn\": \"25\", \"qtyHeld\": \"2\", \"location\": \"RACK-C\"}]','ser 3','name 3',NULL,'complete',2,'2026-01-28 18:30:00'),(2,'TMP-1769745163164',2,NULL,'FER',5,5,'2026-01-28 18:30:00','[{\"no\": \"Rabc01\", \"qn\": \"20\", \"qtyHeld\": \"12\", \"location\": \"new location 2026\"}, {\"no\": \"R0123\", \"qn\": \"25\", \"qtyHeld\": \"23\", \"location\": \"RACK-C\"}]','ser 1 ',NULL,NULL,'complete',2,'2026-01-29 18:30:00'),(3,'TMP-1769773933369',2,NULL,'AER',10,10,'2026-01-29 18:30:00','[{\"no\": \"Rabc01\", \"qn\": \"20\", \"qtyHeld\": \"15\", \"location\": \"new location 2026\"}, {\"no\": \"R0123\", \"qn\": \"25\", \"qtyHeld\": \"15\", \"location\": \"RACK-C\"}]','ser 1 ',NULL,NULL,'complete',2,'2026-01-29 18:30:00'),(4,'TMP-1769852174475',2,NULL,'FER',10,10,'2026-01-30 18:30:00','[{\"no\": \"Rabc01\", \"qn\": \"25\", \"qtyHeld\": \"10\", \"location\": \"new location 2026\"}, {\"no\": \"R0123\", \"qn\": \"25\", \"qtyHeld\": \"10\", \"location\": \"RACK-C\"}]','ser 1 ',NULL,NULL,'reversed',2,'2026-01-30 18:30:00'),(5,'TMP-1769878401346',2,NULL,'FER',10,10,'2026-01-30 18:30:00','[{\"no\": \"Rabc01\", \"qn\": \"25\", \"qtyHeld\": \"5\", \"location\": \"new location 2026\"}, {\"no\": \"R0123\", \"qn\": \"25\", \"qtyHeld\": \"5\", \"location\": \"RACK-C\"}]','ser 1 ',NULL,NULL,'complete',2,'2026-01-30 18:30:00'),(6,'TMP-1769881924757',2,NULL,'FER',10,10,'2026-01-30 18:30:00','[{\"no\": \"Rabc01\", \"qn\": \"25\", \"qtyHeld\": \"10\", \"location\": \"new location 2026\"}, {\"no\": \"R0123\", \"qn\": \"25\", \"qtyHeld\": \"10\", \"location\": \"RACK-C\"}]','ser 1 ',NULL,NULL,'complete',2,'2026-01-30 18:30:00'),(7,'TI-1769878107214',2,NULL,'FER',10,9,'2026-01-30 18:30:00','[{\"no\": \"Rabc01\", \"qn\": \"25\", \"qtyHeld\": \"5\", \"location\": \"new location 2026\"}, {\"no\": \"R0123\", \"qn\": \"25\", \"qtyHeld\": \"5\", \"location\": \"RACK-C\"}]','ser 1 ',NULL,NULL,'pending',2,'2026-01-30 18:30:00'),(8,'PI1769941208168',2,NULL,'FER',5,5,'2026-01-31 18:30:00','[{\"no\": \"Rabc01\", \"qn\": \"20\", \"qtyHeld\": \"47\", \"location\": \"new location 2026\"}, {\"no\": \"R0123\", \"qn\": \"25\", \"qtyHeld\": \"8\", \"location\": \"RACK-C\"}]','ser 1 ','name 1',NULL,'complete',2,'2026-01-31 18:30:00'),(9,'PI1769952131964',2,NULL,'AER',5,5,'2026-01-31 18:30:00','[{\"no\": \"Rabc01\", \"qn\": \"20\", \"qtyHeld\": \"44\", \"location\": \"new location 2026\"}, {\"no\": \"R0123\", \"qn\": \"25\", \"qtyHeld\": \"1\", \"location\": \"RACK-C\"}]','ser 1 ','name 1',NULL,'complete',2,'2026-01-31 18:30:00'),(10,'PI1769955611350',2,NULL,'FER',31,31,'2026-01-31 18:30:00','[{\"no\": \"Rabc01\", \"qn\": \"20\", \"qtyHeld\": \"24\", \"location\": \"new location 2026\"}, {\"no\": \"R0123\", \"qn\": \"25\", \"qtyHeld\": \"0\", \"location\": \"RACK-C\"}]','ser 1 ','name 1',NULL,'complete',2,'2026-01-31 18:30:00'),(11,'PI1770007158289',2,NULL,'FER',10,10,'2026-02-01 18:30:00','[{\"no\": \"Rabc01\", \"qn\": \"20\", \"qtyHeld\": \"35\", \"location\": \"new location 2026\"}, {\"no\": \"R0123\", \"qn\": \"25\", \"qtyHeld\": \"0\", \"location\": \"RACK-C\"}]','ser 1 ','name 1',NULL,'complete',2,'2026-02-01 18:30:00'),(12,'PI1770014598893',4,NULL,'AER',2,2,'2026-02-01 18:30:00','[{\"no\": \"001\", \"qn\": \"10\", \"qtyHeld\": \"2\", \"location\": \"AER WORKSHOP\", \"quantity\": \"\", \"boxNumber\": \"\"}, {\"no\": \"002\", \"qn\": \"10\", \"qtyHeld\": \"2\", \"location\": \"  FWD SPTA\"}, {\"no\": \"003\", \"qn\": \"5\", \"qtyHeld\": \"8\", \"location\": \"acas\"}]','ser 1 ','name 1',NULL,'complete',2,'2026-02-01 18:30:00'),(13,'TI-1770014853402',2,NULL,'AER',10,10,'2026-02-01 18:30:00','[{\"no\": \"Rabc01\", \"qn\": \"20\", \"qtyHeld\": \"25\", \"location\": \"new location 2026\"}, {\"no\": \"R0123\", \"qn\": \"25\", \"qtyHeld\": \"0\", \"location\": \"RACK-C\"}]','ser 1 ',NULL,NULL,'complete',2,'2026-02-01 18:30:00'),(14,'PI1770096928278',4,NULL,'AER',5,5,'2026-02-02 18:30:00','[{\"no\": \"001\", \"qn\": \"10\", \"qtyHeld\": \"0\", \"location\": \"AER WORKSHOP\", \"quantity\": \"\", \"boxNumber\": \"\"}, {\"no\": \"002\", \"qn\": \"10\", \"qtyHeld\": \"0\", \"location\": \"  FWD SPTA\"}, {\"no\": \"003\", \"qn\": \"5\", \"qtyHeld\": \"7\", \"location\": \"acas\"}]','12345','Sudipto Dutta ',NULL,'complete',2,'2026-02-02 18:30:00'),(15,'PI1770113243635',2,NULL,'AER',4,4,'2026-02-02 18:30:00','[{\"no\": \"Rabc01\", \"qn\": \"20\", \"qtyHeld\": \"25\", \"location\": \"new location 2026\"}, {\"no\": \"R0123\", \"qn\": \"25\", \"qtyHeld\": \"5\", \"location\": \"RACK-C\"}]','12345','Sudipto Dutta ',NULL,'complete',2,'2026-02-02 18:30:00'),(16,'PI1770116754254',2,NULL,'AER',5,5,'2026-02-02 18:30:00','[{\"no\": \"Rabc01\", \"qn\": \"20\", \"qtyHeld\": \"25\", \"location\": \"new location 2026\"}, {\"no\": \"R0123\", \"qn\": \"25\", \"qtyHeld\": \"3\", \"location\": \"RACK-C\"}]','12345','Sudipto Dutta ',NULL,'complete',2,'2026-02-02 18:30:00'),(17,'TI-1770119691074',2,NULL,'AER',10,10,'2026-02-02 18:30:00','[{\"no\": \"Rabc01\", \"qn\": \"20\", \"qtyHeld\": \"20\", \"location\": \"new location 2026\"}, {\"no\": \"R0123\", \"qn\": \"25\", \"qtyHeld\": \"3\", \"location\": \"RACK-C\"}]','',NULL,NULL,'complete',2,'2026-02-02 18:30:00'),(18,'TI-1770119833380',2,NULL,'AER',3,3,'2026-02-02 18:30:00','[{\"no\": \"Rabc01\", \"qn\": \"20\", \"qtyHeld\": \"18\", \"location\": \"new location 2026\"}, {\"no\": \"R0123\", \"qn\": \"25\", \"qtyHeld\": \"2\", \"location\": \"RACK-C\"}]','',NULL,NULL,'complete',2,'2026-02-02 18:30:00'),(19,'PI1770120512793',2,NULL,'AER',3,3,'2026-02-02 18:30:00','[{\"no\": \"Rabc01\", \"qn\": \"20\", \"qtyHeld\": \"16\", \"location\": \"new location 2026\"}, {\"no\": \"R0123\", \"qn\": \"25\", \"qtyHeld\": \"1\", \"location\": \"RACK-C\"}]','12345','Sudipto Dutta ',NULL,'complete',2,'2026-02-02 18:30:00'),(20,'TI-1770121160372',2,NULL,'AER',3,3,'2026-02-02 18:30:00','[{\"no\": \"Rabc01\", \"qn\": \"20\", \"qtyHeld\": \"23\", \"location\": \"new location 2026\"}, {\"no\": \"R0123\", \"qn\": \"25\", \"qtyHeld\": \"2\", \"location\": \"RACK-C\"}]','',NULL,NULL,'complete',2,'2026-02-02 18:30:00'),(21,'PI1770143330896',15,NULL,'AER',15,15,'2026-02-02 18:30:00','[{\"no\": \"Rabc01\", \"qn\": \"50\", \"qtyHeld\": \"44\", \"location\": \"AER Workshop\"}]','12345','Sudipto Dutta ',NULL,'complete',2,'2026-02-02 18:30:00'),(22,'PI1770145148600',15,NULL,'AER',10,10,'2026-02-03 18:30:00','[{\"no\": \"Rabc01\", \"qn\": \"50\", \"qtyHeld\": \"30\", \"location\": \"AER Workshop\"}]','12345','Sudipto Dutta ',NULL,'complete',2,'2026-02-03 18:30:00'),(23,'PI1770145697163',15,NULL,'OMS',7,7,'2026-02-03 18:30:00','[{\"no\": \"Rabc01\", \"qn\": \"50\", \"qtyHeld\": \"31\", \"location\": \"AER Workshop\"}]','12345','Sudipto Dutta ',NULL,'complete',2,'2026-02-03 18:30:00'),(24,'PI1770186109756',2,NULL,'AER',5,5,'2026-02-03 18:30:00','[{\"no\": \"Rabc01\", \"qn\": \"20\", \"qtyHeld\": \"19\", \"location\": \"new location 2026\"}, {\"no\": \"R0123\", \"qn\": \"23\", \"qtyHeld\": \"18\", \"location\": \"RACK-C\"}, {\"no\": \"Rh54h\", \"qn\": \"2\", \"qtyHeld\": \"3\", \"location\": \"RACK-B\"}]','12345','Sudipto Dutta ',NULL,'complete',2,'2026-02-04 06:21:49'),(25,'TI-1770145669363',15,NULL,'AER',5,5,'2026-02-03 18:30:00','[{\"no\": \"Rabc01\", \"qn\": \"50\", \"qtyHeld\": \"38\", \"location\": \"AER Workshop\"}]','',NULL,NULL,'complete',2,'2026-02-03 18:30:00'),(26,'TI-1770190340699',2,NULL,'AER',1,1,'2026-02-03 18:30:00','[{\"no\": \"Rabc01\", \"qn\": \"20\", \"qtyHeld\": \"19\", \"location\": \"new location 2026\"}, {\"no\": \"R0123\", \"qn\": \"23\", \"qtyHeld\": \"22\", \"location\": \"RACK-C\"}, {\"no\": \"R004\", \"qn\": \"2\", \"qtyHeld\": \"3\", \"location\": \"RACK-B\"}]','12345',NULL,NULL,'complete',2,'2026-02-03 18:30:00'),(27,'TI-1770120968451',2,NULL,'AER',2,2,'2026-02-02 18:30:00','[{\"no\": \"Rabc01\", \"qn\": \"20\", \"qtyHeld\": \"19\", \"location\": \"new location 2026\"}, {\"no\": \"R0123\", \"qn\": \"25\", \"qtyHeld\": \"1\", \"location\": \"RACK-C\"}]','',NULL,NULL,'complete',2,'2026-02-03 18:30:00'),(28,'TI-1770191362903',2,NULL,'AER',3,3,'2026-02-03 18:30:00','[{\"no\": \"Rabc01\", \"qn\": \"20\", \"qtyHeld\": \"18\", \"location\": \"new location 2026\"}, {\"no\": \"R0123\", \"qn\": \"23\", \"qtyHeld\": \"21\", \"location\": \"RACK-C\"}, {\"no\": \"R004\", \"qn\": \"2\", \"qtyHeld\": \"2\", \"location\": \"RACK-B\"}]','12345',NULL,NULL,'complete',2,'2026-02-03 18:30:00'),(29,'TI-1770191786097',2,NULL,'AER',10,10,'2026-02-03 18:30:00','[{\"no\": \"Rabc01\", \"qn\": \"20\", \"qtyHeld\": \"8\", \"location\": \"new location 2026\"}, {\"no\": \"R0123\", \"qn\": \"23\", \"qtyHeld\": \"21\", \"location\": \"RACK-C\"}, {\"no\": \"R004\", \"qn\": \"2\", \"qtyHeld\": \"2\", \"location\": \"RACK-B\"}]','12345',NULL,NULL,'complete',2,'2026-02-04 07:56:38'),(36,'PI1770208238249',21,NULL,'FER',5,5,'2026-02-03 18:30:00','[{\"no\": \"R001\", \"qn\": \"25\", \"qtyHeld\": \"20\", \"location\": \"AER Workshop\"}, {\"no\": \"R002\", \"qn\": \"25\", \"qtyHeld\": \"20\", \"location\": \"FWD SPTA\"}]','12345','Sudipto Dutta ',NULL,'complete',2,'2026-02-04 12:30:38'),(37,'PI1770209374496',23,NULL,'NEW ISSUE 1000',5,5,'2026-02-03 18:30:00','[{\"no\": \"R001\", \"qn\": \"30\", \"qtyHeld\": \"20\", \"location\": \"RACK-A\"}, {\"no\": \"R002\", \"qn\": \"25\", \"qtyHeld\": \"20\", \"location\": \"FWD SPTA\"}]','123456','NEW PERSON',NULL,'complete',2,'2026-02-04 12:49:34'),(38,'TI-1770209721821',23,NULL,'OMS',10,10,'2026-02-03 18:30:00','[{\"no\": \"R001\", \"qn\": \"30\", \"qtyHeld\": \"15\", \"location\": \"RACK-A\"}, {\"no\": \"R002\", \"qn\": \"25\", \"qtyHeld\": \"15\", \"location\": \"FWD SPTA\"}]','12',NULL,NULL,'complete',2,'2026-02-04 12:55:42'),(39,'PI1770575111511',23,NULL,'AER',4,4,'2026-02-07 18:30:00','[{\"no\": \"R001\", \"qn\": \"25\", \"qtyHeld\": \"24\", \"location\": \"RACK-A\"}, {\"no\": \"R002\", \"qn\": \"25\", \"qtyHeld\": \"12\", \"location\": \"FWD SPTA\"}]','12','Sudipto Dutta 3333',NULL,'complete',2,'2026-02-08 18:25:11'),(40,'PI1770778441587',23,NULL,'AER',10,3,'2026-02-10 18:30:00','[{\"no\": \"R001\", \"qn\": \"25\", \"qtyHeld\": \"19\", \"location\": \"RACK-A\"}, {\"no\": \"R002\", \"qn\": \"25\", \"qtyHeld\": \"7\", \"location\": \"FWD SPTA\"}]','12','Sudipto Dutta 3333',NULL,'pending',2,'2026-02-11 02:54:01'),(41,'PI1770810445287',23,NULL,'AER',10,5,'2026-02-10 18:30:00','[{\"no\": \"R001\", \"qn\": \"25\", \"qtyHeld\": \"16\", \"location\": \"RACK-A\"}, {\"no\": \"R002\", \"qn\": \"25\", \"qtyHeld\": \"2\", \"location\": \"FWD SPTA\"}]','12','Sudipto Dutta 3333',NULL,'pending',2,'2026-02-11 11:47:25'),(42,'PI1770811147872',23,NULL,'FER',10,5,'2026-02-10 18:30:00','[{\"no\": \"R001\", \"qn\": \"25\", \"qtyHeld\": \"13\", \"location\": \"RACK-A\"}, {\"no\": \"R002\", \"qn\": \"25\", \"qtyHeld\": \"0\", \"location\": \"FWD SPTA\"}]','12','Sudipto Dutta 3333',NULL,'pending',2,'2026-02-11 11:59:07'),(43,'PI1770811403257',23,NULL,'FER',10,10,'2026-02-10 18:30:00','[{\"no\": \"R001\", \"qn\": \"25\", \"qtyHeld\": \"3\", \"location\": \"RACK-A\"}, {\"no\": \"R002\", \"qn\": \"25\", \"qtyHeld\": \"NaN\", \"location\": \"FWD SPTA\"}]','12','Sudipto Dutta 3333',NULL,'complete',2,'2026-02-11 12:03:23'),(44,'PI1770811607999',23,NULL,'FER',10,5,'2026-02-10 18:30:00','[{\"no\": \"R001\", \"qn\": \"25\", \"qtyHeld\": \"5\", \"location\": \"RACK-A\"}, {\"no\": \"R002\", \"qn\": \"25\", \"qtyHeld\": \"5\", \"location\": \"FWD SPTA\"}]','12','Sudipto Dutta 3333',NULL,'pending',2,'2026-02-11 12:06:48'),(45,'PI1770835113885',23,NULL,'AER',10,10,'2026-02-11 18:30:00','[{\"no\": \"R001\", \"qn\": \"29\", \"qtyHeld\": \"20\", \"location\": \"RACK-A\"}, {\"no\": \"R002\", \"qn\": \"30\", \"qtyHeld\": \"5\", \"location\": \"FWD SPTA\"}]','12','Sudipto Dutta 3333',NULL,'complete',2,'2026-02-11 18:38:33'),(46,'PI1770836374638',23,NULL,'FER',10,10,'2026-02-11 18:30:00','[{\"no\": \"R001\", \"qn\": \"34\", \"qtyHeld\": \"15\", \"location\": \"RACK-A\"}, {\"no\": \"R002\", \"qn\": \"30\", \"qtyHeld\": \"10\", \"location\": \"FWD SPTA\"}]','12','Sudipto Dutta 3333',NULL,'complete',2,'2026-02-11 18:59:34'),(47,'PI1771221274250',NULL,5,'AER',10,10,'2026-02-15 18:30:00','[{\"no\": \"R001\", \"qn\": \"40\", \"qtyHeld\": \"10\", \"location\": \"Reserved Room1\"}]','12','Sudipto Dutta 3333',NULL,'complete',2,'2026-02-16 05:54:34'),(48,'PI1771408349953',21,NULL,'AER',10,10,'2026-02-17 18:30:00','[{\"no\": \"R001\", \"qn\": \"30\", \"qtyHeld\": \"10\", \"location\": \"AER Workshop\"}, {\"no\": \"R002\", \"qn\": \"25\", \"qtyHeld\": \"10\", \"location\": \"FWD SPTA\"}]','12','Sudipto Dutta 3333',NULL,'complete',2,'2026-02-18 09:52:29'),(49,'PI1771828166915',NULL,5,'AER',5,5,'2026-02-22 18:30:00','[{\"no\": \"R001\", \"qn\": \"40\", \"qnMain\": \"35\", \"qtyHeld\": \"25\", \"location\": \"Reserved Room1\"}]','12','Sudipto Dutta 3333',NULL,'complete',2,'2026-02-23 06:29:26'),(50,'TI-1770885766984',23,NULL,'FER',10,10,'2026-02-11 18:30:00','[{\"no\": \"R001\", \"qn\": 30, \"baseQn\": 30, \"qnMain\": 33, \"qtyHeld\": \"36\", \"location\": \"Reserved Room1\", \"incDecQty\": \"\", \"baseMaintainedQty\": 33}, {\"no\": \"R002\", \"qn\": 22, \"baseQn\": 22, \"qnMain\": 18, \"qtyHeld\": \"13\", \"location\": \"FWD SPTA\", \"incDecQty\": \"\", \"baseMaintainedQty\": 18}]','12',NULL,NULL,'complete',2,'2026-02-25 04:53:05'),(51,'TI-1772010102242',NULL,11,'OMS',7,0,'2026-02-24 18:30:00','[{\"no\": \"001\", \"qn\": \"80\", \"baseQn\": 85, \"qnMain\": 80, \"qtyHeld\": \"63\", \"location\": \"RACK-A\", \"incDecQty\": \"\", \"baseMaintainedQty\": 80}]','12',NULL,NULL,'pending',2,'2026-02-25 09:06:38'),(52,'TI-1772010087719',NULL,11,'AER',8,0,'2026-02-24 18:30:00','[{\"no\": \"001\", \"qn\": \"80\", \"baseQn\": 85, \"qnMain\": 80, \"qtyHeld\": \"65\", \"location\": \"RACK-A\", \"incDecQty\": \"\", \"baseMaintainedQty\": 80}]','12',NULL,NULL,'pending',2,'2026-02-25 10:43:24'),(53,'TI-1772005764493',NULL,5,'OMS',2,0,'2026-02-24 18:30:00','[{\"no\": \"R001\", \"qn\": \"40\", \"baseQn\": 30, \"qnMain\": 25, \"qtyHeld\": \"16\", \"location\": \"Reserved Room1\", \"incDecQty\": \"\", \"baseMaintainedQty\": 25}]','12345',NULL,NULL,'pending',2,'2026-02-25 10:44:57'),(54,'TI-1772005701962',NULL,5,'AER',8,0,'2026-02-24 18:30:00','[{\"no\": \"R001\", \"qn\": \"40\", \"baseQn\": 30, \"qnMain\": 25, \"qtyHeld\": \"18\", \"location\": \"Reserved Room1\", \"incDecQty\": \"\", \"baseMaintainedQty\": 25}]','12',NULL,NULL,'pending',2,'2026-02-25 10:45:50'),(55,'TI-1772047521699',NULL,11,'AER',3,0,'2026-02-25 18:30:00','[{\"no\": \"001\", \"qn\": \"80\", \"baseQn\": 85, \"qnMain\": 80, \"qtyHeld\": \"62\", \"location\": \"RACK-A\", \"incDecQty\": \"\", \"baseMaintainedQty\": 80}]','12',NULL,NULL,'pending',2,'2026-02-25 19:25:40'),(56,'PI1772050728158',23,NULL,'AER',6,0,'2026-02-25 18:30:00','[{\"no\": \"R001\", \"qn\": 30, \"baseQn\": 30, \"qnMain\": 33, \"qtyHeld\": \"30\", \"location\": \"Reserved Room1\", \"incDecQty\": \"\", \"baseMaintainedQty\": 33}, {\"no\": \"R002\", \"qn\": 22, \"baseQn\": 22, \"qnMain\": 18, \"qtyHeld\": \"NaN\", \"location\": \"FWD SPTA\", \"incDecQty\": \"\", \"baseMaintainedQty\": 18}]','12','Sudipto Dutta 3333',NULL,'pending',2,'2026-02-25 20:18:48'),(57,'PI1772050887712',21,NULL,'AER',17,0,'2026-02-25 18:30:00','[{\"no\": \"R001\", \"qn\": \"30\", \"qnMain\": \"10\", \"qtyHeld\": \"0\", \"location\": \"AER Workshop\"}, {\"no\": \"R002\", \"qn\": \"25\", \"qnMain\": \"15\", \"qtyHeld\": \"NaN\", \"location\": \"FWD SPTA\"}]','12','Sudipto Dutta 3333',NULL,'pending',2,'2026-02-25 20:21:27'),(58,'PI1772051058462',46,NULL,'FER',5,0,'2026-02-25 18:30:00','[{\"no\": \"001\", \"qn\": 85, \"baseQn\": 85, \"qnMain\": \"80\", \"qtyHeld\": \"15\", \"location\": \"Reserved Room1\", \"incDecQty\": \"\", \"maintainedQty\": \"\", \"baseMaintainedQty\": 90}]','12','Sudipto Dutta 3333',NULL,'pending',2,'2026-02-25 20:24:18'),(59,'PI1772051082199',46,NULL,'AER',5,0,'2026-02-25 18:30:00','[{\"no\": \"001\", \"qn\": 85, \"baseQn\": 85, \"qnMain\": \"80\", \"qtyHeld\": \"10\", \"location\": \"Reserved Room1\", \"incDecQty\": \"\", \"maintainedQty\": \"\", \"baseMaintainedQty\": 90}]','12','Sudipto Dutta 3333',NULL,'pending',2,'2026-02-25 20:24:42'),(60,'PI1772051123990',46,NULL,'FER',5,0,'2026-02-25 18:30:00','[{\"no\": \"001\", \"qn\": 85, \"baseQn\": 85, \"qnMain\": \"80\", \"qtyHeld\": \"5\", \"location\": \"Reserved Room1\", \"incDecQty\": \"\", \"maintainedQty\": \"\", \"baseMaintainedQty\": 90}]','12','Sudipto Dutta 3333',NULL,'pending',2,'2026-02-25 20:25:23'),(61,'PI1772051152107',46,NULL,'AER',5,0,'2026-02-25 18:30:00','[{\"no\": \"001\", \"qn\": 85, \"baseQn\": 85, \"qnMain\": \"80\", \"qtyHeld\": \"0\", \"location\": \"Reserved Room1\", \"incDecQty\": \"\", \"maintainedQty\": \"\", \"baseMaintainedQty\": 90}]','12','Sudipto Dutta 3333',NULL,'pending',2,'2026-02-25 20:25:52'),(62,'PI1772051425956',46,NULL,'FER',5,0,'2026-02-25 18:30:00','[{\"no\": \"001\", \"qn\": 85, \"baseQn\": 85, \"qnMain\": \"80\", \"qtyHeld\": \"15\", \"location\": \"Reserved Room1\", \"incDecQty\": \"\", \"maintainedQty\": \"\", \"baseMaintainedQty\": 90}]','12','Sudipto Dutta 3333',NULL,'pending',2,'2026-02-25 20:30:25'),(63,'PI1772051484473',46,NULL,'AER',5,0,'2026-02-25 18:30:00','[{\"no\": \"001\", \"qn\": 85, \"baseQn\": 85, \"qnMain\": \"80\", \"qtyHeld\": \"10\", \"location\": \"Reserved Room1\", \"incDecQty\": \"\", \"maintainedQty\": \"\", \"baseMaintainedQty\": 90}]','12','Sudipto Dutta 3333',NULL,'pending',2,'2026-02-25 20:31:24'),(64,'PI1772051580117',21,NULL,'AER',10,0,'2026-02-25 18:30:00','[{\"no\": \"R001\", \"qn\": \"30\", \"qnMain\": \"10\", \"qtyHeld\": \"0\", \"location\": \"AER Workshop\"}, {\"no\": \"R002\", \"qn\": \"25\", \"qnMain\": \"15\", \"qtyHeld\": \"NaN\", \"location\": \"FWD SPTA\"}]','12','Sudipto Dutta 3333',NULL,'pending',2,'2026-02-25 20:33:00'),(65,'PI1772051665531',21,NULL,'AER',10,0,'2026-02-25 18:30:00','[{\"no\": \"R001\", \"qn\": \"30\", \"qnMain\": \"10\", \"qtyHeld\": \"NaN\", \"location\": \"AER Workshop\"}, {\"no\": \"R002\", \"qn\": \"25\", \"qnMain\": \"15\", \"qtyHeld\": \"0\", \"location\": \"FWD SPTA\"}]','12','Sudipto Dutta 3333',NULL,'pending',2,'2026-02-25 20:34:25'),(66,'PI1772052096114',21,NULL,'AER',10,0,'2026-02-25 18:30:00','[{\"no\": \"R001\", \"qn\": \"30\", \"qnMain\": \"10\", \"qtyHeld\": \"5\", \"location\": \"AER Workshop\"}, {\"no\": \"R002\", \"qn\": \"25\", \"qnMain\": \"15\", \"qtyHeld\": \"0\", \"location\": \"FWD SPTA\"}]','12','Sudipto Dutta 3333',NULL,'pending',2,'2026-02-25 20:41:36'),(67,'PI1772052111002',21,NULL,'OMS',5,0,'2026-02-25 18:30:00','[{\"no\": \"R001\", \"qn\": \"30\", \"qnMain\": \"10\", \"qtyHeld\": \"0\", \"location\": \"AER Workshop\"}, {\"no\": \"R002\", \"qn\": \"25\", \"qnMain\": \"15\", \"qtyHeld\": \"NaN\", \"location\": \"FWD SPTA\"}]','12','Sudipto Dutta 3333',NULL,'pending',2,'2026-02-25 20:41:51'),(68,'PI1772052246717',22,NULL,'FER',10,0,'2026-02-25 18:30:00','[{\"no\": \"R001\", \"qn\": 10, \"baseQn\": 10, \"qnMain\": \"15\", \"qtyHeld\": \"40\", \"location\": \"FWD SPTA\", \"incDecQty\": \"\", \"baseMaintainedQty\": -5}, {\"no\": \"R002\", \"qn\": 10, \"baseQn\": 10, \"qnMain\": \"10\", \"qtyHeld\": \"NaN\", \"location\": \"AER Workshop\", \"incDecQty\": \"\", \"baseMaintainedQty\": 0}]','12','Sudipto Dutta 3333',NULL,'pending',2,'2026-02-25 20:44:06'),(69,'PI1772052709017',22,NULL,'AER',5,0,'2026-02-25 18:30:00','[{\"no\": \"R001\", \"qn\": 10, \"baseQn\": 10, \"qnMain\": \"15\", \"qtyHeld\": \"35\", \"location\": \"FWD SPTA\", \"incDecQty\": \"\", \"baseMaintainedQty\": -5}, {\"no\": \"R002\", \"qn\": 10, \"baseQn\": 10, \"qnMain\": \"10\", \"qtyHeld\": \"NaN\", \"location\": \"AER Workshop\", \"incDecQty\": \"\", \"baseMaintainedQty\": 0}]','12','Sudipto Dutta 3333',NULL,'pending',2,'2026-02-25 20:51:49'),(70,'PI1772073547690',46,NULL,'AER',2,0,'2026-02-25 18:30:00','[{\"no\": \"001\", \"qn\": 85, \"baseQn\": 85, \"qnMain\": \"80\", \"qtyHeld\": \"6\", \"location\": \"Reserved Room1\", \"incDecQty\": \"\", \"maintainedQty\": \"\", \"baseMaintainedQty\": 90}]','12','Sudipto Dutta 3333',NULL,'pending',2,'2026-02-26 02:39:07'),(71,'PI1772074127440',46,NULL,'AER',2,0,'2026-02-25 18:30:00','[{\"no\": \"001\", \"qn\": 85, \"baseQn\": 85, \"qnMain\": \"80\", \"qtyHeld\": \"4\", \"location\": \"Reserved Room1\", \"incDecQty\": \"\", \"maintainedQty\": \"\", \"baseMaintainedQty\": 90}]','12','Sudipto Dutta 3333',NULL,'pending',2,'2026-02-26 02:48:47'),(72,'PI1772074184433',23,NULL,'AER',5,0,'2026-02-25 18:30:00','[{\"no\": \"R001\", \"qn\": 30, \"baseQn\": 30, \"qnMain\": \"28\", \"qtyHeld\": \"30\", \"location\": \"Reserved Room1\", \"incDecQty\": \"\", \"baseMaintainedQty\": 33}, {\"no\": \"R002\", \"qn\": 22, \"baseQn\": 22, \"qnMain\": 18, \"qtyHeld\": \"10\", \"location\": \"FWD SPTA\", \"incDecQty\": \"\", \"baseMaintainedQty\": 18}]','12','Sudipto Dutta 3333',NULL,'pending',2,'2026-02-26 02:49:44'),(73,'PI1772075877064',23,NULL,'AER',5,0,'2026-02-25 18:30:00','[{\"no\": \"R001\", \"qn\": 30, \"baseQn\": 30, \"qnMain\": \"28\", \"qtyHeld\": \"20\", \"location\": \"Reserved Room1\", \"incDecQty\": \"\", \"baseMaintainedQty\": 33}, {\"no\": \"R002\", \"qn\": 22, \"baseQn\": 22, \"qnMain\": 18, \"qtyHeld\": \"NaN\", \"location\": \"FWD SPTA\", \"incDecQty\": \"\", \"baseMaintainedQty\": 18}]','12','Sudipto Dutta 3333',NULL,'pending',2,'2026-02-26 03:17:57'),(74,'PI1772076884213',23,NULL,'AER',5,0,'2026-02-25 18:30:00','[{\"no\": \"R001\", \"qn\": 30, \"baseQn\": 30, \"qnMain\": \"28\", \"qtyHeld\": \"15\", \"location\": \"Reserved Room1\", \"incDecQty\": \"\", \"baseMaintainedQty\": 33}, {\"no\": \"R002\", \"qn\": 22, \"baseQn\": 22, \"qnMain\": 18, \"qtyHeld\": \"NaN\", \"location\": \"FWD SPTA\", \"incDecQty\": \"\", \"baseMaintainedQty\": 18}]','12','Sudipto Dutta 3333',NULL,'pending',2,'2026-02-26 03:34:44'),(75,'PI1772076918207',21,NULL,'AER',5,2,'2026-02-25 18:30:00','[{\"no\": \"R001\", \"qn\": \"30\", \"qnMain\": \"10\", \"qtyHeld\": \"35\", \"location\": \"AER Workshop\"}, {\"no\": \"R002\", \"qn\": \"25\", \"qnMain\": \"15\", \"qtyHeld\": \"NaN\", \"location\": \"FWD SPTA\"}]','12','Sudipto Dutta 3333',NULL,'pending',2,'2026-02-26 03:35:18'),(76,'PI1772077450882',60,NULL,'AER',4,0,'2026-02-25 18:30:00','[{\"no\": \"R00126\", \"qn\": 12, \"baseQn\": 12, \"qnMain\": 17, \"qtyHeld\": \"10\", \"location\": \"FWD SPTA\", \"incDecQty\": \"\", \"baseMaintainedQty\": 17}, {\"no\": \"R0253\", \"qn\": 18, \"baseQn\": 18, \"qnMain\": 18, \"qtyHeld\": \"NaN\", \"location\": \"RACK-A\", \"incDecQty\": \"\", \"baseMaintainedQty\": 18}]','12','Sudipto Dutta 3333',NULL,'pending',2,'2026-02-26 03:44:10'),(77,'PI1772078016428',17,NULL,'FER',5,0,'2026-02-25 18:30:00','[{\"no\": \"R001\", \"qn\": \"25\", \"qtyHeld\": \"15\", \"location\": \"FWD SPTA\"}, {\"no\": \"R002\", \"qn\": \"25\", \"qtyHeld\": \"20\", \"location\": \"RACK-A\"}]','12','Sudipto Dutta 3333',NULL,'reversed',2,'2026-02-26 03:53:36'),(78,'PI1772081352033',16,NULL,'FER',5,0,'2026-02-25 18:30:00','[{\"no\": \"R001\", \"qn\": \"10\", \"qnMain\": \"10\", \"qtyHeld\": \"25\", \"location\": \"RACK-B\"}]','12','Sudipto Dutta 3333',NULL,'reversed',2,'2026-02-26 04:49:12'),(79,'PI1772081518539',60,NULL,'AER',5,0,'2026-02-25 18:30:00','[{\"no\": \"R00126\", \"qn\": 12, \"baseQn\": 12, \"qnMain\": 17, \"qtyHeld\": \"5\", \"location\": \"FWD SPTA\", \"incDecQty\": \"\", \"baseMaintainedQty\": 17}, {\"no\": \"R0253\", \"qn\": 18, \"baseQn\": 18, \"qnMain\": 18, \"qtyHeld\": \"15\", \"location\": \"RACK-A\", \"incDecQty\": \"\", \"baseMaintainedQty\": 18}]','123456','NEW PERSON',NULL,'reversed',2,'2026-02-26 04:51:58'),(80,'PI1772082033073',23,NULL,'AER',5,0,'2026-02-25 18:30:00','[{\"no\": \"R001\", \"qn\": 30, \"baseQn\": 30, \"qnMain\": \"28\", \"qtyHeld\": \"5\", \"location\": \"Reserved Room1\", \"incDecQty\": \"\", \"baseMaintainedQty\": 33}, {\"no\": \"R002\", \"qn\": 22, \"baseQn\": 22, \"qnMain\": 18, \"qtyHeld\": \"5\", \"location\": \"FWD SPTA\", \"incDecQty\": \"\", \"baseMaintainedQty\": 18}]','123456','NEW PERSON',NULL,'pending',2,'2026-02-26 05:00:33'),(81,'PI1772082122183',NULL,7,'AER',5,3,'2026-02-25 18:30:00','[{\"no\": \"R001\", \"qn\": \"15\", \"qnMain\": \"10\", \"qtyHeld\": \"10\", \"location\": \"FWD SPTA\"}, {\"no\": \"R002\", \"qn\": \"15\", \"qnMain\": \"10\", \"qtyHeld\": \"10\", \"location\": \"AER Workshop\"}]','12','Sudipto Dutta 3333',NULL,'pending',2,'2026-02-26 05:02:02'),(82,'PI1772084831857',46,NULL,'Control',2,2,'2026-02-25 18:30:00','[{\"no\": \"001\", \"qn\": 85, \"baseQn\": 85, \"qnMain\": \"80\", \"qtyHeld\": \"10\", \"location\": \"Reserved Room1\", \"incDecQty\": \"\", \"maintainedQty\": \"\", \"baseMaintainedQty\": 90}]','12345','Sudipto Dutta ',NULL,'complete',2,'2026-02-26 05:47:11'),(84,'PI1772086144554',46,NULL,'AER',1,1,'2026-02-25 18:30:00','[{\"no\": \"001\", \"qn\": 85, \"baseQn\": 85, \"qnMain\": \"80\", \"qtyHeld\": \"17\", \"location\": \"Reserved Room1\", \"incDecQty\": \"\", \"maintainedQty\": \"\", \"baseMaintainedQty\": 90}]','123456','NEW PERSON',NULL,'complete',2,'2026-02-26 06:09:04'),(85,'PI1772531179224',46,NULL,'AER',1,1,'2026-03-02 18:30:00','[{\"no\": \"001\", \"qn\": 89, \"baseQn\": 87, \"qnMain\": 94, \"qtyHeld\": \"36\", \"location\": \"Reserved Room1\", \"incDecQty\": \"2\", \"maintainedQty\": \"\", \"baseMaintainedQty\": 92}]','12345','Sudipto Dutta ',NULL,'complete',4,'2026-03-03 09:46:19'),(87,'PI-1772536838911',46,NULL,'OMS',1,1,'2026-03-02 18:30:00','[{\"no\": \"001\", \"qn\": 89, \"baseQn\": 87, \"qnMain\": 94, \"qtyHeld\": \"36\", \"location\": \"Reserved Room1\", \"incDecQty\": \"2\", \"maintainedQty\": \"\", \"baseMaintainedQty\": 92}]','12345','Sudipto Dutta ',NULL,'complete',4,'2026-03-03 11:20:38'),(89,'PI-1772592113614',46,NULL,'AER',1,1,'2026-03-03 18:30:00','[{\"no\": \"001\", \"qn\": 89, \"baseQn\": 87, \"qnMain\": 94, \"qtyHeld\": \"37\", \"location\": \"Reserved Room1\", \"incDecQty\": \"2\", \"maintainedQty\": \"\", \"baseMaintainedQty\": 92}]','123456','NEW PERSON',NULL,'complete',2,'2026-03-04 02:41:53'),(90,'PI-1772676970431',46,NULL,'AER',1,0,'2026-03-04 18:30:00','[{\"no\": \"001\", \"qn\": 89, \"baseQn\": 87, \"qnMain\": 94, \"qtyHeld\": \"40\", \"location\": \"Reserved Room1\", \"incDecQty\": \"2\", \"maintainedQty\": \"\", \"baseMaintainedQty\": 92}]','123456','NEW PERSON',NULL,'reversed',4,'2026-03-05 02:16:10'),(93,'PI-1772679794284',46,NULL,'AER',1,0,'2026-03-04 18:30:00','[{\"no\": \"001\", \"qn\": 89, \"baseQn\": 87, \"qnMain\": 94, \"qtyHeld\": \"41\", \"location\": \"Reserved Room1\", \"incDecQty\": \"2\", \"maintainedQty\": \"\", \"baseMaintainedQty\": 92}]','123456','NEW PERSON',NULL,'reversed',4,'2026-03-05 03:03:14'),(95,'PI-1772680811292',NULL,21,'AER',1,0,'2026-03-04 18:30:00','[{\"no\": \"001\", \"qn\": 12, \"baseQn\": 12, \"qnMain\": 12, \"qtyHeld\": \"14\", \"location\": \"FWD SPTA\", \"incDecQty\": \"\", \"baseMaintainedQty\": 12}, {\"no\": \"002\", \"qn\": 18, \"baseQn\": 18, \"qnMain\": 18, \"qtyHeld\": \"8\", \"location\": \"AER Workshop\", \"incDecQty\": \"\", \"baseMaintainedQty\": 18}]','123456','NEW PERSON',NULL,'reversed',4,'2026-03-05 03:20:11'),(96,'PI-1772690185872',61,NULL,'AER',5,5,'2026-03-04 18:30:00','[{\"no\": \"R200\", \"qn\": 20, \"baseQn\": 17, \"qnMain\": 20, \"qtyHeld\": \"10\", \"location\": \"FWD SPTA\", \"incDecQty\": \"3\", \"baseMaintainedQty\": 17}, {\"no\": \"R255\", \"qn\": 22, \"baseQn\": 18, \"qnMain\": 22, \"qtyHeld\": \"10\", \"location\": \"AER Workshop\", \"incDecQty\": \"4\", \"baseMaintainedQty\": 18}]','123456','NEW PERSON',NULL,'complete',4,'2026-03-05 05:56:25'),(97,'PI-1772690213789',61,NULL,'AER',10,0,'2026-03-04 18:30:00','[{\"no\": \"R200\", \"qn\": 20, \"baseQn\": 17, \"qnMain\": 20, \"qtyHeld\": \"10\", \"location\": \"FWD SPTA\", \"incDecQty\": \"3\", \"baseMaintainedQty\": 17}, {\"no\": \"R255\", \"qn\": 22, \"baseQn\": 18, \"qnMain\": 22, \"qtyHeld\": \"0\", \"location\": \"AER Workshop\", \"incDecQty\": \"4\", \"baseMaintainedQty\": 18}]','123456','NEW PERSON',NULL,'reversed',4,'2026-03-05 05:56:53'),(98,'PI-1773031422383',NULL,7,'OMS',4,4,'2026-03-08 18:30:00','[{\"no\": \"R001\", \"qn\": \"15\", \"qnMain\": \"10\", \"qtyHeld\": \"8\", \"location\": \"FWD SPTA\"}, {\"no\": \"R002\", \"qn\": \"15\", \"qnMain\": \"10\", \"qtyHeld\": \"8\", \"location\": \"AER Workshop\"}]','123456','NEW PERSON',NULL,'complete',4,'2026-03-09 04:43:42'),(99,'PI-1773122790077',46,NULL,'AER',1,1,'2026-03-09 18:30:00','[{\"no\": \"001\", \"qn\": 89, \"baseQn\": 87, \"qnMain\": 94, \"qtyHeld\": \"44\", \"location\": \"Reserved Room1\", \"incDecQty\": \"2\", \"maintainedQty\": \"\", \"baseMaintainedQty\": 92}]','12345','Sudipto Dutta ',NULL,'complete',4,'2026-03-10 06:06:30'),(101,'PI-1773150943895',46,NULL,'AER',4,0,'2026-03-09 18:30:00','[{\"no\": \"001\", \"qn\": 89, \"baseQn\": 87, \"qnMain\": 94, \"qtyHeld\": \"40\", \"location\": \"Reserved Room1\", \"incDecQty\": \"2\", \"maintainedQty\": \"\", \"baseMaintainedQty\": 92}]','123456','NEW PERSON',NULL,'reversed',4,'2026-03-10 13:55:43'),(102,'PI-1773151024241',46,NULL,'AER',4,0,'2026-03-09 18:30:00','[{\"no\": \"001\", \"qn\": 89, \"baseQn\": 87, \"qnMain\": 94, \"qtyHeld\": \"40\", \"location\": \"Reserved Room1\", \"incDecQty\": \"2\", \"maintainedQty\": \"\", \"baseMaintainedQty\": 92}]','123456','NEW PERSON',NULL,'reversed',4,'2026-03-10 13:57:04'),(103,'PI-1773151057251',23,NULL,'AER',1,0,'2026-03-09 18:30:00','[{\"no\": \"R001\", \"qn\": \"32\", \"baseQn\": 34, \"qnMain\": 40, \"qtyHeld\": \"14\", \"location\": \"Reserved Room1\", \"incDecQty\": \"3\", \"baseMaintainedQty\": 37}, {\"no\": \"R002\", \"qn\": 28, \"baseQn\": 26, \"qnMain\": \"14\", \"qtyHeld\": \"11\", \"location\": \"FWD SPTA\", \"incDecQty\": \"2\", \"baseMaintainedQty\": 22}]','123456','NEW PERSON',NULL,'reversed',4,'2026-03-10 13:57:37'),(104,'PI-1773204144577',46,NULL,'AER',1,0,'2026-03-10 18:30:00','[{\"no\": \"001\", \"qn\": 89, \"baseQn\": 87, \"qnMain\": 94, \"qtyHeld\": \"43\", \"location\": \"Reserved Room1\", \"incDecQty\": \"2\", \"maintainedQty\": \"\", \"baseMaintainedQty\": 92}]','12345','Sudipto Dutta ',NULL,'reversed',4,'2026-03-11 04:42:24'),(105,'PI-1773204298583',46,NULL,'OMS',4,4,'2026-03-10 18:30:00','[{\"no\": \"001\", \"qn\": 89, \"baseQn\": 87, \"qnMain\": 94, \"qtyHeld\": \"40\", \"location\": \"Reserved Room1\", \"incDecQty\": \"2\", \"maintainedQty\": \"\", \"baseMaintainedQty\": 92}]','12345','Sudipto Dutta ',NULL,'complete',4,'2026-03-11 04:44:58'),(112,'ADD_SUR-1773288165417',63,NULL,'MANUAL',2,0,'2026-03-12 04:02:45','[]','MANUAL','MANUAL',NULL,'pending',4,'2026-03-12 04:02:45'),(113,'ADD_SUR-1773288255184',NULL,26,'MANUAL',3,0,'2026-03-12 04:04:15','[]','MANUAL','MANUAL',NULL,'pending',4,'2026-03-12 04:04:15'),(114,'ADD_SUR-1773340746229',46,NULL,'MANUAL',2,1,'2026-03-12 18:39:06','[]','MANUAL','MANUAL',NULL,'pending',4,'2026-03-12 18:39:06'),(115,'PI-1773491963432',61,NULL,'OMS',1,0,'2026-03-13 18:30:00','[{\"no\": \"R200\", \"qn\": 20, \"baseQn\": 17, \"qnMain\": 20, \"qtyHeld\": \"10\", \"location\": \"FWD SPTA\", \"incDecQty\": \"3\", \"baseMaintainedQty\": 17}, {\"no\": \"R255\", \"qn\": 22, \"baseQn\": 18, \"qnMain\": 22, \"qtyHeld\": \"14\", \"location\": \"AER Workshop\", \"incDecQty\": \"4\", \"baseMaintainedQty\": 18}]','123456','NEW PERSON',NULL,'pending',4,'2026-03-14 12:39:23'),(117,'ADD_SUR-1773640113498',8,NULL,'MANUAL',1,0,'2026-03-16 05:48:33','[]','MANUAL','MANUAL',NULL,'pending',4,'2026-03-16 05:48:33'),(118,'ADD_SUR-1773640147180',60,NULL,'MANUAL',2,0,'2026-03-16 05:49:07','[]','MANUAL','MANUAL',NULL,'pending',4,'2026-03-16 05:49:07'),(119,'ADD_SUR-1773640172414',NULL,20,'MANUAL',3,2,'2026-03-16 05:49:32','[]','MANUAL','MANUAL',NULL,'pending',4,'2026-03-16 05:49:32'),(120,'PR-RET-1773716666746',NULL,8,'special_demand',2,2,'2026-03-17 03:04:26','[{\"no\": \"001\", \"deposit\": 2}]','SD_RETURN','Special Demand Return',NULL,'pending',4,'2026-03-17 03:04:26'),(121,'ST-RET-1773718946406',62,NULL,'special_demand',1,1,'2026-03-17 03:42:26','[{\"no\": \"R001\", \"deposit\": 1}]','SD_RETURN','Special Demand Return',NULL,'pending',4,'2026-03-17 03:42:26'),(122,'PR-RET-1773720978767',61,NULL,'special_demand',1,1,'2026-03-17 04:16:18','[{\"no\": \"R200\", \"deposit\": 0}, {\"no\": \"R255\", \"deposit\": 1}]','SD_RETURN','Special Demand Return',NULL,'reversed',4,'2026-03-17 04:16:18'),(123,'ST-RET-1773721049571',61,NULL,'special_demand',1,1,'2026-03-17 04:17:29','[{\"no\": \"R200\", \"deposit\": 0}, {\"no\": \"R255\", \"deposit\": 1}]','SD_RETURN','Special Demand Return',NULL,'pending',4,'2026-03-17 04:17:29'),(124,'PR-RET-1773721534263',23,NULL,'special_demand',2,2,'2026-03-17 04:25:34','[{\"no\": \"R001\", \"deposit\": 0}, {\"no\": \"R002\", \"deposit\": 2}]','SD_RETURN','Special Demand Return',NULL,'reversed',4,'2026-03-17 04:25:34'),(125,'ST-RET-1773721586943',23,NULL,'special_demand',2,2,'2026-03-17 04:26:26','[{\"no\": \"R001\", \"deposit\": 0}, {\"no\": \"R002\", \"deposit\": 2}]','SD_RETURN','Special Demand Return',NULL,'reversed',4,'2026-03-17 04:26:26'),(133,'PI1774089929706',64,NULL,'Control',2,0,'2026-03-20 18:30:00','[]','12','Sudipto Dutta 3333',NULL,'pending',1,'2026-03-21 10:45:29'),(134,'PI1774089998634',62,NULL,'Control',6,0,'2026-03-20 18:30:00','[]','12345','Sudipto Dutta',NULL,'pending',1,'2026-03-21 10:46:38'),(135,'PI1774106505252',46,NULL,'Control',5,0,'2026-03-19 18:30:00','[]','123456','NEW PERSON',NULL,'pending',1,'2026-03-21 15:21:45'),(136,'PI1774106557516',46,NULL,'AER',1,0,'2026-03-16 18:30:00','[]','123456','NEW PERSON',NULL,'pending',1,'2026-03-21 15:22:37'),(137,'TEMP1774151155914',NULL,5,'Control',1,0,'2026-03-25 18:30:00','[]','123456','NEW PERSON',NULL,'pending',1,'2026-03-22 03:45:55'),(138,'PI1774152970773',NULL,5,'AER',10,0,'2026-03-21 18:30:00','[]','12','Sudipto Dutta 3333',NULL,'pending',1,'2026-03-22 04:16:10'),(139,'PI1774235494568',NULL,5,'AER',1,0,'2026-03-30 04:36:29','[]','12','Sudipto Dutta 3333',NULL,'pending',1,'2026-03-23 03:11:34'),(140,'PI1774235520213',NULL,5,'FER',1,0,'2026-03-22 18:30:00','[]','12','Sudipto Dutta 3333',NULL,'pending',1,'2026-03-23 03:12:00'),(141,'PI1774240915402',NULL,11,'Control',1,0,'2026-03-22 18:30:00','[]','12345','Sudipto Dutta',NULL,'pending',1,'2026-03-23 04:41:55'),(142,'PI1774248778458',46,NULL,'FER',1,0,'2026-03-30 04:36:29','[]','123456','NEW PERSON',NULL,'pending',1,'2026-03-23 06:52:58'),(143,'PI1774265440027',NULL,5,'AER',1,0,'2026-03-30 04:36:29','[]','123456','NEW PERSON',NULL,'pending',1,'2026-03-23 11:30:40'),(144,'PI1774322216280',NULL,7,'AER',2,0,'2026-03-23 18:30:00','[]','12345','Sudipto Dutta',NULL,'pending',1,'2026-03-24 03:16:56'),(145,'PI1774333354520',15,NULL,'AER',1,0,'2026-03-23 18:30:00','[]','123456','NEW PERSON',NULL,'pending',1,'2026-03-24 06:22:34'),(146,'PI1774421279627',NULL,17,'AER',12,0,'2026-03-24 18:30:00','[]','123456','NEW PERSON',NULL,'pending',1,'2026-03-25 06:47:59'),(147,'PI1774422207123',NULL,17,'OMS',20,0,'2026-03-24 18:30:00','[]','12','Sudipto Dutta 3333',NULL,'pending',1,'2026-03-25 07:03:27'),(148,'PI1774448901187',22,NULL,'AER',1,0,'2026-03-24 18:30:00','[]','123456','NEW PERSON','Remark001','pending',1,'2026-03-25 14:28:21'),(149,'PI1774448922177',22,NULL,'AER',1,0,'2026-03-24 18:30:00','[]','12','Sudipto Dutta 3333','Remark001','pending',1,'2026-03-25 14:28:42'),(150,'PI1774868203628',46,NULL,'Control',2,1,'2026-03-29 18:30:00','[{\"no\": \"001\", \"qn\": 98, \"qtyHeld\": 43}]','12','Sudipto Dutta 3333','Remark009','pending',1,'2026-03-30 10:56:43'),(151,'PI1774871305561',21,NULL,'FER',2,0,'2026-03-29 18:30:00','[{\"no\": \"R001\", \"qn\": 30, \"qtyHeld\": 33, \"prev_qty\": 35, \"withdrawl_qty\": 2}, {\"no\": \"R002\", \"qn\": 25, \"qtyHeld\": 10}]','12345','Sudipto Dutta','Remark001','reversed',1,'2026-03-30 11:48:25'),(152,'PI1774873218434',46,NULL,'OMS',1,0,'2026-03-29 18:30:00','[{\"no\": \"001\", \"qn\": 98, \"qtyHeld\": 40, \"prev_qty\": 41, \"withdrawl_qty\": 1}]','12','Sudipto Dutta 3333','Remark001','reversed',1,'2026-03-30 12:20:18'),(153,'PI-1776939350906',46,NULL,'AER',3,2,'2026-04-22 18:30:00','[{\"no\": \"001\", \"qn\": 98, \"baseQn\": 92, \"qnMain\": 151, \"qtyHeld\": \"38\", \"location\": \"Reserved Room1\", \"incDecQty\": \"6\", \"maintainedQty\": \"\", \"baseMaintainedQty\": 145}]','12345','Sudipto Dutta ','Remark001','pending',4,'2026-04-23 10:15:50'),(154,'PI-1776943560333',23,NULL,'OMS',1,1,'2026-04-22 18:30:00','[{\"no\": \"R001\", \"qn\": \"32\", \"baseQn\": 34, \"qnMain\": 40, \"qtyHeld\": \"18\", \"location\": \"Reserved Room1\", \"incDecQty\": \"3\", \"baseMaintainedQty\": 37}, {\"no\": \"R002\", \"qn\": 28, \"baseQn\": 26, \"qnMain\": \"14\", \"qtyHeld\": \"20\", \"location\": \"FWD SPTA\", \"incDecQty\": \"2\", \"baseMaintainedQty\": 22}]','123456','NEW PERSON','REMARKS33','complete',4,'2026-04-23 11:26:00'),(155,'PI-1776946667584',NULL,23,'AER',1,0,'2026-04-22 18:30:00','[{\"no\": \"1256\", \"qn\": 34, \"baseQn\": 30, \"qnMain\": 50, \"qtyHeld\": \"32\", \"location\": \"FWD SPTA\", \"incDecQty\": \"4\", \"baseMaintainedQty\": 46}]','123456','NEW PERSON',NULL,'pending',4,'2026-04-23 12:17:47'),(156,'ADD_SUR-1777084711234',NULL,38,'MANUAL',5,3,'2026-04-25 02:38:31','[]','MANUAL','MANUAL',NULL,'pending',4,'2026-04-25 02:38:31'),(157,'PI-1777088897936',46,NULL,'AER',1,1,'2026-04-24 18:30:00','[{\"no\": \"001\", \"qn\": 98, \"baseQn\": 92, \"qnMain\": 151, \"qtyHeld\": \"37\", \"location\": \"Reserved Room1\", \"incDecQty\": \"6\", \"maintainedQty\": \"\", \"baseMaintainedQty\": 145}]','123456','NEW PERSON','REMARKS33','complete',4,'2026-04-25 03:48:17'),(158,'ADD_SUR-1777117098079',22,NULL,'MANUAL',5,0,'2026-04-25 11:38:18','[]','MANUAL','MANUAL',NULL,'reversed',4,'2026-04-25 11:38:18');
/*!40000 ALTER TABLE `survey` ENABLE KEYS */;
UNLOCK TABLES;

--
-- Table structure for table `temp_loan_transaction`
--

DROP TABLE IF EXISTS `temp_loan_transaction`;
/*!40101 SET @saved_cs_client     = @@character_set_client */;
/*!50503 SET character_set_client = utf8mb4 */;
CREATE TABLE `temp_loan_transaction` (
  `id` int NOT NULL AUTO_INCREMENT,
  `loan_id` int DEFAULT NULL,
  `date` varchar(15) DEFAULT NULL,
  `box_no` text,
  `quantity` int DEFAULT NULL,
  PRIMARY KEY (`id`),
  KEY `loan_id` (`loan_id`),
  CONSTRAINT `temp_loan_transaction_ibfk_1` FOREIGN KEY (`loan_id`) REFERENCES `pending` (`id`) ON DELETE SET NULL ON UPDATE CASCADE
) ENGINE=InnoDB AUTO_INCREMENT=17 DEFAULT CHARSET=utf8mb4 COLLATE=utf8mb4_0900_ai_ci;
/*!40101 SET character_set_client = @saved_cs_client */;

--
-- Dumping data for table `temp_loan_transaction`
--

LOCK TABLES `temp_loan_transaction` WRITE;
/*!40000 ALTER TABLE `temp_loan_transaction` DISABLE KEYS */;
INSERT INTO `temp_loan_transaction` VALUES (1,NULL,'20251026',NULL,2),(7,17,'20251027',NULL,1),(8,17,'20251027',NULL,2),(9,17,'20251027',NULL,1);
/*!40000 ALTER TABLE `temp_loan_transaction` ENABLE KEYS */;
UNLOCK TABLES;

--
-- Table structure for table `temporary_issue_local`
--

DROP TABLE IF EXISTS `temporary_issue_local`;
/*!40101 SET @saved_cs_client     = @@character_set_client */;
/*!50503 SET character_set_client = utf8mb4 */;
CREATE TABLE `temporary_issue_local` (
  `id` int NOT NULL AUTO_INCREMENT,
  `transaction_id` varchar(50) NOT NULL,
  `spare_id` int DEFAULT NULL,
  `tool_id` int DEFAULT NULL,
  `qty_withdrawn` int DEFAULT NULL,
  `service_no` varchar(100) NOT NULL,
  `issue_to` varchar(150) NOT NULL,
  `issue_date` date NOT NULL,
  `loan_duration` int DEFAULT NULL,
  `return_date` date DEFAULT NULL,
  `box_no` json DEFAULT NULL,
  `qty_received` int DEFAULT NULL,
  `created_by` int NOT NULL,
  `created_at` datetime DEFAULT CURRENT_TIMESTAMP,
  `approved_by` int DEFAULT NULL,
  `approved_at` datetime DEFAULT NULL,
  `status` varchar(20) DEFAULT NULL,
  `individual_name` varchar(150) DEFAULT NULL,
  `remarks` varchar(255) DEFAULT NULL,
  PRIMARY KEY (`id`),
  KEY `fk_temp_issue_spare` (`spare_id`),
  KEY `fk_temp_issue_tool` (`tool_id`),
  KEY `fk_temp_issue_created_by` (`created_by`),
  KEY `fk_temp_issue_approved_by` (`approved_by`),
  CONSTRAINT `fk_temp_issue_approved_by` FOREIGN KEY (`approved_by`) REFERENCES `users` (`id`) ON DELETE SET NULL ON UPDATE CASCADE,
  CONSTRAINT `fk_temp_issue_created_by` FOREIGN KEY (`created_by`) REFERENCES `users` (`id`) ON DELETE RESTRICT ON UPDATE CASCADE,
  CONSTRAINT `fk_temp_issue_spare` FOREIGN KEY (`spare_id`) REFERENCES `spares` (`id`) ON DELETE SET NULL ON UPDATE CASCADE,
  CONSTRAINT `fk_temp_issue_tool` FOREIGN KEY (`tool_id`) REFERENCES `tools` (`id`) ON DELETE SET NULL ON UPDATE CASCADE
) ENGINE=InnoDB AUTO_INCREMENT=155 DEFAULT CHARSET=utf8mb4 COLLATE=utf8mb4_0900_ai_ci;
/*!40101 SET character_set_client = @saved_cs_client */;

--
-- Dumping data for table `temporary_issue_local`
--

LOCK TABLES `temporary_issue_local` WRITE;
/*!40000 ALTER TABLE `temporary_issue_local` DISABLE KEYS */;
INSERT INTO `temporary_issue_local` VALUES (37,'TI-1769835930467',2,NULL,20,'ser 1 ','AER','2026-01-31',30,'2026-01-31','[{\"no\": \"Rabc01\", \"qn\": \"20\", \"qtyHeld\": \"30\", \"location\": \"new location 2026\"}, {\"no\": \"R0123\", \"qn\": \"25\", \"qtyHeld\": \"30\", \"location\": \"RACK-C\"}]',20,2,'2026-01-31 10:35:30',2,'2026-01-31 10:36:45','complete','Sudipto Dutta',NULL),(38,'TI-1769836343807',4,NULL,4,'ser 1 ','FER','2026-01-31',20,'2026-01-31','[{\"no\": \"001\", \"qn\": \"10\", \"qtyHeld\": \"8\", \"location\": \"AER WORKSHOP\", \"quantity\": \"\", \"boxNumber\": \"\"}, {\"no\": \"002\", \"qn\": \"10\", \"qtyHeld\": \"4\", \"location\": \"  FWD SPTA\"}, {\"no\": \"003\", \"qn\": \"5\", \"qtyHeld\": \"4\", \"location\": \"acas\"}]',4,2,'2026-01-31 10:42:23',2,'2026-01-31 10:50:14','complete','NEW PERSON',NULL),(39,'TI-1769840235551',4,NULL,5,'ser 1 ','FER','2026-01-31',30,'2026-02-01','[{\"no\": \"001\", \"qn\": \"10\", \"qtyHeld\": \"4\", \"location\": \"AER WORKSHOP\", \"quantity\": \"\", \"boxNumber\": \"\"}, {\"no\": \"002\", \"qn\": \"10\", \"qtyHeld\": \"2\", \"location\": \"  FWD SPTA\"}, {\"no\": \"003\", \"qn\": \"5\", \"qtyHeld\": \"8\", \"location\": \"acas\"}]',3,2,'2026-01-31 11:47:15',2,'2026-02-01 15:00:37','complete','NEW PERSON',NULL),(40,'TI-1769840840592',4,NULL,4,'ser 1 ','AER','2026-01-31',30,'2026-01-31','[{\"no\": \"001\", \"qn\": \"10\", \"qtyHeld\": \"4\", \"location\": \"AER WORKSHOP\", \"quantity\": \"\", \"boxNumber\": \"\"}, {\"no\": \"002\", \"qn\": \"10\", \"qtyHeld\": \"2\", \"location\": \"  FWD SPTA\"}, {\"no\": \"003\", \"qn\": \"5\", \"qtyHeld\": \"5\", \"location\": \"acas\"}]',4,2,'2026-01-31 11:57:20',2,'2026-01-31 11:57:58','complete','NEW PERSON',NULL),(41,'TI-1769841009969',2,NULL,30,'ser 1 ','FER','2026-01-31',30,'2026-02-01','[{\"no\": \"Rabc01\", \"qn\": \"20\", \"qtyHeld\": \"51\", \"location\": \"new location 2026\"}, {\"no\": \"R0123\", \"qn\": \"25\", \"qtyHeld\": \"9\", \"location\": \"RACK-C\"}]',30,2,'2026-01-31 12:00:09',2,'2026-02-01 15:00:15','complete','NEW PERSON',NULL),(42,'TI-1769842108345',2,NULL,5,'ser 1 ','FER','2026-01-31',30,'2026-01-31','[{\"no\": \"Rabc01\", \"qn\": \"20\", \"qtyHeld\": \"15\", \"location\": \"new location 2026\"}, {\"no\": \"R0123\", \"qn\": \"25\", \"qtyHeld\": \"15\", \"location\": \"RACK-C\"}]',5,2,'2026-01-31 12:18:28',2,'2026-01-31 12:23:55','complete','NEW PERSON',NULL),(43,'TI-1769847116326',3,NULL,5,'ser 1 ','AER','2026-01-31',20,'2026-01-31','[{\"no\": \"R001\", \"qn\": \"9\", \"qtyHeld\": \"10\", \"location\": \"Reserved Room1\", \"quantity\": \"\", \"boxNumber\": \"\"}]',5,2,'2026-01-31 13:41:56',2,'2026-01-31 13:42:58','complete','NEW PERSON',NULL),(44,'TI-1769852086928',2,NULL,10,'ser 1 ','FER','2026-01-31',20,'2026-01-31','[{\"no\": \"Rabc01\", \"qn\": \"25\", \"qtyHeld\": \"15\", \"location\": \"new location 2026\"}, {\"no\": \"R0123\", \"qn\": \"25\", \"qtyHeld\": \"15\", \"location\": \"RACK-C\"}]',10,2,'2026-01-31 15:04:46',2,'2026-01-31 15:05:17','complete','NEW PERSON',NULL),(45,'TI-1769852151945',2,NULL,10,'ser 1 ','FER','2026-01-31',30,'2026-01-31','[{\"no\": \"Rabc01\", \"qn\": \"25\", \"qtyHeld\": \"10\", \"location\": \"new location 2026\"}, {\"no\": \"R0123\", \"qn\": \"25\", \"qtyHeld\": \"10\", \"location\": \"RACK-C\"}]',10,2,'2026-01-31 15:05:51',2,'2026-01-31 23:22:24','complete','NEW PERSON',NULL),(46,'TI-1769852223392',3,NULL,5,'ser 1 ','AER','2026-01-31',20,'2026-01-31','[{\"no\": \"R001\", \"qn\": \"9\", \"qtyHeld\": \"10\", \"location\": \"Reserved Room1\", \"quantity\": \"\", \"boxNumber\": \"\"}]',5,2,'2026-01-31 15:07:03',2,'2026-01-31 17:36:56','complete','NEW PERSON',NULL),(47,'TI-1769861294742',3,NULL,5,'ser 1 ','FER','2026-01-31',20,'2026-01-31','[{\"no\": \"R001\", \"qn\": \"9\", \"qtyHeld\": \"15\", \"location\": \"Reserved Room1\", \"quantity\": \"\", \"boxNumber\": \"\"}]',5,2,'2026-01-31 17:38:14',2,'2026-01-31 17:38:36','complete','NEW PERSON',NULL),(48,'TI-1769878107214',2,NULL,10,'ser 1 ','FER','2026-01-31',30,'2026-02-01','[{\"no\": \"Rabc01\", \"qn\": \"25\", \"qtyHeld\": \"25\", \"location\": \"new location 2026\"}, {\"no\": \"R0123\", \"qn\": \"25\", \"qtyHeld\": \"5\", \"location\": \"RACK-C\"}]',10,2,'2026-01-31 22:18:27',2,'2026-02-01 14:41:12','complete','NEW PERSON',NULL),(49,'TI-1769882195437',3,NULL,3,'ser 1 ','AER','2026-01-31',10,'2026-02-01','[{\"no\": \"R001\", \"qn\": \"17\", \"qtyHeld\": \"15\", \"location\": \"Reserved Room1\", \"quantity\": \"\", \"boxNumber\": \"\"}]',3,2,'2026-01-31 23:26:35',2,'2026-02-01 14:50:39','complete','NEW PERSON',NULL),(50,'TI-1769884203666',4,NULL,3,'ser 1 ','FER','2026-01-31',30,'2026-02-01','[{\"no\": \"001\", \"qn\": \"10\", \"qtyHeld\": \"3\", \"location\": \"AER WORKSHOP\", \"quantity\": \"\", \"boxNumber\": \"\"}, {\"no\": \"002\", \"qn\": \"10\", \"qtyHeld\": \"2\", \"location\": \"  FWD SPTA\"}, {\"no\": \"003\", \"qn\": \"5\", \"qtyHeld\": \"6\", \"location\": \"acas\"}]',3,2,'2026-02-01 00:00:03',2,'2026-02-01 00:01:19','complete','NEW PERSON',NULL),(51,'TI-1769884418578',3,NULL,5,'ser 1 ','FER','2026-02-01',10,'2026-02-01','[{\"no\": \"R001\", \"qn\": \"17\", \"qtyHeld\": \"12\", \"location\": \"Reserved Room1\", \"quantity\": \"\", \"boxNumber\": \"\"}]',5,2,'2026-02-01 00:03:38',2,'2026-02-01 00:05:26','complete','NEW PERSON',NULL),(52,'TI-1769931829840',2,NULL,10,'ser 1 ','AER','2026-02-01',30,'2026-02-01','[{\"no\": \"Rabc01\", \"qn\": \"25\", \"qtyHeld\": \"5\", \"location\": \"new location 2026\"}, {\"no\": \"R0123\", \"qn\": \"25\", \"qtyHeld\": \"15\", \"location\": \"RACK-C\"}]',10,2,'2026-02-01 13:13:49',2,'2026-02-01 14:38:45','complete','NEW PERSON',NULL),(53,'TI-1769937439652',2,NULL,20,'ser 1 ','AER','2026-02-01',20,'2026-02-01','[{\"no\": \"Rabc01\", \"qn\": \"25\", \"qtyHeld\": \"34\", \"location\": \"new location 2026\"}, {\"no\": \"R0123\", \"qn\": \"25\", \"qtyHeld\": \"-4\", \"location\": \"RACK-C\"}]',20,2,'2026-02-01 14:47:19',2,'2026-02-01 14:49:54','complete','vNEW PERSON',NULL),(54,'TI-1769937823244',2,NULL,5,'ser 1 ','FER','2026-02-01',30,'2026-02-01','[{\"no\": \"Rabc01\", \"qn\": \"20\", \"qtyHeld\": \"21\", \"location\": \"new location 2026\"}, {\"no\": \"R0123\", \"qn\": \"25\", \"qtyHeld\": \"9\", \"location\": \"RACK-C\"}]',5,2,'2026-02-01 14:53:43',2,'2026-02-01 14:54:28','complete','NEW PERSON',NULL),(55,'TI-1769941826792',2,NULL,5,'ser 1 ','AER','2026-02-01',10,'2026-02-03','[{\"no\": \"Rabc01\", \"qn\": \"20\", \"qtyHeld\": \"34\", \"location\": \"new location 2026\"}, {\"no\": \"R0123\", \"qn\": \"25\", \"qtyHeld\": \"1\", \"location\": \"RACK-C\"}]',5,2,'2026-02-01 16:00:26',2,'2026-02-03 01:17:47','complete','NEW PERSON',NULL),(56,'TI-1769963860341',3,NULL,5,'ser 1 ','AER','2026-02-01',20,'2026-02-03','[{\"no\": \"R001\", \"qn\": \"17\", \"qtyHeld\": \"15\", \"location\": \"Reserved Room1\", \"quantity\": \"\", \"boxNumber\": \"\"}]',5,2,'2026-02-01 22:07:40',2,'2026-02-03 01:20:20','complete','NEW PERSON',NULL),(57,'TI-1770005835775',2,NULL,10,'ser 1 ','FER','2026-02-02',30,'2026-02-03','[{\"no\": \"Rabc01\", \"qn\": \"20\", \"qtyHeld\": \"39\", \"location\": \"new location 2026\"}, {\"no\": \"R0123\", \"qn\": \"25\", \"qtyHeld\": \"5\", \"location\": \"RACK-C\"}]',9,2,'2026-02-02 09:47:15',2,'2026-02-03 01:18:49','complete','NEW PERSON',NULL),(58,'TI-1770014853402',2,NULL,10,'ser 1 ','AER','2026-02-02',30,'2026-02-02','[{\"no\": \"Rabc01\", \"qn\": \"20\", \"qtyHeld\": \"30\", \"location\": \"new location 2026\"}, {\"no\": \"R0123\", \"qn\": \"25\", \"qtyHeld\": \"0\", \"location\": \"RACK-C\"}]',5,2,'2026-02-02 12:17:33',2,'2026-02-02 14:27:38','complete','NEW PERSON',NULL),(59,'TI-1770061854690',2,NULL,10,'','AER','2026-02-03',30,'2026-02-03','[{\"no\": \"Rabc01\", \"qn\": \"20\", \"qtyHeld\": \"34\", \"location\": \"new location 2026\"}, {\"no\": \"R0123\", \"qn\": \"25\", \"qtyHeld\": \"10\", \"location\": \"RACK-C\"}]',10,2,'2026-02-03 01:20:54',2,'2026-02-03 01:22:59','complete','NEW PERSON',NULL),(60,'TI-1770061913673',3,NULL,5,'','FER','2026-02-03',2,'2026-02-03','[{\"no\": \"R001\", \"qn\": \"17\", \"qtyHeld\": \"15\", \"location\": \"Reserved Room1\", \"quantity\": \"\", \"boxNumber\": \"\"}]',5,2,'2026-02-03 01:21:53',2,'2026-02-03 01:22:22','complete','NEW PERSON',NULL),(61,'TI-1770083456645',2,NULL,10,'','AER','2026-02-03',30,'2026-02-03','[{\"no\": \"Rabc01\", \"qn\": \"20\", \"qtyHeld\": \"29\", \"location\": \"new location 2026\"}, {\"no\": \"R0123\", \"qn\": \"25\", \"qtyHeld\": \"5\", \"location\": \"RACK-C\"}]',5,2,'2026-02-03 07:20:56',2,'2026-02-03 11:08:21','complete','NEW PERSON',NULL),(62,'TI-1770098926304',2,NULL,10,'','AER','2026-02-03',30,'2026-02-03','[{\"no\": \"Rabc01\", \"qn\": \"20\", \"qtyHeld\": \"28\", \"location\": \"new location 2026\"}, {\"no\": \"R0123\", \"qn\": \"25\", \"qtyHeld\": \"5\", \"location\": \"RACK-C\"}]',3,2,'2026-02-03 11:38:46',2,'2026-02-03 16:21:29','complete','NEW PERSON',NULL),(63,'TI-1770113197566',4,NULL,1,'','AER','2026-02-03',30,'2026-02-03','[{\"no\": \"001\", \"qn\": \"10\", \"qtyHeld\": \"5\", \"location\": \"AER WORKSHOP\", \"quantity\": \"\", \"boxNumber\": \"\"}, {\"no\": \"002\", \"qn\": \"10\", \"qtyHeld\": \"3\", \"location\": \"  FWD SPTA\"}, {\"no\": \"003\", \"qn\": \"5\", \"qtyHeld\": \"4\", \"location\": \"acas\"}]',1,2,'2026-02-03 15:36:37',2,'2026-02-03 15:41:08','complete','NEW PERSONNEW PERSON',NULL),(64,'TI-1770116983302',10,NULL,5,'','AER','2026-02-03',30,'2026-02-03','[{\"no\": \"R001\", \"qn\": \"9\", \"qtyHeld\": \"7\", \"location\": \"RACK-A\"}]',5,2,'2026-02-03 16:39:43',2,'2026-02-03 16:40:50','complete','NEW PERSON',NULL),(65,'TI-1770119691074',2,NULL,10,'','AER','2026-02-03',30,NULL,'[{\"no\": \"Rabc01\", \"qn\": \"20\", \"qtyHeld\": \"20\", \"location\": \"new location 2026\"}, {\"no\": \"R0123\", \"qn\": \"25\", \"qtyHeld\": \"3\", \"location\": \"RACK-C\"}]',NULL,2,'2026-02-03 17:24:51',2,'2026-02-03 17:25:05','utilised','NEW PERSON',NULL),(66,'TI-1770119833380',2,NULL,3,'','AER','2026-02-03',30,NULL,'[{\"no\": \"Rabc01\", \"qn\": \"20\", \"qtyHeld\": \"18\", \"location\": \"new location 2026\"}, {\"no\": \"R0123\", \"qn\": \"25\", \"qtyHeld\": \"2\", \"location\": \"RACK-C\"}]',NULL,2,'2026-02-03 17:27:13',2,'2026-02-03 17:27:43','utilised','NEW PERSON',NULL),(67,'TI-1770120769965',10,NULL,5,'','AER','2026-02-03',30,'2026-02-03','[{\"no\": \"R001\", \"qn\": \"9\", \"qtyHeld\": \"7\", \"location\": \"RACK-A\"}]',5,2,'2026-02-03 17:42:49',2,'2026-02-03 17:43:21','complete',NULL,NULL),(68,'TI-1770120856353',10,NULL,5,'','AER','2026-02-03',30,NULL,'[{\"no\": \"R001\", \"qn\": \"9\", \"qtyHeld\": \"2\", \"location\": \"RACK-A\"}]',NULL,2,'2026-02-03 17:44:16',2,'2026-02-03 17:44:29','utilised','NEW PERSON',NULL),(69,'TI-1770120968451',2,NULL,2,'','AER','2026-02-03',30,NULL,'[{\"no\": \"Rabc01\", \"qn\": \"20\", \"qtyHeld\": \"19\", \"location\": \"new location 2026\"}, {\"no\": \"R0123\", \"qn\": \"25\", \"qtyHeld\": \"1\", \"location\": \"RACK-C\"}]',NULL,2,'2026-02-03 17:46:08',2,'2026-02-04 13:04:00','utilised','NEW PERSON',NULL),(70,'TI-1770121160372',2,NULL,3,'','AER','2026-02-03',30,NULL,'[{\"no\": \"Rabc01\", \"qn\": \"20\", \"qtyHeld\": \"23\", \"location\": \"new location 2026\"}, {\"no\": \"R0123\", \"qn\": \"25\", \"qtyHeld\": \"2\", \"location\": \"RACK-C\"}]',NULL,2,'2026-02-03 17:49:20',2,'2026-02-03 17:49:41','utilised',NULL,NULL),(71,'TI-1770143275934',15,NULL,1,'','FER','2026-02-03',30,'2026-02-04','[{\"no\": \"Rabc01\", \"qn\": \"50\", \"qtyHeld\": \"43\", \"location\": \"AER Workshop\"}]',1,2,'2026-02-03 23:57:55',2,'2026-02-04 00:36:31','complete','NEW PERSON',NULL),(72,'TI-1770143375436',15,NULL,2,'','OMS','2026-02-03',30,'2026-02-04','[{\"no\": \"Rabc01\", \"qn\": \"50\", \"qtyHeld\": \"37\", \"location\": \"AER Workshop\"}]',2,2,'2026-02-03 23:59:35',2,'2026-02-04 00:34:38','complete','NEW PERSON',NULL),(81,'TI-1770190340699',2,NULL,1,'12345','AER','2026-02-04',10,NULL,'[{\"no\": \"Rabc01\", \"qn\": \"20\", \"qtyHeld\": \"19\", \"location\": \"new location 2026\"}, {\"no\": \"R0123\", \"qn\": \"23\", \"qtyHeld\": \"22\", \"location\": \"RACK-C\"}, {\"no\": \"R004\", \"qn\": \"2\", \"qtyHeld\": \"3\", \"location\": \"RACK-B\"}]',NULL,2,'2026-02-04 13:02:20',2,'2026-02-04 13:02:47','utilised',NULL,NULL),(82,'TI-1770190487814',3,NULL,1,'12345','AER','2026-02-04',10,NULL,'[{\"no\": \"R001\", \"qn\": \"17\", \"qtyHeld\": \"13\", \"location\": \"Reserved Room1\", \"quantity\": \"\", \"boxNumber\": \"\"}]',NULL,2,'2026-02-04 13:04:47',2,'2026-02-04 13:05:30','utilised','NEW PERSON',NULL),(83,'TI-1770191362903',2,NULL,3,'12345','AER','2026-02-04',5,NULL,'[{\"no\": \"Rabc01\", \"qn\": \"20\", \"qtyHeld\": \"18\", \"location\": \"new location 2026\"}, {\"no\": \"R0123\", \"qn\": \"23\", \"qtyHeld\": \"21\", \"location\": \"RACK-C\"}, {\"no\": \"R004\", \"qn\": \"2\", \"qtyHeld\": \"2\", \"location\": \"RACK-B\"}]',NULL,2,'2026-02-04 13:19:22',2,'2026-02-04 13:21:16','utilised','NEW PERSON',NULL),(84,'TI-1770191786097',2,NULL,10,'12345','AER','2026-02-04',10,NULL,'[{\"no\": \"Rabc01\", \"qn\": \"20\", \"qtyHeld\": \"8\", \"location\": \"new location 2026\"}, {\"no\": \"R0123\", \"qn\": \"23\", \"qtyHeld\": \"21\", \"location\": \"RACK-C\"}, {\"no\": \"R004\", \"qn\": \"2\", \"qtyHeld\": \"2\", \"location\": \"RACK-B\"}]',NULL,2,'2026-02-04 13:26:26',2,'2026-02-04 13:26:38','utilised','NEW PERSON',NULL),(85,'TI-1770193554311',NULL,NULL,2,'','AER','2026-02-04',10,'2026-02-04','[{\"no\": \"R001\", \"qn\": \"10\", \"qtyHeld\": \"20\", \"location\": \"FWD SPTA\"}, {\"no\": \"R01\", \"qn\": \"20\", \"qtyHeld\": \"3\", \"location\": \"FWD SPTA\"}]',2,2,'2026-02-04 13:55:54',2,'2026-02-04 13:56:36','complete','NEW PERSON',NULL),(86,'TI-1770195927030',NULL,2,5,'','AER','2026-02-04',12,'2026-02-04','[{\"no\": \"001\", \"qn\": \"20\", \"qtyHeld\": \"28\", \"location\": \"AER Workshop\"}, {\"no\": \"002\", \"qn\": \"20\", \"qtyHeld\": \"5\", \"location\": \"FWD SPTA\"}]',5,2,'2026-02-04 14:35:27',2,'2026-02-04 14:38:55','complete','NEW PERSON',NULL),(87,'TI-1770195971965',NULL,NULL,3,'','AER','2026-02-04',30,NULL,'[{\"no\": \"R001\", \"qn\": \"10\", \"qtyHeld\": \"18\", \"location\": \"FWD SPTA\"}, {\"no\": \"R01\", \"qn\": \"20\", \"qtyHeld\": \"1\", \"location\": \"FWD SPTA\"}]',NULL,2,'2026-02-04 14:36:11',2,'2026-02-04 14:37:44','utilised','NEW PERSON',NULL),(88,'TI-1770196185181',NULL,2,5,'','AER','2026-02-04',30,NULL,'[{\"no\": \"001\", \"qn\": \"20\", \"qtyHeld\": \"23\", \"location\": \"AER Workshop\"}, {\"no\": \"002\", \"qn\": \"20\", \"qtyHeld\": \"5\", \"location\": \"FWD SPTA\"}]',NULL,2,'2026-02-04 14:39:45',2,'2026-02-04 14:40:25','utilised','NEW PERSON',NULL),(89,'TI-1770196328959',2,NULL,3,'12345','AER','2026-02-04',21,'2026-02-04','[{\"no\": \"Rabc01\", \"qn\": \"20\", \"qtyHeld\": \"18\", \"location\": \"new location 2026\"}, {\"no\": \"R0123\", \"qn\": \"23\", \"qtyHeld\": \"24\", \"location\": \"RACK-C\"}, {\"no\": \"R004\", \"qn\": \"2\", \"qtyHeld\": \"4\", \"location\": \"RACK-B\"}]',3,2,'2026-02-04 14:42:08',2,'2026-02-04 14:42:40','complete','NEW PERSON',NULL),(90,'TI-1770196762572',NULL,NULL,1,'12345','Control','2026-02-04',18,'2026-02-04','[{\"no\": \"R001\", \"qn\": \"10\", \"qtyHeld\": \"18\", \"location\": \"FWD SPTA\"}, {\"no\": \"R01\", \"qn\": \"20\", \"qtyHeld\": \"1\", \"location\": \"FWD SPTA\"}]',1,2,'2026-02-04 14:49:22',2,'2026-02-04 14:49:49','complete','NEW PERSON',NULL),(91,'TI-1770198175589',NULL,NULL,3,'12345','OMS','2026-02-04',30,NULL,'[{\"no\": \"R001\", \"qn\": \"10\", \"qtyHeld\": \"15\", \"location\": \"FWD SPTA\"}, {\"no\": \"R01\", \"qn\": \"20\", \"qtyHeld\": \"1\", \"location\": \"FWD SPTA\"}]',NULL,2,'2026-02-04 15:12:55',2,'2026-02-04 15:13:19','utilised','NEW PERSON',NULL),(92,'TI-1770209619200',10,NULL,1,'12','FER','2026-02-04',10,NULL,'[{\"no\": \"R001\", \"qn\": \"9\", \"qtyHeld\": \"1\", \"location\": \"RACK-A\"}]',NULL,2,'2026-02-04 18:23:39',2,'2026-02-04 18:24:19','utilised','NEW PERSON',NULL),(93,'TI-1770209721821',23,NULL,10,'12','OMS','2026-02-04',30,NULL,'[{\"no\": \"R001\", \"qn\": \"30\", \"qtyHeld\": \"15\", \"location\": \"RACK-A\"}, {\"no\": \"R002\", \"qn\": \"25\", \"qtyHeld\": \"15\", \"location\": \"FWD SPTA\"}]',NULL,2,'2026-02-04 18:25:21',2,'2026-02-04 18:25:42','utilised','NEW PERSONNEW PERSON',NULL),(94,'TI-1770209875832',23,NULL,5,'12345','AER','2026-02-04',32,'2026-02-04','[{\"no\": \"R001\", \"qn\": \"30\", \"qtyHeld\": \"18\", \"location\": \"RACK-A\"}, {\"no\": \"R002\", \"qn\": \"25\", \"qtyHeld\": \"17\", \"location\": \"FWD SPTA\"}]',5,2,'2026-02-04 18:27:55',2,'2026-02-04 18:28:17','complete','NEW PERSONNEW PERSONNEW PERSON',NULL),(95,'TI-1770354129610',NULL,2,7,'12','AER','2026-02-06',25,'2026-02-06','[{\"no\": \"001\", \"qn\": \"20\", \"qtyHeld\": \"32\", \"location\": \"AER Workshop\"}, {\"no\": \"002\", \"qn\": \"20\", \"qtyHeld\": \"5\", \"location\": \"FWD SPTA\"}]',7,2,'2026-02-06 10:32:09',2,'2026-02-06 10:36:33','complete','NEW PERSON',NULL),(96,'TI-1770354417775',NULL,NULL,5,'12','AER','2026-02-06',12,'2026-02-06','[{\"no\": \"R001\", \"qn\": \"10\", \"qtyHeld\": \"15\", \"location\": \"FWD SPTA\"}, {\"no\": \"R01\", \"qn\": \"20\", \"qtyHeld\": \"8\", \"location\": \"FWD SPTA\"}]',5,2,'2026-02-06 10:36:57',2,'2026-02-06 10:37:37','complete','NEW PERSON',NULL),(97,'TI-1770355293782',2,NULL,8,'12','AER','2026-02-06',25,'2026-02-06','[{\"no\": \"Rabc01\", \"qn\": \"20\", \"qtyHeld\": \"22\", \"location\": \"new location 2026\"}, {\"no\": \"R0123\", \"qn\": \"23\", \"qtyHeld\": \"22\", \"location\": \"RACK-C\"}, {\"no\": \"R004\", \"qn\": \"2\", \"qtyHeld\": \"8\", \"location\": \"RACK-B\"}]',8,2,'2026-02-06 10:51:33',2,'2026-02-06 10:54:46','complete','NEW PERSON',NULL),(98,'TI-1770371023125',2,NULL,4,'12','AER','2026-02-06',30,'2026-02-07','[{\"no\": \"Rabc01\", \"qn\": \"20\", \"qtyHeld\": \"35\", \"location\": \"new location 2026\"}, {\"no\": \"R0123\", \"qn\": \"23\", \"qtyHeld\": \"18\", \"location\": \"RACK-C\"}, {\"no\": \"R004\", \"qn\": \"2\", \"qtyHeld\": \"8\", \"location\": \"RACK-B\"}]',4,2,'2026-02-06 15:13:43',2,'2026-02-07 17:25:22','complete','NEW PERSON',NULL),(99,'TI-1770610554564',NULL,NULL,10,'12','AER','2026-02-09',12,'2026-02-09','[{\"no\": \"R001\", \"qn\": \"10\", \"qtyHeld\": \"23\", \"location\": \"FWD SPTA\"}, {\"no\": \"R01\", \"qn\": \"20\", \"qtyHeld\": \"0\", \"location\": \"FWD SPTA\"}]',10,2,'2026-02-09 09:45:54',2,'2026-02-09 09:58:38','complete','NEW PERSON',NULL),(100,'TI-1770611381355',NULL,2,10,'12','AER','2026-02-09',10,'2026-02-09','[{\"no\": \"001\", \"qn\": \"20\", \"qtyHeld\": \"37\", \"location\": \"AER Workshop\"}, {\"no\": \"002\", \"qn\": \"20\", \"qtyHeld\": \"0\", \"location\": \"FWD SPTA\"}]',10,2,'2026-02-09 09:59:41',2,'2026-02-09 10:00:45','complete','NEW PERSON',NULL),(101,'TI-1770611499467',NULL,2,7,'12','AER','2026-02-09',25,'2026-02-09','[{\"no\": \"001\", \"qn\": \"20\", \"qtyHeld\": \"37\", \"location\": \"AER Workshop\"}, {\"no\": \"002\", \"qn\": \"20\", \"qtyHeld\": \"0\", \"location\": \"FWD SPTA\"}]',7,2,'2026-02-09 10:01:39',2,'2026-02-09 18:35:30','complete','NEW PERSON',NULL),(102,'TI-1770699972271',NULL,NULL,5,'12','AER','2026-02-10',12,'2026-02-11','[{\"no\": \"R001\", \"qn\": \"10\", \"qtyHeld\": \"23\", \"location\": \"FWD SPTA\"}, {\"no\": \"R01\", \"qn\": \"20\", \"qtyHeld\": \"0\", \"location\": \"FWD SPTA\"}]',5,2,'2026-02-10 10:36:12',2,'2026-02-11 17:23:07','complete','NEW PERSON',NULL),(104,'TI-1770811918991',NULL,NULL,10,'12','FER','2026-02-11',12,'2026-02-11','[{\"no\": \"R001\", \"qn\": \"10\", \"qtyHeld\": \"22\", \"location\": \"FWD SPTA\"}, {\"no\": \"R01\", \"qn\": \"20\", \"qtyHeld\": \"0\", \"location\": \"FWD SPTA\"}]',10,2,'2026-02-11 17:41:59',2,'2026-02-11 17:42:42','complete','NEW PERSON',NULL),(105,'TI-1770836599539',NULL,2,10,'12','FER','2026-02-12',12,'2026-02-12','[{\"no\": \"001\", \"qn\": \"20\", \"qtyHeld\": \"35\", \"location\": \"AER Workshop\"}, {\"no\": \"002\", \"qn\": \"20\", \"qtyHeld\": \"0\", \"location\": \"FWD SPTA\"}]',10,2,'2026-02-12 00:33:19',2,'2026-02-12 00:34:03','complete','NEW PERSON',NULL),(106,'TI-1770885736504',NULL,5,10,'12','FER','2026-02-12',12,'2026-02-21','[{\"no\": \"R001\", \"qn\": \"40\", \"qnMain\": \"35\", \"qtyHeld\": \"30\", \"location\": \"Reserved Room1\"}]',10,2,'2026-02-12 14:12:16',2,'2026-02-21 16:56:06','complete',NULL,NULL),(107,'TI-1770885766984',23,NULL,10,'12','FER','2026-02-12',12,'2026-02-25','[{\"no\": \"R001\", \"qn\": 30, \"baseQn\": 30, \"qnMain\": 33, \"qtyHeld\": \"36\", \"location\": \"Reserved Room1\", \"incDecQty\": \"\", \"baseMaintainedQty\": 33}, {\"no\": \"R002\", \"qn\": 22, \"baseQn\": 22, \"qnMain\": 18, \"qtyHeld\": \"13\", \"location\": \"FWD SPTA\", \"incDecQty\": \"\", \"baseMaintainedQty\": 18}]',6,2,'2026-02-12 14:12:46',2,'2026-02-25 10:23:05','utilised','NEW PERSONNEW PERSON',NULL),(108,'TI-1770974215851',NULL,5,3,'12','FER','2026-02-06',5,'2026-02-25','[{\"no\": \"R001\", \"qn\": 30, \"baseQn\": 30, \"qnMain\": 25, \"qtyHeld\": \"28\", \"location\": \"Reserved Room1\", \"incDecQty\": \"\", \"baseMaintainedQty\": 25}]',3,2,'2026-02-13 14:46:55',2,'2026-02-25 10:22:00','complete','NEW PERSON',NULL),(109,'TI-1771158408837',3,NULL,1,'12','OMS','2026-02-15',5,NULL,'[{\"no\": \"R001\", \"qn\": \"17\", \"qtyHeld\": \"18\", \"location\": \"Reserved Room1\", \"quantity\": \"\", \"boxNumber\": \"\"}]',NULL,2,'2026-02-15 17:56:48',2,'2026-02-26 00:54:56','utilised','NEW PERSONNEW PERSON',NULL),(110,'TI-1772005701962',NULL,5,10,'12','AER','2026-02-25',5,'2026-02-25','[{\"no\": \"R001\", \"qn\": \"40\", \"baseQn\": 30, \"qnMain\": 25, \"qtyHeld\": \"18\", \"location\": \"Reserved Room1\", \"incDecQty\": \"\", \"baseMaintainedQty\": 25}]',2,2,'2026-02-25 13:18:21',2,'2026-02-25 16:15:50','utilised','NEW PERSON',NULL),(111,'TI-1772005764493',NULL,5,3,'12345','OMS','2026-02-25',12,'2026-02-25','[{\"no\": \"R001\", \"qn\": \"40\", \"baseQn\": 30, \"qnMain\": 25, \"qtyHeld\": \"16\", \"location\": \"Reserved Room1\", \"incDecQty\": \"\", \"baseMaintainedQty\": 25}]',1,2,'2026-02-25 13:19:24',2,'2026-02-25 16:14:57','utilised','NEW PERSON',NULL),(112,'TI-1772010087719',NULL,11,10,'12','AER','2026-02-25',12,'2026-02-25','[{\"no\": \"001\", \"qn\": \"80\", \"baseQn\": 85, \"qnMain\": 80, \"qtyHeld\": \"65\", \"location\": \"RACK-A\", \"incDecQty\": \"\", \"baseMaintainedQty\": 80}]',2,2,'2026-02-25 14:31:27',2,'2026-02-25 16:13:24','utilised','NEW PERSON',NULL),(113,'TI-1772010102242',NULL,11,10,'12','OMS','2026-02-25',25,'2026-02-25','[{\"no\": \"001\", \"qn\": \"80\", \"baseQn\": 85, \"qnMain\": 80, \"qtyHeld\": \"63\", \"location\": \"RACK-A\", \"incDecQty\": \"\", \"baseMaintainedQty\": 80}]',3,2,'2026-02-25 14:31:42',2,'2026-02-25 14:36:38','utilised','NEW PERSON',NULL),(114,'TI-1772047521699',NULL,11,5,'12','AER','2026-02-26',12,'2026-02-26','[{\"no\": \"001\", \"qn\": \"80\", \"baseQn\": 85, \"qnMain\": 80, \"qtyHeld\": \"62\", \"location\": \"RACK-A\", \"incDecQty\": \"\", \"baseMaintainedQty\": 80}]',2,2,'2026-02-26 00:55:21',2,'2026-02-26 00:55:40','utilised','NEW PERSON',NULL),(115,'TI-1772050147325',NULL,NULL,10,'12','AER','2026-02-26',12,NULL,'[{\"no\": \"001\", \"qn\": 50, \"baseQn\": 35, \"qnMain\": 35, \"qtyHeld\": \"2\", \"location\": \"FWD SPTA\", \"incDecQty\": \"15\", \"baseMaintainedQty\": 35}]',NULL,2,'2026-02-26 01:39:07',NULL,NULL,'pending','NEW PERSON',NULL),(116,'TI-1772072159495',54,NULL,5,'12','AER','2026-02-26',12,'2026-02-26','[{\"no\": \"R152\", \"qn\": \"30\", \"qnMain\": \"25\", \"qtyHeld\": \"7\", \"location\": \"FWD SPTA\"}]',2,2,'2026-02-26 07:45:59',2,'2026-02-26 09:32:54','partial','NEW PERSON',NULL),(117,'TI-1772073111686',46,NULL,1,'12','AER','2026-02-26',5,NULL,'[{\"no\": \"001\", \"qn\": 85, \"baseQn\": 85, \"qnMain\": \"80\", \"qtyHeld\": \"8\", \"location\": \"Reserved Room1\", \"incDecQty\": \"\", \"maintainedQty\": \"\", \"baseMaintainedQty\": 90}]',NULL,2,'2026-02-26 08:01:51',NULL,NULL,'pending','NEW PERSON',NULL),(118,'TI-1772073313967',46,NULL,2,'12','AER','2026-02-26',5,'2026-02-26','[{\"no\": \"001\", \"qn\": 85, \"baseQn\": 85, \"qnMain\": \"80\", \"qtyHeld\": \"21\", \"location\": \"Reserved Room1\", \"incDecQty\": \"\", \"maintainedQty\": \"\", \"baseMaintainedQty\": 90}]',1,2,'2026-02-26 08:05:13',2,'2026-02-26 09:32:41','partial','NEW PERSON',NULL),(119,'TI-1772073308184',46,NULL,2,'12','AER','2026-02-26',5,'2026-03-02','[{\"no\": \"001\", \"qn\": 89, \"baseQn\": 87, \"qnMain\": 94, \"qtyHeld\": \"38\", \"location\": \"Reserved Room1\", \"incDecQty\": \"2\", \"maintainedQty\": \"\", \"baseMaintainedQty\": 92}]',2,2,'2026-02-26 08:05:43',2,'2026-03-02 16:54:30','complete','NEW PERSON',NULL),(120,'TI-1772073311244',46,NULL,2,'12','AER','2026-02-26',5,NULL,'[{\"no\": \"001\", \"qn\": 85, \"baseQn\": 85, \"qnMain\": \"80\", \"qtyHeld\": \"8\", \"location\": \"Reserved Room1\", \"incDecQty\": \"\", \"maintainedQty\": \"\", \"baseMaintainedQty\": 90}]',NULL,2,'2026-02-26 08:05:43',NULL,NULL,'pending','NEW PERSON',NULL),(121,'TI-1772074232962',23,NULL,5,'12','AER','2026-02-26',5,'2026-02-26','[{\"no\": \"R001\", \"qn\": 30, \"baseQn\": 30, \"qnMain\": \"28\", \"qtyHeld\": \"20\", \"location\": \"Reserved Room1\", \"incDecQty\": \"\", \"baseMaintainedQty\": 33}, {\"no\": \"R002\", \"qn\": 22, \"baseQn\": 22, \"qnMain\": 18, \"qtyHeld\": \"NaN\", \"location\": \"FWD SPTA\", \"incDecQty\": \"\", \"baseMaintainedQty\": 18}]',5,2,'2026-02-26 08:20:32',2,'2026-02-26 09:26:50','complete','NEW PERSONNEW PERSON',NULL),(122,'TI-1772074266992',23,NULL,5,'12','AER','2026-02-26',10,'2026-02-26','[{\"no\": \"R001\", \"qn\": 30, \"baseQn\": 30, \"qnMain\": \"28\", \"qtyHeld\": \"15\", \"location\": \"Reserved Room1\", \"incDecQty\": \"\", \"baseMaintainedQty\": 33}, {\"no\": \"R002\", \"qn\": 22, \"baseQn\": 22, \"qnMain\": 18, \"qtyHeld\": \"NaN\", \"location\": \"FWD SPTA\", \"incDecQty\": \"\", \"baseMaintainedQty\": 18}]',5,2,'2026-02-26 08:21:07',2,'2026-02-26 09:25:50','complete','NEW PERSONNEW PERSON',NULL),(123,'TI-1772076485054',27,NULL,5,'12','AER','2026-02-26',12,'2026-02-26','[{\"no\": \"001\", \"qn\": 10, \"baseQn\": 10, \"qnMain\": 15, \"qtyHeld\": \"15\", \"location\": \"RACK-A\", \"incDecQty\": \"\", \"baseMaintainedQty\": 15}, {\"no\": \"002\", \"qn\": 10, \"baseQn\": 10, \"qnMain\": 15, \"qtyHeld\": \"20\", \"location\": \"RACK-B\", \"incDecQty\": \"\", \"baseMaintainedQty\": 15}]',5,2,'2026-02-26 08:58:05',2,'2026-02-26 09:25:28','complete','NEW PERSON',NULL),(124,'TI-1772076962339',22,NULL,5,'12','AER','2026-02-26',5,'2026-03-02','[{\"no\": \"R001\", \"qn\": 10, \"baseQn\": 10, \"qnMain\": \"15\", \"qtyHeld\": \"32\", \"location\": \"FWD SPTA\", \"incDecQty\": \"\", \"baseMaintainedQty\": -5}, {\"no\": \"R002\", \"qn\": 10, \"baseQn\": 10, \"qnMain\": \"10\", \"qtyHeld\": \"50\", \"location\": \"AER Workshop\", \"incDecQty\": \"\", \"baseMaintainedQty\": 0}]',2,2,'2026-02-26 09:06:02',2,'2026-03-02 17:12:40','partial','NEW PERSON',NULL),(125,'TI-1772077019980',22,NULL,5,'12','OMS','2026-02-26',12,'2026-02-26','[{\"no\": \"R001\", \"qn\": 10, \"baseQn\": 10, \"qnMain\": \"15\", \"qtyHeld\": \"30\", \"location\": \"FWD SPTA\", \"incDecQty\": \"\", \"baseMaintainedQty\": -5}, {\"no\": \"R002\", \"qn\": 10, \"baseQn\": 10, \"qnMain\": \"10\", \"qtyHeld\": \"50\", \"location\": \"AER Workshop\", \"incDecQty\": \"\", \"baseMaintainedQty\": 0}]',5,2,'2026-02-26 09:06:59',2,'2026-02-26 09:24:54','complete','NEW PERSON',NULL),(126,'TI-1772078607666',NULL,7,1,'12','AER','2026-02-26',5,'2026-02-26','[{\"no\": \"R001\", \"qn\": \"15\", \"qnMain\": \"10\", \"qtyHeld\": \"15\", \"location\": \"FWD SPTA\"}, {\"no\": \"R002\", \"qn\": \"15\", \"qnMain\": \"10\", \"qtyHeld\": \"10\", \"location\": \"AER Workshop\"}]',1,2,'2026-02-26 09:33:27',2,'2026-02-26 09:33:52','complete','NEW PERSON',NULL),(127,'TI-1772081870671',23,NULL,5,'123456','AER','2026-02-26',NULL,'2026-03-06','[{\"no\": \"R001\", \"qn\": \"32\", \"baseQn\": 34, \"qnMain\": 40, \"qtyHeld\": \"9\", \"location\": \"Reserved Room1\", \"incDecQty\": \"3\", \"baseMaintainedQty\": 37}, {\"no\": \"R002\", \"qn\": 28, \"baseQn\": 26, \"qnMain\": \"14\", \"qtyHeld\": \"12\", \"location\": \"FWD SPTA\", \"incDecQty\": \"2\", \"baseMaintainedQty\": 22}]',2,2,'2026-02-26 10:27:50',4,'2026-03-10 16:03:40','reversed','NEW PERSON',NULL),(128,'TI-1772081947395',23,NULL,5,'123456','AER','2026-02-26',5,'2026-03-02','[{\"no\": \"R001\", \"qn\": 37, \"baseQn\": 34, \"qnMain\": 40, \"qtyHeld\": \"8\", \"location\": \"Reserved Room1\", \"incDecQty\": \"3\", \"baseMaintainedQty\": 37}, {\"no\": \"R002\", \"qn\": 28, \"baseQn\": 26, \"qnMain\": 24, \"qtyHeld\": \"10\", \"location\": \"FWD SPTA\", \"incDecQty\": \"2\", \"baseMaintainedQty\": 22}]',5,2,'2026-02-26 10:29:07',2,'2026-03-02 16:45:58','complete','NEW PERSON',NULL),(129,'TI-1772081987013',23,NULL,5,'123456','AER','2026-02-22',3,'2026-03-21','[{\"no\": \"R001\", \"qn\": \"32\", \"baseQn\": 34, \"qnMain\": 40, \"qtyHeld\": \"18\", \"location\": \"Reserved Room1\", \"incDecQty\": \"3\", \"baseMaintainedQty\": 37}, {\"no\": \"R002\", \"qn\": 28, \"baseQn\": 26, \"qnMain\": \"14\", \"qtyHeld\": \"21\", \"location\": \"FWD SPTA\", \"incDecQty\": \"2\", \"baseMaintainedQty\": 22}]',5,2,'2026-02-26 10:29:47',4,'2026-03-21 21:13:31','complete','NEW PERSONNEW PERSON',NULL),(130,'TI-1772082197124',NULL,7,5,'123456','OMS','2026-02-23',3,NULL,'[{\"no\": \"R001\", \"qn\": \"15\", \"qnMain\": \"10\", \"qtyHeld\": \"5\", \"location\": \"FWD SPTA\"}, {\"no\": \"R002\", \"qn\": \"15\", \"qnMain\": \"10\", \"qtyHeld\": \"10\", \"location\": \"AER Workshop\"}]',NULL,2,'2026-02-26 10:33:17',2,'2026-03-04 22:47:47','reversed','NEW PERSON',NULL),(131,'TI-1772084789364',46,NULL,5,'123456','OMS','2026-02-26',6,'2026-03-01','[{\"no\": \"001\", \"qn\": 89, \"baseQn\": 87, \"qnMain\": 94, \"qtyHeld\": \"37\", \"location\": \"Reserved Room1\", \"incDecQty\": \"2\", \"maintainedQty\": \"\", \"baseMaintainedQty\": 92}]',5,2,'2026-02-26 11:16:29',4,'2026-03-01 20:26:11','complete','NEW PERSON',NULL),(132,'TI-1772085515989',NULL,11,1,'123456','AER','2026-02-26',9,'2026-02-28','[{\"no\": \"001\", \"qn\": \"80\", \"baseQn\": 85, \"qnMain\": 80, \"qtyHeld\": \"62\", \"location\": \"AER Workshop\", \"incDecQty\": \"\", \"baseMaintainedQty\": 80}]',1,2,'2026-02-26 11:28:36',2,'2026-02-28 16:47:40','complete','NEW PERSON',NULL),(133,'TI-1772520810758',NULL,11,4,'123456','AER','2026-03-03',5,'2026-03-03','[{\"no\": \"001\", \"qn\": \"80\", \"baseQn\": 85, \"qnMain\": 80, \"qtyHeld\": \"60\", \"location\": \"AER Workshop\", \"incDecQty\": \"\", \"baseMaintainedQty\": 80}]',2,4,'2026-03-03 12:23:30',2,'2026-03-04 13:06:16','reversed','NEW PERSON',NULL),(134,'TI-1772521725829',NULL,11,2,'123456','AER','2026-03-03',6,'2026-03-03','[{\"no\": \"001\", \"qn\": \"80\", \"baseQn\": 85, \"qnMain\": 80, \"qtyHeld\": \"60\", \"location\": \"AER Workshop\", \"incDecQty\": \"\", \"baseMaintainedQty\": 80}]',2,4,'2026-03-03 12:38:45',4,'2026-03-03 12:40:05','complete','NEW PERSON',NULL),(135,'TI-1772609820668',NULL,NULL,5,'12345','AER','2026-03-04',5,NULL,'[{\"no\": \"001\", \"qn\": 50, \"baseQn\": 35, \"qnMain\": 35, \"qtyHeld\": \"26\", \"location\": \"turex\", \"incDecQty\": \"15\", \"baseMaintainedQty\": 35}]',NULL,2,'2026-03-04 13:07:00',2,'2026-03-04 13:07:13','reversed','NEW PERSON','REMARKS098'),(136,'TI-1772644806216',NULL,7,5,'123456','AER','2026-03-04',5,NULL,'[{\"no\": \"R001\", \"qn\": \"15\", \"qnMain\": \"10\", \"qtyHeld\": \"7\", \"location\": \"FWD SPTA\"}, {\"no\": \"R002\", \"qn\": \"15\", \"qnMain\": \"10\", \"qtyHeld\": \"8\", \"location\": \"AER Workshop\"}]',NULL,2,'2026-03-04 22:50:06',2,'2026-03-04 22:50:24','reversed','NEW PERSON','REMARKS098'),(137,'TI-1772645227489',NULL,21,5,'123456','AER','2026-03-04',9,NULL,'[{\"no\": \"001\", \"qn\": 12, \"baseQn\": 12, \"qnMain\": 12, \"qtyHeld\": \"10\", \"location\": \"FWD SPTA\", \"incDecQty\": \"\", \"baseMaintainedQty\": 12}, {\"no\": \"002\", \"qn\": 18, \"baseQn\": 18, \"qnMain\": 18, \"qtyHeld\": \"8\", \"location\": \"AER Workshop\", \"incDecQty\": \"\", \"baseMaintainedQty\": 18}]',NULL,2,'2026-03-04 22:57:07',2,'2026-03-04 22:57:26','reversed','NEW PERSONNEW PERSON','REMARKS098'),(138,'TI-1773055944174',NULL,NULL,1,'123456','AER','2026-03-09',5,'2026-03-09','[{\"no\": \"001\", \"qn\": 50, \"baseQn\": 35, \"qnMain\": 35, \"qtyHeld\": \"29\", \"location\": \"LOCATION 001\", \"incDecQty\": \"15\", \"baseMaintainedQty\": 35}]',1,4,'2026-03-09 17:02:24',4,'2026-03-09 17:19:48','complete','NEW PERSON','REMARKS098'),(139,'TI-1773113430078',NULL,NULL,2,'123456','AER','2026-03-10',5,'2026-03-10','[{\"no\": \"001\", \"qn\": 50, \"baseQn\": 35, \"qnMain\": 35, \"qtyHeld\": \"27\", \"location\": \"LOCATION 001\", \"incDecQty\": \"15\", \"baseMaintainedQty\": 35}]',2,4,'2026-03-10 09:00:30',4,'2026-03-10 09:00:42','complete','NEW PERSON','REMARKS98'),(140,'TI-1773138945174',21,NULL,1,'123456','OMS','2026-03-10',3,'2026-03-18','[{\"no\": \"R001\", \"qn\": \"30\", \"qnMain\": \"10\", \"qtyHeld\": \"35\", \"location\": \"AER Workshop\"}, {\"no\": \"R002\", \"qn\": \"25\", \"qnMain\": \"15\", \"qtyHeld\": \"10\", \"location\": \"FWD SPTA\"}]',1,4,'2026-03-10 16:05:45',4,'2026-03-18 12:49:47','complete','NEW PERSON','REMARKS12'),(141,'TI-1773773294206',NULL,NULL,2,'123456','AER','2026-03-18',3,NULL,'[{\"no\": \"001\", \"qn\": 52, \"baseQn\": 52, \"qnMain\": 52, \"qtyHeld\": \"27\", \"location\": \"LOCATION 001\", \"incDecQty\": \"\", \"baseMaintainedQty\": 52}]',NULL,4,'2026-03-18 00:18:14',4,'2026-03-18 00:18:59','utilised','NEW PERSON','REMARKS12'),(142,'TI-1773773398463',NULL,NULL,2,'123456','AER','2026-03-18',3,'2026-03-18','[{\"no\": \"001\", \"qn\": 54, \"baseQn\": 52, \"qnMain\": 54, \"qtyHeld\": \"27\", \"location\": \"LOCATION 001\", \"incDecQty\": \"2\", \"baseMaintainedQty\": 52}]',2,4,'2026-03-18 00:19:58',4,'2026-03-18 13:03:21','complete','NEW PERSON','REMARKS12'),(143,'TEMP-1774609816188',22,NULL,1,'123456','AER','2026-03-27',5,NULL,'[{\"no\": \"R001\", \"qn\": 10, \"qtyHeld\": 0}, {\"no\": \"R002\", \"qn\": 10, \"qtyHeld\": 47}]',NULL,1,'2026-03-27 16:40:16',NULL,NULL,'pending','NEW PERSON','REMARKS12'),(144,'TEMP-1774609843440',22,NULL,2,'123456','OMS','2026-03-27',9,NULL,'[{\"no\": \"R001\", \"qn\": 10, \"qtyHeld\": 0}, {\"no\": \"R002\", \"qn\": 10, \"qtyHeld\": 45}]',NULL,1,'2026-03-27 16:40:43',NULL,NULL,'pending','NEW PERSON','REMARKS12'),(145,'TEMP-1774610130919',NULL,8,5,'12345','Control','2026-03-27',12,NULL,'[{\"no\": \"001\", \"qn\": 30, \"qtyHeld\": 92}]',NULL,1,'2026-03-27 16:45:30',NULL,NULL,'pending','Sudipto Dutta','REMARKS26'),(146,'TEMP-1774610225732',NULL,25,1,'12345','AER','2026-03-27',12,NULL,'[{\"no\": \"R12335\", \"qn\": 24, \"qtyHeld\": 16}, {\"no\": \"R658\", \"qn\": 21, \"qtyHeld\": 0}]',NULL,1,'2026-03-27 16:47:05',NULL,NULL,'pending','Sudipto Dutta','REMARKS95'),(147,'TEMP-1774610348892',NULL,2,1,'12345','OMS','2026-03-27',1,NULL,'[{\"no\": \"001\", \"qn\": 20, \"qtyHeld\": 24}, {\"no\": \"002\", \"qn\": 20, \"qtyHeld\": 0}]',NULL,1,'2026-03-27 16:49:08',NULL,NULL,'pending','Sudipto Dutta','REMARKS95'),(148,'TEMP-1774610348899',NULL,2,4,'123456','FER','2026-03-27',9,'2026-04-23','[{\"no\": \"001\", \"qn\": \"20\", \"qnMain\": \"25\", \"qtyHeld\": \"26\", \"location\": \"AER Workshop\"}, {\"no\": \"002\", \"qn\": \"20\", \"qnMain\": \"25\", \"qtyHeld\": \"1\", \"location\": \"FWD SPTA\"}]',2,1,'2026-03-27 16:49:08',4,'2026-04-23 06:47:07','partial','NEW PERSON','REMARKS98'),(149,'TEMP-1774868921692',46,NULL,5,'12345','Control','2026-03-30',5,NULL,'[{\"no\": \"001\", \"qn\": 98, \"qtyHeld\": 40}]',NULL,1,'2026-03-30 16:38:41',NULL,NULL,'pending','Sudipto Dutta','REMARKS98'),(150,'TEMP-1774871145198',NULL,6,4,'123456','AER','2026-03-30',6,NULL,'[{\"no\": \"R001\", \"qn\": 80, \"qtyHeld\": 12, \"prev_qty\": 14, \"withdrawl_qty\": 2}, {\"no\": \"R002\", \"qn\": 60, \"qtyHeld\": 8, \"prev_qty\": 12, \"withdrawl_qty\": 4}, {\"no\": \"R003\", \"qn\": 40, \"qtyHeld\": 13}]',NULL,1,'2026-03-30 17:15:45',NULL,NULL,'pending','NEW PERSON','REMARKS98'),(151,'TEMP-1774873092010',46,NULL,3,'123456','AER','2026-03-30',12,'2026-04-23','[{\"no\": \"001\", \"qn\": 98, \"baseQn\": 92, \"qnMain\": 151, \"qtyHeld\": \"42\", \"location\": \"Reserved Room1\", \"incDecQty\": \"6\", \"maintainedQty\": \"\", \"baseMaintainedQty\": 145}]',1,1,'2026-03-30 17:48:12',4,'2026-04-23 06:47:30','partial','NEW PERSON','REMARKS98'),(152,'TI-1776920505690',46,NULL,1,'12345','AER','2026-04-23',5,NULL,'[{\"no\": \"001\", \"qn\": 98, \"baseQn\": 92, \"qnMain\": 151, \"qtyHeld\": \"41\", \"location\": \"Reserved Room1\", \"incDecQty\": \"6\", \"maintainedQty\": \"\", \"baseMaintainedQty\": 145}]',NULL,4,'2026-04-23 10:31:45',NULL,NULL,'pending','Sudipto Dutta ','REMARKS 01'),(153,'TI-1776921739611',NULL,56,2,'123456','AER','2026-04-23',5,'2026-04-23','[{\"no\": \"988989\", \"qn\": 8, \"baseQn\": 8, \"qnMain\": 8, \"qtyHeld\": \"10\", \"location\": \"RACK-C\", \"incDecQty\": \"\", \"baseMaintainedQty\": 8}]',2,4,'2026-04-23 10:52:19',4,'2026-04-23 11:20:21','complete','NEW PERSON','RDRYTY'),(154,'TI-1776946717496',NULL,8,1,'123456','AER','2026-04-23',2,NULL,'[{\"no\": \"001\", \"qn\": 30, \"baseQn\": 30, \"qnMain\": \"38\", \"qtyHeld\": \"101\", \"location\": \"AER Workshop\", \"incDecQty\": \"\", \"baseMaintainedQty\": 38}]',NULL,4,'2026-04-23 17:48:37',NULL,NULL,'pending','NEW PERSON',NULL);
/*!40000 ALTER TABLE `temporary_issue_local` ENABLE KEYS */;
UNLOCK TABLES;

--
-- Table structure for table `tools`
--

DROP TABLE IF EXISTS `tools`;
/*!40101 SET @saved_cs_client     = @@character_set_client */;
/*!50503 SET character_set_client = utf8mb4 */;
CREATE TABLE `tools` (
  `id` int NOT NULL AUTO_INCREMENT,
  `description` varchar(255) DEFAULT NULL,
  `equipment_system` varchar(255) DEFAULT NULL,
  `denos` varchar(255) DEFAULT NULL,
  `critical_tool` tinyint(1) NOT NULL DEFAULT '0',
  `obs_authorised` varchar(255) DEFAULT NULL,
  `obs_maintained` varchar(255) DEFAULT NULL,
  `obs_authorised_new` int DEFAULT NULL,
  `obs_held` varchar(255) DEFAULT NULL,
  `b_d_authorised` varchar(255) DEFAULT NULL,
  `category` varchar(255) DEFAULT NULL,
  `box_no` text,
  `item_distribution` varchar(255) DEFAULT NULL,
  `storage_location` varchar(255) DEFAULT NULL,
  `item_code` varchar(255) DEFAULT NULL,
  `indian_pattern` varchar(255) DEFAULT NULL,
  `remarks` text,
  `department` int DEFAULT NULL,
  `nac_date` varchar(63) DEFAULT NULL,
  `image` varchar(63) DEFAULT NULL,
  `uid` varchar(15) DEFAULT NULL,
  `oem` varchar(254) DEFAULT NULL,
  `supplier` varchar(255) DEFAULT NULL,
  `old_supplier` json DEFAULT NULL,
  `sub_component` varchar(127) DEFAULT NULL,
  `price_unit` varchar(255) DEFAULT NULL,
  `substitute_name` varchar(127) DEFAULT NULL,
  `local_terminology` varchar(127) DEFAULT NULL,
  `days_untill_return` int DEFAULT '1',
  `images` json DEFAULT NULL,
  `oem_contact_person_id` int DEFAULT NULL,
  `oem_contact_person_details` json DEFAULT NULL,
  `supplier_contact_person_id` int DEFAULT NULL,
  `supplier_contact_person_details` json DEFAULT NULL,
  PRIMARY KEY (`id`),
  KEY `department` (`department`),
  CONSTRAINT `tools_ibfk_1` FOREIGN KEY (`department`) REFERENCES `departments` (`id`) ON DELETE SET NULL ON UPDATE CASCADE
) ENGINE=InnoDB AUTO_INCREMENT=59 DEFAULT CHARSET=utf8mb4 COLLATE=utf8mb4_0900_ai_ci;
/*!40101 SET character_set_client = @saved_cs_client */;

--
-- Dumping data for table `tools`
--

LOCK TABLES `tools` WRITE;
/*!40000 ALTER TABLE `tools` DISABLE KEYS */;
INSERT INTO `tools` VALUES (2,'TORQUE WRENCH','CGT','NOS',0,'45','50',NULL,'27',NULL,'C','[{\"no\":\"001\",\"qn\":\"20\",\"qtyHeld\":\"26\",\"location\":\"AER Workshop\",\"qnMain\":\"25\"},{\"no\":\"002\",\"qn\":\"20\",\"qtyHeld\":\"1\",\"location\":\"FWD SPTA\",\"qnMain\":\"25\"}]',NULL,'AER WORKSHOP',NULL,'EMYGLTDJ',NULL,1,NULL,'null','1768222130089',NULL,NULL,NULL,NULL,NULL,'IN PART001',NULL,12,'[]',NULL,NULL,NULL,NULL),(4,'TORQUE WRENCH','CGT','NOS',0,'30','30',NULL,'30',NULL,'LP','[{\"no\":\"001\",\"qn\":\"10\",\"qtyHeld\":\"30\",\"location\":\"Reserved Room 1\",\"qnMain\":\"30\"},{\"no\":\"002\",\"qn\":\"10\",\"qtyHeld\":\"0\",\"location\":\"AER Workshop\",\"qnMain\":\"0\"},{\"no\":\"003\",\"qn\":\"10\",\"qtyHeld\":\"0\",\"location\":\"FWD SPTA\",\"qnMain\":\"0\"}]',NULL,NULL,NULL,'SAJJJKKYT',NULL,1,NULL,'null','1768633300957',NULL,NULL,NULL,NULL,NULL,' cc','cxc',12,'[]',NULL,NULL,NULL,NULL),(5,'AD HYDRAULIC PUMP','CGT','NOS',1,'75','75',NULL,'15','2','P','[{\"no\":\"R001\",\"qn\":75,\"qtyHeld\":\"15\",\"location\":\"Reserved Room1\",\"qnMain\":75,\"baseQn\":70,\"baseMaintainedQty\":70,\"incDecQty\":\"5\"}]',NULL,NULL,'090088009-07','IN-TELE-STD-001',NULL,1,NULL,'null','1770871365218','xyz','New Supplier','[\"New Supplier\", \"SUDIPTO DUTTA\"]',NULL,NULL,'12233','32222',12,'[\"images_0_1771587242028.webp\", \"images_1_1771587242033.webp\"]',NULL,NULL,NULL,NULL),(6,'TORQUE WRENCH','CGT','NOS',0,'180','10',NULL,'30','VCCX','LP','[{\"no\":\"R001\",\"qn\":80,\"qtyHeld\":12,\"location\":\"AER Workshop\",\"qnMain\":\"10\",\"baseQn\":20,\"baseMaintainedQty\":10,\"incDecQty\":\"60\"},{\"no\":\"R002\",\"qn\":60,\"qtyHeld\":8,\"location\":\"FWD SPTA\",\"qnMain\":\"0\",\"baseQn\":10,\"baseMaintainedQty\":0,\"incDecQty\":\"50\"},{\"no\":\"R003\",\"qn\":40,\"qtyHeld\":10,\"location\":\"Reserved Room1\",\"qnMain\":\"0\",\"baseQn\":10,\"baseMaintainedQty\":0,\"incDecQty\":\"30\"}]',NULL,NULL,'090088009-07','IN-TELE-STD-001',NULL,1,NULL,NULL,'1770872496122',NULL,NULL,NULL,NULL,NULL,'1233','33221',12,'[]',NULL,NULL,NULL,NULL),(7,'THROTTLE COCK UNIT','CGT','NOS BB',0,'31','21',NULL,'22','2','R','[{\"no\":\"R001\",\"qn\":15,\"qtyHeld\":\"13\",\"location\":\"FWD SPTA\",\"qnMain\":10,\"incDecQty\":\"\",\"baseQn\":15,\"baseMaintainedQty\":10},{\"no\":\"R002\",\"qn\":16,\"qtyHeld\":\"9\",\"location\":\"AER Workshop\",\"qnMain\":11,\"incDecQty\":\"1\",\"baseQn\":15,\"baseMaintainedQty\":10}]',NULL,NULL,'090088009-07','IN-TELE-STD-001',NULL,1,NULL,NULL,'1770872619441','NEW OEM','SUDIPTO DUTTA',NULL,NULL,NULL,'456468678478','4564678867',12,'[]',NULL,NULL,NULL,NULL),(8,'HYDRAULIC PUMP MANUAL','BGT','NOS',0,'30','38',NULL,'100','2','C','[{\"no\":\"001\",\"qn\":30,\"qtyHeld\":\"100\",\"location\":\"AER Workshop\",\"baseQn\":30,\"incDecQty\":\"\",\"qnMain\":\"38\",\"baseMaintainedQty\":38}]',NULL,NULL,'090088009-07','IN-TELE-STD-001',NULL,1,NULL,NULL,'1771501374403','BEL India1002','NEW SUPPLIER111',NULL,NULL,NULL,'4694','45997',1,'[]',NULL,NULL,NULL,NULL),(11,'A TOOL','BGT','NOS',1,'106','107',NULL,'58','2','R','[{\"no\":\"001\",\"qn\":106,\"qnMain\":107,\"qtyHeld\":\"58\",\"location\":\"AER Workshop\",\"baseQn\":97,\"baseMaintainedQty\":105,\"incDecQty\":\"2\"}]',NULL,NULL,'090088009-07','IN-TELE-STD-001',NULL,1,NULL,NULL,'1771829351306','xyz','supplier 2026',NULL,'FGTFTMHGK','250','tit7o87p8','9p98p98[',1,'[]',NULL,NULL,NULL,NULL),(17,'YTOOL25689','CGT','NOS',0,'37','37',NULL,'12','2','P','[{\"qnMain\":37,\"qn\":37,\"qtyHeld\":\"12\",\"location\":\"FWD SPTA\",\"no\":\"001\",\"baseQn\":35,\"baseMaintainedQty\":35,\"incDecQty\":\"2\"}]',NULL,NULL,'090088009-07','IN-TELE-STD-001',NULL,1,NULL,NULL,'1771998888591',NULL,NULL,NULL,NULL,NULL,NULL,NULL,1,'[]',NULL,NULL,NULL,NULL),(18,'TOOL 25_2026','BGT','NOS',0,'40','35',NULL,'30','2','P','[{\"no\":\"001\",\"qn\":40,\"qnMain\":35,\"qtyHeld\":\"30\",\"location\":\"AER Workshop\",\"baseQn\":40,\"baseMaintainedQty\":35,\"incDecQty\":\"\"}]',NULL,NULL,'090088009-07','IN-TELE-STD-001',NULL,1,NULL,NULL,'1772011702262',NULL,NULL,NULL,'DDSD','25','15698','5669',1,'[]',NULL,NULL,NULL,NULL),(20,'FAX_SIGNAL','CGT','NOS',0,'27','50',NULL,'12','2','R','[{\"no\":\"001\",\"qn\":15,\"qnMain\":22,\"qtyHeld\":\"8\",\"location\":\"AER Workshop\",\"baseQn\":12,\"baseMaintainedQty\":19,\"incDecQty\":\"3\"},{\"no\":\"002\",\"qn\":12,\"qnMain\":23,\"qtyHeld\":\"4\",\"location\":\"FWD SPTA\",\"baseQn\":10,\"baseMaintainedQty\":21,\"incDecQty\":\"2\"}]',NULL,NULL,'090088009-07','IN-TELE-STD-001',NULL,1,NULL,NULL,'1772107680226','oem 2026','SUDIPTO DUTTA',NULL,'DDSD','256','rerbtryt','tjukiul',1,'[]',NULL,NULL,NULL,NULL),(21,'FAX_TOOL','BGT','NOS',0,'37','32',NULL,'23','2','R','[{\"no\":\"001\",\"qn\":16,\"qnMain\":13,\"qtyHeld\":\"15\",\"location\":\"FWD SPTA\",\"baseQn\":12,\"baseMaintainedQty\":12,\"incDecQty\":\"1\"},{\"no\":\"002\",\"qn\":21,\"qnMain\":19,\"qtyHeld\":\"8\",\"location\":\"AER Workshop\",\"baseQn\":18,\"baseMaintainedQty\":18,\"incDecQty\":\"1\"}]',NULL,NULL,'090088009-07','IN-TELE-STD-001',NULL,1,NULL,NULL,'1772107873780','oem 2026','Suplier 005',NULL,'DDSD','25','8yo878','p9809',1,'[]',NULL,NULL,NULL,NULL),(22,'D787 TOOL YES','HYDRAULIC SYSTEM','NOS',0,'40','45',NULL,'12','2','P','[{\"qn\":20,\"qnMain\":25,\"qtyHeld\":\"8\",\"location\":\"AER Workshop\",\"no\":\"R00125989\",\"incDecQty\":\"1\",\"baseQn\":17,\"baseMaintainedQty\":24},{\"no\":\"R0025478\",\"qn\":20,\"qnMain\":30,\"qtyHeld\":\"4\",\"location\":\"RACK-A\",\"incDecQty\":\"2\",\"baseQn\":18,\"baseMaintainedQty\":28}]',NULL,NULL,'090088009-07','IN-TELE-STD-001',NULL,1,NULL,NULL,'1772160283132','NEW OEM','SUDIPTO DUTTA',NULL,'DDSD','25','vhgfjy','fuytuy',1,'[\"images_1772160283105.webp\"]',NULL,NULL,NULL,NULL),(23,'D787 TOOL NO','ELECTRICAL SYSTEM','NOS',0,'34','50',NULL,'32','VCCX','P','[{\"qn\":34,\"qnMain\":50,\"qtyHeld\":\"32\",\"location\":\"FWD SPTA\",\"no\":\"1256\",\"baseQn\":30,\"baseMaintainedQty\":46,\"incDecQty\":\"4\"}]',NULL,NULL,'090088009-07','HJLJLBBBBBNNMMLL',NULL,1,NULL,NULL,'1772160391714',NULL,NULL,NULL,'DDSD','25','ngfjygjg','ykuyui',1,'[]',NULL,NULL,NULL,NULL),(25,'SEA TANK','ELECTRICAL SYSTEM','NOS',1,'45','45',NULL,'30','2','P','[{\"no\":\"R12335\",\"qn\":24,\"qnMain\":24,\"qtyHeld\":\"17\",\"location\":\"AER Workshop\",\"baseQn\":24,\"baseMaintainedQty\":24,\"incDecQty\":\"\"},{\"no\":\"R658\",\"qn\":21,\"qnMain\":21,\"qtyHeld\":\"13\",\"location\":\"FWD SPTA\",\"baseQn\":21,\"baseMaintainedQty\":21,\"incDecQty\":\"\"}]',NULL,NULL,'090088009-07','EM-867-67564MJOK','ACAWWGG',1,NULL,NULL,'1772273570070','oem 2026','supplier 2026',NULL,'DDSD','235','fdfbntrty','trjy7yi78',1,'[\"images_0_1774066361921.png\"]',NULL,NULL,NULL,NULL),(26,'STOCK NEW','ELECTRICAL SYSTEM','NOS',0,'38','43',NULL,'25','2','P','[{\"no\":\"R0025\",\"qn\":43,\"qnMain\":43,\"qtyHeld\":\"25\",\"location\":\"RACK ABC\",\"baseQn\":38,\"baseMaintainedQty\":38,\"incDecQty\":\"5\"}]',NULL,NULL,'090088009-07','IN-TELE-STD-001',NULL,1,NULL,NULL,'1772278919168','gfng222','xyz',NULL,'DDSD','350',' nyjytk','ykiu9up',1,'[]',NULL,NULL,NULL,NULL),(27,'STOCK D787','BGT','NOS',0,'35','35',NULL,'12','2','P','[{\"no\":\"001\",\"qn\":35,\"qnMain\":35,\"qtyHeld\":\"12\",\"location\":\"FWD SPTA\",\"baseQn\":35,\"baseMaintainedQty\":35,\"incDecQty\":\"\"}]',NULL,NULL,'090088009-07','EMYGLTDJ',NULL,1,NULL,NULL,'1772279043420','xyz223','Test Oem',NULL,'DDSD','35',' cbgf','fjtyi',1,'[]',NULL,NULL,NULL,NULL),(30,'TOOL 100','HYDRAULIC SYSTEM','NOS',1,'100','100',NULL,'100','51','P','[{\"no\":\"100\",\"qn\":\"100\",\"qnMain\":\"100\",\"qtyHeld\":\"100\",\"location\":\"RACK ABC\"}]',NULL,NULL,'5665J56','IN-TELE-STD-001',NULL,1,NULL,NULL,'1772699056594',NULL,NULL,NULL,'RHTRH','580','svsg','efewgt',1,'[]',NULL,NULL,NULL,NULL),(38,'RATCHET','CGT','PKTS',0,'80','130',NULL,'60','65','P','[{\"no\":\"457\",\"baseQn\":80,\"baseMaintainedQty\":130,\"incDecQty\":\"\",\"qn\":80,\"qnMain\":130,\"qtyHeld\":\"60\",\"location\":\"RACK-A\"}]',NULL,NULL,'RHTRHTR','HJLJLBBBBBNNMMLL',NULL,1,NULL,NULL,'1774065908441','NEW OEM','New Supplier',NULL,'DDSD','250','AFERU7I','5U6576I7',1,'[]',NULL,NULL,NULL,NULL),(39,'THERMOSTAT','ELECTRICAL SYSTEM','NOS',0,'89','92',NULL,'12','89','P','[{\"qn\":\"89\",\"no\":\"4879\",\"location\":\"AER Workshop\",\"qnMain\":\"92\",\"qtyHeld\":\"12\"}]',NULL,NULL,'090088009-07','EM-867-67564MJOK',NULL,1,NULL,NULL,'1774066350320','NEW OEM','Supplier 2025',NULL,NULL,NULL,'3QFY65U','U65U76I76I',1,'[]',NULL,NULL,NULL,NULL),(40,'SEA WATER PUMP','HYDRAULIC SYSTEM','DSHTJ',0,'37','95',NULL,'30','YOUYO','P','[{\"incDecQty\":\"5\",\"baseQn\":32,\"baseMaintainedQty\":100,\"qn\":37,\"no\":\"02536\",\"qnMain\":105,\"qtyHeld\":\"30\",\"location\":\"RACK-B\"}]',NULL,NULL,'UUYUY','GYTUY',NULL,1,NULL,NULL,'1774359315314','BEL INDIA 2','Suplier 005',NULL,'YIYUYOUYO','IYIYUI','UTYYT','IYIYUI',1,'[]',NULL,NULL,NULL,NULL),(56,'A DSGRY','ELECTRICAL SYSTEM','LTRS',0,'8','8',NULL,'10','YRYTY','P','[{\"incDecQty\":\"\",\"baseQn\":8,\"baseMaintainedQty\":8,\"no\":\"988989\",\"location\":\"RACK-C\",\"qn\":8,\"qnMain\":8,\"qtyHeld\":\"10\"}]',NULL,NULL,'OUYOIU','TYUTYIYT','HFGJYUYT47\\87;',1,NULL,NULL,'1775182935690','BEL India1002','New Supplier',NULL,'UTUTYUYT','248','IYUIUYI,BGJHK','UIUOUIO,HKJK',1,'[\"images_0_1777167651642.jpg\", \"images_1_1777167651648.jpg\"]',NULL,NULL,NULL,NULL),(57,'A ZTOOLZ','CGT','BOX',0,'10','10',NULL,'10',NULL,'P','[{\"incDecQty\":\"\",\"baseQn\":10,\"baseMaintainedQty\":10,\"no\":\"012356\",\"location\":\"AER Workshop\",\"qn\":10,\"qnMain\":10,\"qtyHeld\":\"10\"}]',NULL,NULL,NULL,'ZGRTRU',NULL,1,NULL,NULL,'1775183610322','BEL INDIA 2','Suplier 005',NULL,'BFHGFJ','3666','TUYTIYI','VNJHGK',1,'[]',NULL,NULL,NULL,NULL),(58,'HJGFHJV','CGT','NOS',0,'-6','-6',NULL,'-6',NULL,'P','[{\"no\":\"56789\",\"qn\":\"-6\",\"qnMain\":\"-6\",\"qtyHeld\":\"-6\",\"location\":\"Reserved Room1\"}]',NULL,NULL,NULL,NULL,NULL,1,NULL,NULL,'1777119585092',NULL,NULL,NULL,NULL,NULL,NULL,NULL,1,'[]',NULL,NULL,NULL,NULL);
/*!40000 ALTER TABLE `tools` ENABLE KEYS */;
UNLOCK TABLES;

--
-- Table structure for table `ty_loan`
--

DROP TABLE IF EXISTS `ty_loan`;
/*!40101 SET @saved_cs_client     = @@character_set_client */;
/*!50503 SET character_set_client = utf8mb4 */;
CREATE TABLE `ty_loan` (
  `id` int NOT NULL AUTO_INCREMENT,
  `transaction_id` varchar(25) NOT NULL,
  `spare_id` int DEFAULT NULL,
  `tool_id` int DEFAULT NULL,
  `qty_withdrawn` int NOT NULL,
  `service_no` varchar(100) NOT NULL,
  `concurred_by` varchar(150) NOT NULL,
  `issue_date` date NOT NULL,
  `loan_duration` int DEFAULT NULL,
  `return_date` date DEFAULT NULL,
  `box_no` json NOT NULL,
  `qty_received` int DEFAULT NULL,
  `created_by` int NOT NULL,
  `created_at` datetime DEFAULT CURRENT_TIMESTAMP,
  `approved_by` int DEFAULT NULL,
  `approved_at` datetime DEFAULT NULL,
  `status` varchar(10) DEFAULT 'pending',
  `unit_name` varchar(150) DEFAULT NULL,
  `individual_name` varchar(150) DEFAULT NULL,
  `phone` varchar(20) DEFAULT NULL,
  `designation` varchar(150) DEFAULT NULL,
  `remarks` varchar(255) DEFAULT NULL,
  PRIMARY KEY (`id`),
  KEY `fk_ty_loan_spare` (`spare_id`),
  KEY `fk_ty_loan_tool` (`tool_id`),
  KEY `fk_ty_loan_created_by` (`created_by`),
  KEY `fk_ty_loan_approved_by` (`approved_by`),
  CONSTRAINT `fk_ty_loan_approved_by` FOREIGN KEY (`approved_by`) REFERENCES `users` (`id`) ON DELETE SET NULL ON UPDATE CASCADE,
  CONSTRAINT `fk_ty_loan_created_by` FOREIGN KEY (`created_by`) REFERENCES `users` (`id`) ON DELETE RESTRICT ON UPDATE CASCADE,
  CONSTRAINT `fk_ty_loan_spare` FOREIGN KEY (`spare_id`) REFERENCES `spares` (`id`) ON DELETE SET NULL ON UPDATE CASCADE,
  CONSTRAINT `fk_ty_loan_tool` FOREIGN KEY (`tool_id`) REFERENCES `tools` (`id`) ON DELETE SET NULL ON UPDATE CASCADE
) ENGINE=InnoDB AUTO_INCREMENT=100 DEFAULT CHARSET=utf8mb4 COLLATE=utf8mb4_0900_ai_ci;
/*!40101 SET character_set_client = @saved_cs_client */;

--
-- Dumping data for table `ty_loan`
--

LOCK TABLES `ty_loan` WRITE;
/*!40000 ALTER TABLE `ty_loan` DISABLE KEYS */;
INSERT INTO `ty_loan` VALUES (1,'TY-1770286028236',23,NULL,10,'12345','AEO (AFT)','2026-02-05',20,'2026-02-05','[{\"no\": \"R001\", \"qn\": \"25\", \"qtyHeld\": \"16\", \"location\": \"RACK-A\"}, {\"no\": \"R002\", \"qn\": \"25\", \"qtyHeld\": \"14\", \"location\": \"FWD SPTA\"}]',5,2,'2026-02-05 15:37:08',2,'2026-02-05 16:12:14','complete','NEW NAME',NULL,NULL,NULL,NULL),(2,'TY-1770289297966',NULL,2,10,'12345','AEO (FWD)','2026-02-05',35,'2026-02-05','[{\"no\": \"001\", \"qn\": \"20\", \"qtyHeld\": \"23\", \"location\": \"AER Workshop\"}, {\"no\": \"002\", \"qn\": \"20\", \"qtyHeld\": \"10\", \"location\": \"FWD SPTA\"}]',10,2,'2026-02-05 16:31:37',2,'2026-02-05 16:32:57','complete','UNIT NAME 001',NULL,NULL,NULL,NULL),(3,'TY-1770289619617',NULL,2,10,'12345','AEO (AFT)','2026-02-05',10,'2026-02-06','[{\"no\": \"001\", \"qn\": \"20\", \"qtyHeld\": \"21\", \"location\": \"AER Workshop\"}, {\"no\": \"002\", \"qn\": \"20\", \"qtyHeld\": \"7\", \"location\": \"FWD SPTA\"}]',10,2,'2026-02-05 16:36:59',2,'2026-02-06 08:54:07','complete','UNIT',NULL,NULL,NULL,NULL),(4,'TY-1770289985581',22,NULL,5,'12345','AEO (FWD)','2026-02-05',20,'2026-02-06','[{\"no\": \"R001\", \"qn\": \"25\", \"qtyHeld\": \"23\", \"location\": \"FWD SPTA\"}, {\"no\": \"R002\", \"qn\": \"25\", \"qtyHeld\": \"22\", \"location\": \"AER Workshop\"}]',5,2,'2026-02-05 16:43:05',2,'2026-02-06 08:53:57','complete','UNIT NAME 002',NULL,NULL,NULL,NULL),(5,'TY-1770315447920',NULL,NULL,10,'12345','new option 111','2026-02-05',20,'2026-02-05','[{\"no\": \"R001\", \"qn\": \"10\", \"qtyHeld\": \"16\", \"location\": \"FWD SPTA\"}, {\"no\": \"R01\", \"qn\": \"20\", \"qtyHeld\": \"7\", \"location\": \"FWD SPTA\"}]',5,2,'2026-02-05 23:47:27',2,'2026-02-05 23:50:20','complete','UNIT',NULL,NULL,NULL,NULL),(6,'TY-1770315557758',NULL,2,10,'12345','AEO (AFT)','2026-02-05',30,'2026-02-05','[{\"no\": \"001\", \"qn\": \"20\", \"qtyHeld\": \"16\", \"location\": \"AER Workshop\"}, {\"no\": \"002\", \"qn\": \"20\", \"qtyHeld\": \"2\", \"location\": \"FWD SPTA\"}]',5,2,'2026-02-05 23:49:17',2,'2026-02-05 23:51:04','complete','UNIT',NULL,NULL,NULL,NULL),(7,'TY-1770348367497',NULL,2,13,'12345','AEO (AFT)','2026-02-06',10,'2026-02-06','[{\"no\": \"001\", \"qn\": \"20\", \"qtyHeld\": \"15\", \"location\": \"AER Workshop\"}, {\"no\": \"002\", \"qn\": \"20\", \"qtyHeld\": \"10\", \"location\": \"FWD SPTA\"}]',10,2,'2026-02-06 08:56:07',2,'2026-02-06 08:57:41','complete','UNIT',NULL,NULL,NULL,NULL),(8,'TY-1770348898395',NULL,2,10,'12345','AEO (OMS)','2026-02-06',30,'2026-02-06','[{\"no\": \"001\", \"qn\": \"20\", \"qtyHeld\": \"16\", \"location\": \"AER Workshop\"}, {\"no\": \"002\", \"qn\": \"20\", \"qtyHeld\": \"9\", \"location\": \"FWD SPTA\"}]',10,2,'2026-02-06 09:04:58',2,'2026-02-06 09:07:58','complete',NULL,NULL,NULL,NULL,NULL),(9,'TY-1770349137744',NULL,2,15,'12345','AEO (AFT)','2026-02-06',25,'2026-02-06','[{\"no\": \"001\", \"qn\": \"20\", \"qtyHeld\": \"15\", \"location\": \"AER Workshop\"}, {\"no\": \"002\", \"qn\": \"20\", \"qtyHeld\": \"10\", \"location\": \"FWD SPTA\"}]',15,2,'2026-02-06 09:08:57',2,'2026-02-06 09:10:05','complete','UNIT',NULL,NULL,NULL,NULL),(10,'TY-1770349274214',NULL,2,10,'12345','AEO (OMS)','2026-02-06',30,'2026-02-06','[{\"no\": \"001\", \"qn\": \"20\", \"qtyHeld\": \"24\", \"location\": \"AER Workshop\"}, {\"no\": \"002\", \"qn\": \"20\", \"qtyHeld\": \"5\", \"location\": \"FWD SPTA\"}]',14,2,'2026-02-06 09:11:14',2,'2026-02-06 09:22:52','complete',NULL,NULL,NULL,NULL,NULL),(11,'TY-1770350205039',NULL,2,5,'12345','AEO (AFT)','2026-02-06',12,'2026-02-06','[{\"no\": \"001\", \"qn\": \"20\", \"qtyHeld\": \"24\", \"location\": \"AER Workshop\"}, {\"no\": \"002\", \"qn\": \"20\", \"qtyHeld\": \"5\", \"location\": \"FWD SPTA\"}]',5,2,'2026-02-06 09:26:45',2,'2026-02-06 09:27:32','complete','UNIT',NULL,NULL,NULL,NULL),(12,'TY-1770350800064',NULL,2,5,'12345','AEO (OMS)','2026-02-06',30,'2026-02-06','[{\"no\": \"001\", \"qn\": \"20\", \"qtyHeld\": \"27\", \"location\": \"AER Workshop\"}, {\"no\": \"002\", \"qn\": \"20\", \"qtyHeld\": \"5\", \"location\": \"FWD SPTA\"}]',8,2,'2026-02-06 09:36:40',2,'2026-02-06 09:37:31','complete','UNIT',NULL,NULL,NULL,NULL),(13,'TY-1770351652710',NULL,NULL,10,'12345','new2','2026-02-06',10,'2026-02-06','[{\"no\": \"R001\", \"qn\": \"10\", \"qtyHeld\": \"15\", \"location\": \"FWD SPTA\"}, {\"no\": \"R01\", \"qn\": \"20\", \"qtyHeld\": \"8\", \"location\": \"FWD SPTA\"}]',10,2,'2026-02-06 09:50:52',2,'2026-02-06 09:52:21','complete',NULL,NULL,NULL,NULL,NULL),(14,'TY-1770354836081',NULL,NULL,5,'12','AEO (AFT)','2026-02-06',30,'2026-02-06','[{\"no\": \"R001\", \"qn\": \"10\", \"qtyHeld\": \"15\", \"location\": \"FWD SPTA\"}, {\"no\": \"R01\", \"qn\": \"20\", \"qtyHeld\": \"8\", \"location\": \"FWD SPTA\"}]',5,2,'2026-02-06 10:43:56',2,'2026-02-06 10:44:47','complete','UNIT',NULL,NULL,NULL,NULL),(15,'TY-1770370783376',2,NULL,8,'12','AEO (OMS)','2026-02-06',30,'2026-02-06','[{\"no\": \"Rabc01\", \"qn\": \"20\", \"qtyHeld\": \"28\", \"location\": \"new location 2026\"}, {\"no\": \"R0123\", \"qn\": \"23\", \"qtyHeld\": \"20\", \"location\": \"RACK-C\"}, {\"no\": \"R004\", \"qn\": \"2\", \"qtyHeld\": \"8\", \"location\": \"RACK-B\"}]',8,2,'2026-02-06 15:09:43',2,'2026-02-06 15:10:34','complete','UNIT',NULL,NULL,NULL,NULL),(16,'TY-1770370963141',2,NULL,6,'12','AEO (OMS)','2026-02-06',24,'2026-02-07','[{\"no\": \"Rabc01\", \"qn\": \"20\", \"qtyHeld\": \"31\", \"location\": \"new location 2026\"}, {\"no\": \"R0123\", \"qn\": \"23\", \"qtyHeld\": \"18\", \"location\": \"RACK-C\"}, {\"no\": \"R004\", \"qn\": \"2\", \"qtyHeld\": \"8\", \"location\": \"RACK-B\"}]',6,2,'2026-02-06 15:12:43',2,'2026-02-07 17:23:27','complete','UNIT',NULL,NULL,NULL,NULL),(17,'TY-1770464911375',23,NULL,1,'12','AEO (OMS)','2026-02-07',12,'2026-02-07','[{\"no\": \"R001\", \"qn\": \"25\", \"qtyHeld\": \"26\", \"location\": \"RACK-A\"}, {\"no\": \"R002\", \"qn\": \"25\", \"qtyHeld\": \"14\", \"location\": \"FWD SPTA\"}]',1,2,'2026-02-07 17:18:31',2,'2026-02-07 17:23:45','complete','UNIT',NULL,NULL,NULL,NULL),(18,'TY-1770471163791',NULL,2,5,'12','AEO (AFT)','2026-02-07',25,'2026-02-07','[{\"no\": \"001\", \"qn\": \"20\", \"qtyHeld\": \"32\", \"location\": \"AER Workshop\"}, {\"no\": \"002\", \"qn\": \"20\", \"qtyHeld\": \"5\", \"location\": \"FWD SPTA\"}]',5,2,'2026-02-07 19:02:43',2,'2026-02-07 19:03:49','complete',NULL,NULL,NULL,NULL,NULL),(19,'TY-1770471262583',NULL,NULL,8,'12','AEO (FWD)','2026-02-07',25,'2026-02-07','[{\"no\": \"R001\", \"qn\": \"10\", \"qtyHeld\": \"19\", \"location\": \"FWD SPTA\"}, {\"no\": \"R01\", \"qn\": \"20\", \"qtyHeld\": \"4\", \"location\": \"FWD SPTA\"}]',8,2,'2026-02-07 19:04:22',2,'2026-02-07 19:04:47','complete','UNIT',NULL,NULL,NULL,NULL),(20,'TY-1770611576833',NULL,2,10,'12','AEO (OMS)','2026-02-09',25,'2026-02-09','[{\"no\": \"001\", \"qn\": \"20\", \"qtyHeld\": \"30\", \"location\": \"AER Workshop\"}, {\"no\": \"002\", \"qn\": \"20\", \"qtyHeld\": \"0\", \"location\": \"FWD SPTA\"}]',10,2,'2026-02-09 10:02:56',2,'2026-02-09 10:19:25','complete',NULL,NULL,NULL,NULL,NULL),(21,'TY-1770715942561',NULL,2,4,'12','AEO (OMS)','2026-02-10',23,'2026-02-13','[{\"no\": \"001\", \"qn\": \"20\", \"qtyHeld\": \"27\", \"location\": \"AER Workshop\"}, {\"no\": \"002\", \"qn\": \"20\", \"qtyHeld\": \"0\", \"location\": \"FWD SPTA\"}]',4,2,'2026-02-10 15:02:22',2,'2026-02-13 14:12:02','complete','UNIT',NULL,NULL,NULL,NULL),(22,'TY-1770810748799',21,NULL,10,'12','SEO','2026-02-11',12,'2026-02-22','[{\"no\": \"R001\", \"qn\": \"30\", \"qtyHeld\": \"17\", \"location\": \"AER Workshop\"}, {\"no\": \"R002\", \"qn\": \"25\", \"qtyHeld\": \"10\", \"location\": \"FWD SPTA\"}]',7,2,'2026-02-11 17:22:28',2,'2026-02-22 00:00:41','partial','UNIT',NULL,'92235897',NULL,NULL),(23,'TY-1770811823462',NULL,NULL,10,'12','AEO (FWD)','2026-02-11',12,'2026-02-11','[{\"no\": \"R001\", \"qn\": \"10\", \"qtyHeld\": \"22\", \"location\": \"FWD SPTA\"}, {\"no\": \"R01\", \"qn\": \"20\", \"qtyHeld\": \"0\", \"location\": \"FWD SPTA\"}]',10,2,'2026-02-11 17:40:23',2,'2026-02-11 17:41:24','complete','UNIT',NULL,NULL,NULL,NULL),(25,'TY-1770836681724',NULL,2,10,'12345','AEO (FWD)','2026-02-12',20,'2026-02-12','[{\"no\": \"001\", \"qn\": \"20\", \"qtyHeld\": \"35\", \"location\": \"AER Workshop\"}, {\"no\": \"002\", \"qn\": \"20\", \"qtyHeld\": \"0\", \"location\": \"FWD SPTA\"}]',10,2,'2026-02-12 00:34:41',2,'2026-02-12 00:35:32','complete','UNIT',NULL,NULL,NULL,NULL),(26,'TY-1770885806472',23,NULL,10,'12','AEO (FWD)','2026-02-02',8,'2026-02-14','[{\"no\": \"R001\", \"qn\": \"30\", \"qtyHeld\": \"27\", \"location\": \"Reserved Room1\"}, {\"no\": \"R002\", \"qn\": \"30\", \"qtyHeld\": \"15\", \"location\": \"FWD SPTA\"}]',7,2,'2026-02-12 14:13:26',2,'2026-02-14 08:47:28','partial','UNIT',NULL,NULL,NULL,NULL),(27,'TY-1770971934412',NULL,2,10,'12','SEO','2026-02-09',1,'2026-02-13','[{\"no\": \"001\", \"qn\": \"20\", \"qtyHeld\": \"37\", \"location\": \"AER Workshop\"}, {\"no\": \"002\", \"qn\": \"20\", \"qtyHeld\": \"0\", \"location\": \"FWD SPTA\"}]',10,2,'2026-02-13 14:08:54',2,'2026-02-13 15:59:51','complete','UNIT',NULL,NULL,NULL,NULL),(28,'TY-1770972778206',NULL,5,5,'12','AEO (FWD)','2026-02-13',NULL,'2026-02-13','[{\"no\": \"R001\", \"qn\": \"40\", \"qtyHeld\": \"19\", \"location\": \"Reserved Room1\"}]',5,2,'2026-02-13 14:22:58',2,'2026-02-13 15:30:53','complete','UNIT',NULL,NULL,NULL,NULL),(29,'TY-1770985836994',NULL,6,10,'12','AEO (OMS)','2026-02-04',10,'2026-02-13','[{\"no\": \"R001\", \"qn\": \"20\", \"qtyHeld\": \"15\", \"location\": \"AER Workshop\"}, {\"no\": \"R002\", \"qn\": \"10\", \"qtyHeld\": \"12\", \"location\": \"FWD SPTA\"}, {\"no\": \"R003\", \"qn\": \"10\", \"qtyHeld\": \"13\", \"location\": \"Reserved Room1\"}]',5,2,'2026-02-13 18:00:37',2,'2026-02-13 18:05:13','partial','UNIT',NULL,NULL,NULL,NULL),(30,'TY-1770988131498',NULL,5,5,'12','AEO (FWD)','2026-02-13',5,'2026-02-13','[{\"no\": \"R001\", \"qn\": \"40\", \"qtyHeld\": \"19\", \"location\": \"Reserved Room1\"}]',5,2,'2026-02-13 18:38:51',2,'2026-02-13 18:39:23','complete','UNIT',NULL,NULL,NULL,NULL),(31,'TY-1771124974675',23,NULL,14,'12','AEO (FWD)','2026-02-15',15,NULL,'[{\"no\": \"R001\", \"qn\": 40, \"baseQn\": 30, \"qtyHeld\": \"18\", \"location\": \"Reserved Room1\", \"incDecQty\": \"10\"}, {\"no\": \"R002\", \"qn\": \"30\", \"baseQn\": 30, \"qtyHeld\": \"10\", \"location\": \"FWD SPTA\", \"incDecQty\": \"\"}]',NULL,2,'2026-02-15 08:39:34',NULL,NULL,'pending',NULL,NULL,NULL,NULL,NULL),(32,'TY-1771813336755',46,NULL,10,'12345','AEO (OMS)','2026-02-23',12,NULL,'[{\"no\": \"001\", \"qn\": \"30\", \"qnMain\": \"25\", \"qtyHeld\": \"15\", \"location\": \"Reserved Room1\"}]',NULL,2,'2026-02-23 07:52:16',NULL,NULL,'pending','UNIT26958',NULL,NULL,NULL,NULL),(33,'TY-1771820774050',46,NULL,5,'12','AEO (OMS)','2026-02-23',12,NULL,'[{\"no\": \"001\", \"qn\": \"30\", \"qnMain\": \"25\", \"qtyHeld\": \"10\", \"location\": \"Reserved Room1\"}]',NULL,2,'2026-02-23 09:56:14',NULL,NULL,'pending','UNIT5698',NULL,NULL,NULL,NULL),(34,'TY-1771863835500',NULL,11,12,'12','AEO (OMS)','2026-02-23',5,NULL,'[{\"no\": \"001\", \"qn\": 35, \"baseQn\": 30, \"qnMain\": \"25\", \"qtyHeld\": \"3\", \"location\": \"RACK-A\", \"incDecQty\": \"5\", \"baseMaintainedQty\": 25}]',NULL,2,'2026-02-23 21:53:55',NULL,NULL,'pending','UNIT2695','SUDIPTO',NULL,NULL,NULL),(35,'TY-1771865267296',NULL,11,2,'12','AEO (OMS)','2026-02-23',12,NULL,'[{\"no\": \"001\", \"qn\": 35, \"baseQn\": 30, \"qnMain\": \"25\", \"qtyHeld\": \"1\", \"location\": \"RACK-A\", \"incDecQty\": \"5\", \"baseMaintainedQty\": 25}]',NULL,2,'2026-02-23 22:17:47',NULL,NULL,'pending','UNIT5678','SUDIPTO',NULL,NULL,NULL),(36,'TY-1772005613334',NULL,2,10,'12','AEO (OMS)','2026-02-25',5,'2026-03-01','[{\"no\": \"001\", \"qn\": \"20\", \"qnMain\": \"25\", \"qtyHeld\": \"27\", \"location\": \"AER Workshop\"}, {\"no\": \"002\", \"qn\": \"20\", \"qnMain\": \"25\", \"qtyHeld\": \"1\", \"location\": \"FWD SPTA\"}]',1,2,'2026-02-25 13:16:53',4,'2026-03-01 12:54:28','partial','UNIT266','SUDIPTO',NULL,NULL,NULL),(37,'TY-1772013428015',NULL,NULL,6,'12','new2','2026-02-25',12,NULL,'[{\"no\": \"001\", \"qn\": \"15\", \"qnMain\": \"20\", \"qtyHeld\": \"0\", \"location\": \"FWD SPTA\"}, {\"no\": \"002\", \"qn\": \"15\", \"qnMain\": \"10\", \"qtyHeld\": \"6\", \"location\": \"Reserved Room1\"}]',NULL,2,'2026-02-25 15:27:08',NULL,NULL,'pending','UNIT358','SUDIPTO',NULL,NULL,NULL),(38,'TY-1772013505804',NULL,NULL,6,'12','AEO (FWD)','2026-02-25',5,NULL,'[{\"no\": \"001\", \"qn\": \"15\", \"qnMain\": \"20\", \"qtyHeld\": \"0\", \"location\": \"FWD SPTA\"}, {\"no\": \"002\", \"qn\": \"15\", \"qnMain\": \"10\", \"qtyHeld\": \"0\", \"location\": \"Reserved Room1\"}]',NULL,2,'2026-02-25 15:28:25',NULL,NULL,'pending','UNIT1566','SUDIPTO',NULL,NULL,NULL),(39,'TY-1772077349230',54,NULL,5,'12','AEO (OMS)','2026-02-26',5,'2026-03-17','[{\"no\": \"R152\", \"qn\": 35, \"baseQn\": 31, \"qnMain\": 21, \"qtyHeld\": \"10\", \"location\": \"RACK ABC\", \"incDecQty\": \"4\", \"baseMaintainedQty\": 21}]',5,2,'2026-02-26 09:12:29',4,'2026-03-17 23:57:58','complete','UNIT56446','SUDIPTO','85999',NULL,NULL),(40,'TY-1772083686026',23,NULL,5,'12','AEO (OMS)','2026-02-26',5,NULL,'[{\"no\": \"R001\", \"qn\": 30, \"baseQn\": 30, \"qnMain\": \"28\", \"qtyHeld\": \"0\", \"location\": \"Reserved Room1\", \"incDecQty\": \"\", \"baseMaintainedQty\": 33}, {\"no\": \"R002\", \"qn\": 22, \"baseQn\": 22, \"qnMain\": 18, \"qtyHeld\": \"5\", \"location\": \"FWD SPTA\", \"incDecQty\": \"\", \"baseMaintainedQty\": 18}]',NULL,2,'2026-02-26 10:58:06',NULL,NULL,'pending','UNIT',NULL,NULL,NULL,NULL),(41,'TY-1772083965063',NULL,5,5,'123456','AEO (OMS)','2026-02-26',5,'2026-03-01','[{\"no\": \"R001\", \"qn\": \"40\", \"baseQn\": 30, \"qnMain\": 25, \"qtyHeld\": \"19\", \"location\": \"Reserved Room1\", \"incDecQty\": \"\", \"baseMaintainedQty\": 25}]',1,2,'2026-02-26 11:02:45',4,'2026-03-01 10:53:43','partial','UNIT',NULL,NULL,NULL,NULL),(42,'TY-1772084708234',46,NULL,5,'123456','AEO (AFT)','2026-02-26',5,'2026-03-01','[{\"no\": \"001\", \"qn\": 89, \"baseQn\": 87, \"qnMain\": 94, \"qtyHeld\": \"36\", \"location\": \"Reserved Room1\", \"incDecQty\": \"2\", \"maintainedQty\": \"\", \"baseMaintainedQty\": 92}]',3,2,'2026-02-26 11:15:08',2,'2026-03-04 11:31:48','reversed','UNIT',NULL,NULL,NULL,NULL),(43,'TY-1772449135862',NULL,25,5,'123456','AEO (OMS)','2026-03-02',5,NULL,'[{\"no\": \"R12335\", \"qn\": 24, \"baseQn\": 24, \"qnMain\": 24, \"qtyHeld\": \"17\", \"location\": \"AER Workshop\", \"incDecQty\": \"\", \"baseMaintainedQty\": 24}, {\"no\": \"R658\", \"qn\": 21, \"baseQn\": 21, \"qnMain\": 21, \"qtyHeld\": \"13\", \"location\": \"FWD SPTA\", \"incDecQty\": \"\", \"baseMaintainedQty\": 21}]',NULL,2,'2026-03-02 16:28:55',NULL,NULL,'pending','UNIT',NULL,NULL,NULL,NULL),(44,'TY-1772449229370',NULL,5,5,'123456','AEO (OMS)','2026-03-02',5,'2026-03-02','[{\"no\": \"R001\", \"qn\": \"40\", \"baseQn\": 30, \"qnMain\": 25, \"qtyHeld\": \"19\", \"location\": \"Reserved Room1\", \"incDecQty\": \"\", \"baseMaintainedQty\": 25}]',5,2,'2026-03-02 16:30:29',2,'2026-03-02 16:31:42','complete','UNIT',NULL,NULL,NULL,NULL),(45,'TY-1772449704873',NULL,22,2,'123456','new','2026-03-02',5,'2026-03-02','[{\"no\": \"R00125989\", \"qn\": \"6\", \"qnMain\": \"15\", \"qtyHeld\": \"7\", \"location\": \"AER Workshop\"}, {\"no\": \"R0025478\", \"qn\": \"6\", \"qnMain\": \"15\", \"qtyHeld\": \"5\", \"location\": \"RACK-A\"}]',2,2,'2026-03-02 16:38:24',2,'2026-03-02 16:39:47','complete','UNIT',NULL,NULL,NULL,NULL),(46,'TY-1772451838733',61,NULL,2,'123456','AEO (OMS)','2026-03-02',5,'2026-03-02','[{\"no\": \"R200\", \"qn\": 20, \"baseQn\": 17, \"qnMain\": 20, \"qtyHeld\": \"10\", \"location\": \"FWD SPTA\", \"incDecQty\": \"3\", \"baseMaintainedQty\": 17}, {\"no\": \"R255\", \"qn\": 22, \"baseQn\": 18, \"qnMain\": 22, \"qtyHeld\": \"15\", \"location\": \"AER Workshop\", \"incDecQty\": \"4\", \"baseMaintainedQty\": 18}]',2,2,'2026-03-02 17:13:58',2,'2026-03-02 17:15:04','complete','UNIT',NULL,NULL,NULL,NULL),(47,'TY-1772452544206',NULL,5,1,'123456','AEO (OMS)','2026-03-02',5,'2026-03-18','[{\"no\": \"R001\", \"qn\": 28, \"baseQn\": 28, \"qnMain\": 23, \"qtyHeld\": \"15\", \"location\": \"Reserved Room1\", \"incDecQty\": \"\", \"baseMaintainedQty\": 23}]',1,2,'2026-03-02 17:25:44',4,'2026-03-18 12:51:03','complete','UNIT',NULL,NULL,NULL,NULL),(48,'TY-1772453658227',NULL,NULL,5,'123456','AEO (FWD)','2026-03-02',5,NULL,'[{\"no\": \"001\", \"qn\": 50, \"baseQn\": 35, \"qnMain\": 35, \"qtyHeld\": \"14\", \"location\": \"turex\", \"incDecQty\": \"15\", \"baseMaintainedQty\": 35}]',NULL,2,'2026-03-02 17:44:18',2,'2026-03-04 11:33:04','reversed','UNIT',NULL,NULL,NULL,NULL),(49,'TY-1772453749630',NULL,NULL,5,'123456','AEO (FWD)','2026-03-02',5,NULL,'[{\"no\": \"001\", \"qn\": 50, \"baseQn\": 35, \"qnMain\": 35, \"qtyHeld\": \"9\", \"location\": \"turex\", \"incDecQty\": \"15\", \"baseMaintainedQty\": 35}]',NULL,2,'2026-03-02 17:45:49',2,'2026-03-04 11:15:09','reversed','UNIT',NULL,NULL,NULL,NULL),(50,'TY-1772453815606',NULL,NULL,5,'123456','AEO (FWD)','2026-03-02',5,'2026-03-17','[{\"no\": \"001\", \"qn\": 52, \"baseQn\": 52, \"qnMain\": 52, \"qtyHeld\": \"29\", \"location\": \"LOCATION 001\", \"incDecQty\": \"\", \"baseMaintainedQty\": 52}]',5,2,'2026-03-02 17:46:55',4,'2026-03-17 23:58:46','complete','UNIT',NULL,NULL,NULL,NULL),(51,'TY-1772455359465',NULL,23,5,'123456','AEO (AFT)','2026-03-02',5,'2026-03-02','[{\"no\": \"1256\", \"qn\": 35, \"baseQn\": 35, \"qnMain\": 35, \"qtyHeld\": \"33\", \"location\": \"FWD SPTA\", \"incDecQty\": \"\", \"baseMaintainedQty\": 35}]',3,2,'2026-03-02 18:12:39',2,'2026-03-04 10:42:10','reversed','UNIT',NULL,NULL,NULL,NULL),(52,'TY-1772455471093',NULL,11,2,'123456','AEO (AFT)','2026-03-02',5,'2026-03-02','[{\"no\": \"001\", \"qn\": \"80\", \"baseQn\": 85, \"qnMain\": 80, \"qtyHeld\": \"62\", \"location\": \"AER Workshop\", \"incDecQty\": \"\", \"baseMaintainedQty\": 80}]',2,2,'2026-03-02 18:14:31',2,'2026-03-02 18:16:06','complete','UNIT',NULL,NULL,NULL,NULL),(53,'TY-1772456124480',NULL,11,5,'123456','AEO (FWD)','2026-03-02',3,'2026-03-02','[{\"no\": \"001\", \"qn\": \"80\", \"baseQn\": 85, \"qnMain\": 80, \"qtyHeld\": \"62\", \"location\": \"AER Workshop\", \"incDecQty\": \"\", \"baseMaintainedQty\": 80}]',5,2,'2026-03-02 18:25:24',2,'2026-03-02 18:45:16','complete','UNIT868',NULL,NULL,NULL,NULL),(54,'TY-1772457172394',NULL,21,2,'123456','AEO (FWD)','2026-03-02',5,'2026-03-02','[{\"no\": \"001\", \"qn\": 12, \"baseQn\": 12, \"qnMain\": 12, \"qtyHeld\": \"12\", \"location\": \"FWD SPTA\", \"incDecQty\": \"\", \"baseMaintainedQty\": 12}, {\"no\": \"002\", \"qn\": 18, \"baseQn\": 18, \"qnMain\": 18, \"qtyHeld\": \"8\", \"location\": \"AER Workshop\", \"incDecQty\": \"\", \"baseMaintainedQty\": 18}]',2,2,'2026-03-02 18:42:52',2,'2026-03-02 18:44:16','complete','UNIT8698',NULL,NULL,NULL,NULL),(55,'TY-1772459588535',46,NULL,5,'123456','AEO (OMS)','2026-03-02',5,'2026-03-02','[{\"no\": \"001\", \"qn\": 89, \"baseQn\": 87, \"qnMain\": 94, \"qtyHeld\": \"36\", \"location\": \"Reserved Room1\", \"incDecQty\": \"2\", \"maintainedQty\": \"\", \"baseMaintainedQty\": 92}]',3,2,'2026-03-02 19:23:08',2,'2026-03-04 11:31:09','reversed','UNIT',NULL,NULL,NULL,NULL),(56,'TY-1772459728023',22,NULL,3,'123456','SEO','2026-03-02',5,'2026-03-02','[{\"no\": \"R001\", \"qn\": 10, \"baseQn\": 10, \"qnMain\": \"15\", \"qtyHeld\": \"32\", \"location\": \"FWD SPTA\", \"incDecQty\": \"\", \"baseMaintainedQty\": -5}, {\"no\": \"R002\", \"qn\": 10, \"baseQn\": 10, \"qnMain\": \"10\", \"qtyHeld\": \"50\", \"location\": \"AER Workshop\", \"incDecQty\": \"\", \"baseMaintainedQty\": 0}]',3,2,'2026-03-02 19:25:28',2,'2026-03-02 19:26:08','complete','UNIT456',NULL,NULL,NULL,NULL),(57,'TY-1772600171044',NULL,NULL,1,'123456','AEO (AFT)','2026-03-04',3,NULL,'[{\"no\": \"001\", \"qn\": 50, \"baseQn\": 35, \"qnMain\": 35, \"qtyHeld\": \"21\", \"location\": \"turex\", \"incDecQty\": \"15\", \"baseMaintainedQty\": 35}]',NULL,2,'2026-03-04 10:26:11',2,'2026-03-04 10:31:04','reversed','UNIT',NULL,NULL,NULL,NULL),(58,'TY-1772600981640',46,NULL,1,'123456','AEO (FWD)','2026-03-04',5,NULL,'[{\"no\": \"001\", \"qn\": 89, \"baseQn\": 87, \"qnMain\": 94, \"qtyHeld\": \"37\", \"location\": \"Reserved Room1\", \"incDecQty\": \"2\", \"maintainedQty\": \"\", \"baseMaintainedQty\": 92}]',NULL,2,'2026-03-04 10:39:41',2,'2026-03-04 10:40:14','reversed','UNIT',NULL,NULL,NULL,NULL),(59,'TY-1772634406062',NULL,22,1,'12345','AEO (AFT)','2026-03-04',5,NULL,'[{\"no\": \"R00125989\", \"qn\": \"6\", \"qnMain\": \"15\", \"qtyHeld\": \"7\", \"location\": \"AER Workshop\"}, {\"no\": \"R0025478\", \"qn\": \"6\", \"qnMain\": \"15\", \"qtyHeld\": \"4\", \"location\": \"RACK-A\"}]',NULL,2,'2026-03-04 19:56:46',2,'2026-03-04 19:57:04','reversed','UNIT',NULL,NULL,NULL,NULL),(60,'TY-1772645543390',23,NULL,2,'123456','SEO','2026-03-04',5,NULL,'[{\"no\": \"R001\", \"qn\": \"32\", \"baseQn\": 34, \"qnMain\": 40, \"qtyHeld\": \"9\", \"location\": \"Reserved Room1\", \"incDecQty\": \"3\", \"baseMaintainedQty\": 37}, {\"no\": \"R002\", \"qn\": 28, \"baseQn\": 26, \"qnMain\": \"14\", \"qtyHeld\": \"8\", \"location\": \"FWD SPTA\", \"incDecQty\": \"2\", \"baseMaintainedQty\": 22}]',NULL,2,'2026-03-04 23:02:23',2,'2026-03-04 23:02:46','reversed','UNIT',NULL,NULL,NULL,NULL),(61,'TY-1773054354433',NULL,NULL,1,'123456','SEO','2026-03-09',5,'2026-03-16','[{\"no\": \"001\", \"qn\": 52, \"baseQn\": 52, \"qnMain\": 52, \"qtyHeld\": \"27\", \"location\": \"LOCATION 001\", \"incDecQty\": \"\", \"baseMaintainedQty\": 52}]',1,4,'2026-03-09 16:35:54',4,'2026-03-16 09:38:28','complete','UNIT005','NEW PERSON',NULL,NULL,NULL),(62,'TY-1773054410076',NULL,NULL,1,'123456','SEO','2026-03-09',5,'2026-03-09','[{\"no\": \"001\", \"qn\": 50, \"baseQn\": 35, \"qnMain\": 35, \"qtyHeld\": \"28\", \"location\": \"LOCATION 001\", \"incDecQty\": \"15\", \"baseMaintainedQty\": 35}]',1,4,'2026-03-09 16:36:50',4,'2026-03-09 17:09:25','complete','UNIT009','NEW PERSON',NULL,NULL,NULL),(63,'TY-1773054502317',NULL,11,1,'123456','SEO','2026-03-09',12,'2026-03-09','[{\"no\": \"001\", \"qn\": \"85\", \"baseQn\": 85, \"qnMain\": 80, \"qtyHeld\": \"62\", \"location\": \"AER Workshop\", \"incDecQty\": \"\", \"baseMaintainedQty\": 80}]',1,4,'2026-03-09 16:38:22',4,'2026-03-09 16:39:17','complete','UNIT','NEW PERSON',NULL,NULL,NULL),(64,'TY-1773055869827',NULL,11,10,'123456','AEO (AFT)','2026-03-09',5,'2026-03-09','[{\"no\": \"001\", \"qn\": \"85\", \"baseQn\": 85, \"qnMain\": 80, \"qtyHeld\": \"62\", \"location\": \"AER Workshop\", \"incDecQty\": \"\", \"baseMaintainedQty\": 80}]',10,4,'2026-03-09 17:01:09',4,'2026-03-09 17:09:11','complete','UNIT','NEW PERSON',NULL,NULL,NULL),(65,'TY-1773055965311',NULL,NULL,1,'123456','AEO (AFT)','2026-03-09',5,'2026-03-09','[{\"no\": \"001\", \"qn\": 50, \"baseQn\": 35, \"qnMain\": 35, \"qtyHeld\": \"27\", \"location\": \"LOCATION 001\", \"incDecQty\": \"15\", \"baseMaintainedQty\": 35}]',1,4,'2026-03-09 17:02:45',4,'2026-03-09 17:04:15','complete','UNIT','NEW PERSON',NULL,NULL,NULL),(66,'TY-1773055986337',NULL,11,1,'123456','AEO (FWD)','2026-03-09',12,'2026-03-09','[{\"no\": \"001\", \"qn\": \"85\", \"baseQn\": 85, \"qnMain\": 80, \"qtyHeld\": \"54\", \"location\": \"AER Workshop\", \"incDecQty\": \"\", \"baseMaintainedQty\": 80}]',1,4,'2026-03-09 17:03:06',4,'2026-03-09 17:03:34','complete','UNIT','NEW PERSON',NULL,NULL,NULL),(67,'TY-1773056237097',46,NULL,1,'12345','AEO (FWD)','2026-03-09',5,'2026-03-09','[{\"no\": \"001\", \"qn\": 89, \"baseQn\": 87, \"qnMain\": 94, \"qtyHeld\": \"43\", \"location\": \"Reserved Room1\", \"incDecQty\": \"2\", \"maintainedQty\": \"\", \"baseMaintainedQty\": 92}]',1,4,'2026-03-09 17:07:17',4,'2026-03-09 17:08:02','complete','UNIT 2025','Sudipto Dutta ',NULL,NULL,NULL),(68,'TY-1773056582871',NULL,11,1,'12345','AEO (AFT)','2026-03-09',3,'2026-03-09','[{\"no\": \"001\", \"qn\": \"85\", \"baseQn\": 85, \"qnMain\": 80, \"qtyHeld\": \"62\", \"location\": \"AER Workshop\", \"incDecQty\": \"\", \"baseMaintainedQty\": 80}]',1,4,'2026-03-09 17:13:02',4,'2026-03-09 17:13:22','complete','UNIT 996','Sudipto Dutta ','569886',NULL,NULL),(69,'TY-1773056974399',NULL,21,1,'123456','AEO (AFT)','2026-03-09',2,'2026-03-09','[{\"no\": \"001\", \"qn\": 12, \"baseQn\": 12, \"qnMain\": 12, \"qtyHeld\": \"15\", \"location\": \"FWD SPTA\", \"incDecQty\": \"\", \"baseMaintainedQty\": 12}, {\"no\": \"002\", \"qn\": 18, \"baseQn\": 18, \"qnMain\": 18, \"qtyHeld\": \"8\", \"location\": \"AER Workshop\", \"incDecQty\": \"\", \"baseMaintainedQty\": 18}]',1,4,'2026-03-09 17:19:34',4,'2026-03-09 17:20:21','complete',NULL,'NEW PERSON','8979879',NULL,NULL),(70,'TY-1773058359874',46,NULL,5,'123456','AEO (FWD)','2026-03-09',25,'2026-03-09','[{\"no\": \"001\", \"qn\": 89, \"baseQn\": 87, \"qnMain\": 94, \"qtyHeld\": \"43\", \"location\": \"Reserved Room1\", \"incDecQty\": \"2\", \"maintainedQty\": \"\", \"baseMaintainedQty\": 92}]',5,4,'2026-03-09 17:42:39',4,'2026-03-09 17:43:00','complete','UNITERSKU7TI','NEW PERSON','5654689',NULL,NULL),(71,'TY-1773058741513',NULL,NULL,1,'12345','AEO (OMS)','2026-03-09',5,'2026-03-09','[{\"no\": \"001\", \"qn\": 50, \"baseQn\": 35, \"qnMain\": 35, \"qtyHeld\": \"29\", \"location\": \"LOCATION 001\", \"incDecQty\": \"15\", \"baseMaintainedQty\": 35}]',1,4,'2026-03-09 17:49:01',4,'2026-03-09 17:50:33','complete','UNIT68589','Sudipto Dutta ','5468623',NULL,NULL),(72,'TY-1773061103379',NULL,NULL,1,'123456','AEO (AFT)','2026-03-09',5,'2026-03-09','[{\"no\": \"001\", \"qn\": 50, \"baseQn\": 35, \"qnMain\": 35, \"qtyHeld\": \"29\", \"location\": \"LOCATION 001\", \"incDecQty\": \"15\", \"baseMaintainedQty\": 35}]',1,4,'2026-03-09 18:28:23',4,'2026-03-09 18:28:36','complete','UNIT78689','NEW PERSON','6876821',NULL,NULL),(73,'TY-1773061148458',46,NULL,1,'123456','AEO (AFT)','2026-03-09',5,'2026-03-09','[{\"no\": \"001\", \"qn\": 89, \"baseQn\": 87, \"qnMain\": 94, \"qtyHeld\": \"43\", \"location\": \"Reserved Room1\", \"incDecQty\": \"2\", \"maintainedQty\": \"\", \"baseMaintainedQty\": 92}]',1,4,'2026-03-09 18:29:08',4,'2026-03-09 18:29:24','complete','UNIT868','NEW PERSON','7678923',NULL,NULL),(74,'TY-1773061303304',NULL,NULL,1,'12345','AEO (AFT)','2026-03-09',5,'2026-03-09','[{\"no\": \"001\", \"qn\": 50, \"baseQn\": 35, \"qnMain\": 35, \"qtyHeld\": \"29\", \"location\": \"LOCATION 001\", \"incDecQty\": \"15\", \"baseMaintainedQty\": 35}]',1,4,'2026-03-09 18:31:43',4,'2026-03-09 18:31:53','complete','UNIT5686','Sudipto Dutta ','678923',NULL,NULL),(75,'TY-1773062402212',46,NULL,1,'123456','AEO (OMS)','2026-03-09',5,'2026-03-09','[{\"no\": \"001\", \"qn\": 89, \"baseQn\": 87, \"qnMain\": 94, \"qtyHeld\": \"43\", \"location\": \"Reserved Room1\", \"incDecQty\": \"2\", \"maintainedQty\": \"\", \"baseMaintainedQty\": 92}]',1,4,'2026-03-09 18:50:02',4,'2026-03-09 18:50:32','complete','UNIT1233456','NEW PERSON','8768723',NULL,NULL),(76,'TY-1773063204912',NULL,NULL,1,'123456','AEO (OMS)','2026-03-09',3,'2026-03-09','[{\"no\": \"001\", \"qn\": 50, \"baseQn\": 35, \"qnMain\": 35, \"qtyHeld\": \"29\", \"location\": \"LOCATION 001\", \"incDecQty\": \"15\", \"baseMaintainedQty\": 35}]',1,4,'2026-03-09 19:03:24',4,'2026-03-09 19:03:35','complete','UNIT1235698','NEW PERSON','8898532','mhh',NULL),(77,'TY-1773109386373',NULL,NULL,1,'123456','AEO (OMS)','2026-03-10',3,'2026-03-10','[{\"no\": \"001\", \"qn\": 50, \"baseQn\": 35, \"qnMain\": 35, \"qtyHeld\": \"29\", \"location\": \"LOCATION 001\", \"incDecQty\": \"15\", \"baseMaintainedQty\": 35}]',1,4,'2026-03-10 07:53:06',4,'2026-03-10 07:53:51','complete','DGR','NEW PERSON','989789',NULL,NULL),(78,'TY-1773109413200',54,NULL,1,'123456','AEO (OMS)','2026-03-10',3,'2026-03-10','[{\"no\": \"R152\", \"qn\": \"35\", \"baseQn\": 67, \"qnMain\": \"57\", \"qtyHeld\": \"12\", \"location\": \"RACK ABC\", \"incDecQty\": \"5\", \"baseMaintainedQty\": 57}]',1,4,'2026-03-10 07:53:33',4,'2026-03-10 07:53:45','complete','VCGHJ','NEW PERSON','99886636',NULL,NULL),(79,'TY-1773110018818',23,NULL,1,'12345','AEO (OMS)','2026-03-10',5,'2026-03-10','[{\"no\": \"R001\", \"qn\": \"32\", \"baseQn\": 34, \"qnMain\": 40, \"qtyHeld\": \"9\", \"location\": \"Reserved Room1\", \"incDecQty\": \"3\", \"baseMaintainedQty\": 37}, {\"no\": \"R002\", \"qn\": 28, \"baseQn\": 26, \"qnMain\": \"14\", \"qtyHeld\": \"12\", \"location\": \"FWD SPTA\", \"incDecQty\": \"2\", \"baseMaintainedQty\": 22}]',1,4,'2026-03-10 08:03:38',4,'2026-03-10 08:03:51','complete','UNITERSKU7TI','Sudipto Dutta ',NULL,NULL,NULL),(80,'TY-1773110137519',NULL,NULL,1,'12345','AEO (OMS)','2026-03-10',3,'2026-03-10','[{\"no\": \"001\", \"qn\": 50, \"baseQn\": 35, \"qnMain\": 35, \"qtyHeld\": \"29\", \"location\": \"LOCATION 001\", \"incDecQty\": \"15\", \"baseMaintainedQty\": 35}]',1,4,'2026-03-10 08:05:37',4,'2026-03-10 08:05:47','complete','VCGHJ','Sudipto Dutta ','07449550732','ABC',NULL),(81,'TY-1773110229790',46,NULL,1,'12345','SEO','2026-03-10',3,'2026-03-10','[{\"no\": \"001\", \"qn\": 89, \"baseQn\": 87, \"qnMain\": 94, \"qtyHeld\": \"43\", \"location\": \"Reserved Room1\", \"incDecQty\": \"2\", \"maintainedQty\": \"\", \"baseMaintainedQty\": 92}]',1,4,'2026-03-10 08:07:09',4,'2026-03-10 08:07:19','complete','YTRETY','Sudipto Dutta ','07449550732','ABC',NULL),(82,'TY-1773147771822',NULL,NULL,1,'123456','AEO (AFT)','2026-03-10',5,NULL,'[{\"no\": \"001\", \"qn\": 50, \"baseQn\": 35, \"qnMain\": 35, \"qtyHeld\": \"25\", \"location\": \"LOCATION 001\", \"incDecQty\": \"15\", \"baseMaintainedQty\": 35}]',NULL,4,'2026-03-10 18:32:51',4,'2026-03-10 18:34:57','reversed','VCGHJ','NEW PERSON','07449550732','ABC',NULL),(83,'TY-1773772225169',NULL,11,1,'123456','AEO (AFT)','2026-03-18',5,'2026-03-18','[{\"no\": \"001\", \"qn\": \"85\", \"baseQn\": 85, \"qnMain\": 80, \"qtyHeld\": \"62\", \"location\": \"AER Workshop\", \"incDecQty\": \"\", \"baseMaintainedQty\": 80}]',1,4,'2026-03-18 00:00:25',4,'2026-03-18 00:00:36','complete','DGR','NEW PERSON','07449550732','ABC',NULL),(84,'TY-1773772384866',NULL,11,1,'123456','AEO (OMS)','2026-03-18',3,'2026-03-18','[{\"no\": \"001\", \"qn\": \"85\", \"baseQn\": 85, \"qnMain\": 80, \"qtyHeld\": \"62\", \"location\": \"AER Workshop\", \"incDecQty\": \"\", \"baseMaintainedQty\": 80}]',1,4,'2026-03-18 00:03:04',4,'2026-03-18 00:04:39','complete','VCGHJ','NEW PERSON','07449550732','ABC',NULL),(85,'TY-1773772543494',NULL,NULL,2,'123456','AEO (AFT)','2026-03-18',32,'2026-03-18','[{\"no\": \"001\", \"qn\": 52, \"baseQn\": 52, \"qnMain\": 52, \"qtyHeld\": \"29\", \"location\": \"LOCATION 001\", \"incDecQty\": \"\", \"baseMaintainedQty\": 52}]',2,4,'2026-03-18 00:05:43',4,'2026-03-18 00:06:57','complete','DGR','NEW PERSON','07449550732','ABC',NULL),(86,'TY1774609867747',22,NULL,1,'12345','AEO (OMS)','2026-03-27',6,NULL,'[{\"no\": \"R001\", \"qn\": 10, \"qtyHeld\": 0}, {\"no\": \"R002\", \"qn\": 10, \"qtyHeld\": 44}]',NULL,1,'2026-03-27 16:41:09',NULL,NULL,'pending','sgsu','Sudipto Dutta','07449550732','ABC',NULL),(87,'TY1774609894830',22,NULL,5,'123456','AEO (AFT)','2026-03-27',9,NULL,'[{\"no\": \"R001\", \"qn\": 10, \"qtyHeld\": 0}, {\"no\": \"R002\", \"qn\": 10, \"qtyHeld\": 39}]',NULL,1,'2026-03-27 16:41:38',NULL,NULL,'pending','trwywu','NEW PERSON','07449550732','ABC',NULL),(88,'TY1774610157872',NULL,8,3,'12345','AEO (FWD)','2026-03-27',3,NULL,'[{\"no\": \"001\", \"qn\": 30, \"qtyHeld\": 89}]',NULL,1,'2026-03-27 16:45:59',NULL,NULL,'pending','13qwrw6','Sudipto Dutta','07449550732','ABC',NULL),(89,'TY1774610255091',NULL,25,2,'123456','AEO (OMS)','2026-03-25',9,NULL,'[{\"no\": \"R12335\", \"qn\": 24, \"qtyHeld\": 14}, {\"no\": \"R658\", \"qn\": 21, \"qtyHeld\": 0}]',NULL,1,'2026-03-27 16:47:36',NULL,NULL,'pending','heiei','NEW PERSON','07449550732','ABC',NULL),(90,'TY1774610389463',NULL,2,1,'12345','SEO','2026-03-18',8,NULL,'[{\"no\": \"001\", \"qn\": 20, \"qtyHeld\": 20}, {\"no\": \"002\", \"qn\": 20, \"qtyHeld\": 0}]',NULL,1,'2026-03-27 16:50:25',NULL,NULL,'pending','ehwi','Sudipto Dutta','07449550732','ABC','REMARKS012'),(91,'TY1774610424022',NULL,2,2,'123456','AEO (FWD)','2026-03-22',2,NULL,'[{\"no\": \"001\", \"qn\": 20, \"qtyHeld\": 19}, {\"no\": \"002\", \"qn\": 20, \"qtyHeld\": 0}]',NULL,1,'2026-03-27 16:50:25',NULL,NULL,'pending','fwdhdj','NEW PERSON','07449550732','ABC','REMARKS012'),(92,'TY1774611896271',6,NULL,1,'12345','EO','2026-03-18',7,NULL,'[{\"no\": \"001\", \"qn\": 5, \"qtyHeld\": 5}, {\"no\": \"002\", \"qn\": 5, \"qtyHeld\": 4}]',NULL,1,'2026-03-27 17:15:32',NULL,NULL,'pending','gei7789','Sudipto Dutta','07449550732','ABC','REMARKS012'),(93,'TY1774611926999',6,NULL,1,'123456','AEO (FWD)','2026-03-27',4,NULL,'[{\"no\": \"001\", \"qn\": 5, \"qtyHeld\": 5}, {\"no\": \"002\", \"qn\": 5, \"qtyHeld\": 4}]',NULL,1,'2026-03-27 17:15:32',NULL,NULL,'pending','shsusi','NEW PERSON','07449550732','ABC','REMARKS012'),(94,'TY1774868302904',46,NULL,1,'12','AEO (OMS)','2026-03-30',5,NULL,'[{\"no\": \"001\", \"qn\": 98, \"qtyHeld\": 44}]',NULL,1,'2026-03-30 16:28:26',NULL,NULL,'pending','unitegg','Sudipto Dutta 3333','07449550732','ABC','REMARKS012'),(95,'TY1774869907099',46,NULL,1,'12','AEO (OMS)','2026-03-30',5,NULL,'[{\"no\": \"001\", \"qn\": 98, \"qtyHeld\": 44, \"prev_qty\": 45, \"withdrawl_qty\": 1}]',NULL,1,'2026-03-30 16:55:10',NULL,NULL,'pending','rio ','Sudipto Dutta 3333','07449550732','ABC','REMARKS012'),(96,'TY1774871201780',NULL,6,3,'12345','AEO (OMS)','2026-03-30',9,NULL,'[{\"no\": \"R001\", \"qn\": 80, \"qtyHeld\": 12, \"prev_qty\": 14, \"withdrawl_qty\": 2}, {\"no\": \"R002\", \"qn\": 60, \"qtyHeld\": 8, \"prev_qty\": 12, \"withdrawl_qty\": 4}, {\"no\": \"R003\", \"qn\": 40, \"qtyHeld\": 10, \"prev_qty\": 13, \"withdrawl_qty\": 3}]',NULL,1,'2026-03-30 17:16:45',NULL,NULL,'pending','unit 30th march','Sudipto Dutta','07449550732','ABC','REMARKS012'),(97,'TY-1776922445905',46,NULL,1,'12345','AEO (AFT)','2026-04-23',3,'2026-04-23','[{\"no\": \"001\", \"qn\": 98, \"baseQn\": 92, \"qnMain\": 151, \"qtyHeld\": \"41\", \"location\": \"Reserved Room1\", \"incDecQty\": \"6\", \"maintainedQty\": \"\", \"baseMaintainedQty\": 145}]',1,4,'2026-04-23 11:04:05',4,'2026-04-23 11:33:47','complete','DGR001','Sudipto Dutta ','07449550732','ABC','REMARKS99'),(98,'TY-1776922506077',NULL,11,4,'123456','AEO (OMS)','2026-04-23',3,NULL,'[{\"no\": \"001\", \"qn\": 106, \"baseQn\": 97, \"qnMain\": 107, \"qtyHeld\": \"58\", \"location\": \"AER Workshop\", \"incDecQty\": \"2\", \"baseMaintainedQty\": 105}]',NULL,4,'2026-04-23 11:05:06',NULL,NULL,'pending','UNIT 2025','NEW PERSON','07449550732','ABC','REMARKS012'),(99,'TY-1776946830211',NULL,8,1,'12345','SEO','2026-04-23',1,NULL,'[{\"no\": \"001\", \"qn\": 30, \"baseQn\": 30, \"qnMain\": \"38\", \"qtyHeld\": \"100\", \"location\": \"AER Workshop\", \"incDecQty\": \"\", \"baseMaintainedQty\": 38}]',NULL,4,'2026-04-23 17:50:30',NULL,NULL,'pending','UNIT 23_04','Sudipto Dutta ','07449550732','ABC',NULL);
/*!40000 ALTER TABLE `ty_loan` ENABLE KEYS */;
UNLOCK TABLES;

--
-- Table structure for table `usb_devices`
--

DROP TABLE IF EXISTS `usb_devices`;
/*!40101 SET @saved_cs_client     = @@character_set_client */;
/*!50503 SET character_set_client = utf8mb4 */;
CREATE TABLE `usb_devices` (
  `id` int NOT NULL AUTO_INCREMENT,
  `uid` varchar(50) NOT NULL,
  `name` varchar(100) DEFAULT NULL,
  `status` tinyint DEFAULT '1',
  `last_sync` datetime DEFAULT NULL,
  PRIMARY KEY (`id`)
) ENGINE=InnoDB AUTO_INCREMENT=3 DEFAULT CHARSET=utf8mb4 COLLATE=utf8mb4_0900_ai_ci;
/*!40101 SET character_set_client = @saved_cs_client */;

--
-- Dumping data for table `usb_devices`
--

LOCK TABLES `usb_devices` WRITE;
/*!40000 ALTER TABLE `usb_devices` DISABLE KEYS */;
INSERT INTO `usb_devices` VALUES (1,'ZN5225N42S','MOTO G57',1,'2026-04-02 19:03:00'),(2,'ZD2229SGLC','',1,'2026-04-01 18:26:51');
/*!40000 ALTER TABLE `usb_devices` ENABLE KEYS */;
UNLOCK TABLES;

--
-- Table structure for table `users`
--

DROP TABLE IF EXISTS `users`;
/*!40101 SET @saved_cs_client     = @@character_set_client */;
/*!50503 SET character_set_client = utf8mb4 */;
CREATE TABLE `users` (
  `id` int NOT NULL AUTO_INCREMENT,
  `username` varchar(50) NOT NULL,
  `name` varchar(100) NOT NULL,
  `department` varchar(100) DEFAULT NULL,
  `role` varchar(50) DEFAULT 'user',
  `password` varchar(255) NOT NULL,
  `status` tinyint DEFAULT '1',
  `sync_status` int DEFAULT '0',
  PRIMARY KEY (`id`),
  UNIQUE KEY `username` (`username`)
) ENGINE=InnoDB AUTO_INCREMENT=13 DEFAULT CHARSET=utf8mb4 COLLATE=utf8mb4_0900_ai_ci;
/*!40101 SET character_set_client = @saved_cs_client */;

--
-- Dumping data for table `users`
--

LOCK TABLES `users` WRITE;
/*!40000 ALTER TABLE `users` DISABLE KEYS */;
INSERT INTO `users` VALUES (1,'sougata','Sougata Talukdar','Engineering','superadmin','$2b$10$CMTuTnRoxlTdw/2jlHXUy.inkteXXONFLF7UOxAFjuIvpS/wOspVi',1,0),(2,'oic','Avijit Paul','Engineering','officer','$2b$10$OVvna6WLWYR/jaCRYuLb9eKwAEPmmrEtTRILW9A2ngQj9kjPHWStO',0,0),(4,'sudipto','Sudipto Dutta ','Engineering','officer','$2b$10$5Hl8QYW5huOClOCN75V17OPdUo7feEQdnY0mbVIJpOV.sHFlf8hrO',1,0),(10,'storekeeper','ADMIN','Engineering','admin','$2b$10$WoM9fbz/V5NYG9UlJxdzwOb.0b2Nlfbiu1I8OpePsY99/5.7auJnO',1,0),(11,'readonly','read only','Engineering','user','$2b$10$sKldxWf7okLs.g3ReKqtnu4NAtD7p5IaruiYyb4RvTIlCnaEOzo/a',1,0);
/*!40000 ALTER TABLE `users` ENABLE KEYS */;
UNLOCK TABLES;
/*!40103 SET TIME_ZONE=@OLD_TIME_ZONE */;

/*!40101 SET SQL_MODE=@OLD_SQL_MODE */;
/*!40014 SET FOREIGN_KEY_CHECKS=@OLD_FOREIGN_KEY_CHECKS */;
/*!40014 SET UNIQUE_CHECKS=@OLD_UNIQUE_CHECKS */;
/*!40101 SET CHARACTER_SET_CLIENT=@OLD_CHARACTER_SET_CLIENT */;
/*!40101 SET CHARACTER_SET_RESULTS=@OLD_CHARACTER_SET_RESULTS */;
/*!40101 SET COLLATION_CONNECTION=@OLD_COLLATION_CONNECTION */;
/*!40111 SET SQL_NOTES=@OLD_SQL_NOTES */;

-- Dump completed on 2026-05-03  9:39:56
